date,on,1w,2w,1m,3m,6m,9m,1y
20260202,1.365,1.485,1.509,1.55,1.5889,1.6069,1.6137,1.6248
20260130,1.328,1.58,1.598,1.551,1.589,1.609,1.617,1.628
20260129,1.368,1.572,1.591,1.552,1.591,1.608,1.618,1.629
20260128,1.366,1.527,1.596,1.5546,1.5947,1.6099,1.6189,1.6337
20260127,1.371,1.564,1.599,1.5556,1.5968,1.6094,1.624,1.637
20260126,1.42,1.543,1.599,1.5558,1.5978,1.6135,1.6269,1.639
20260123,1.396,1.491,1.577,1.5577,1.598,1.615,1.629,1.6441
20260122,1.413,1.497,1.59,1.557,1.598,1.616,1.6327,1.6458
20260121,1.322,1.488,1.597,1.559,1.6,1.62,1.637,1.648
20260120,1.374,1.483,1.582,1.56,1.6,1.62,1.638,1.649
20260119,1.318,1.467,1.501,1.557,1.6,1.62,1.639,1.649
20260116,1.325,1.47,1.496,1.558,1.6,1.62,1.64,1.65
20260115,1.374,1.485,1.555,1.5596,1.6,1.62,1.639,1.649
20260114,1.39,1.55,1.567,1.56,1.6,1.62,1.64,1.65
20260113,1.391,1.523,1.534,1.559,1.6,1.62,1.639,1.649
20260112,1.316,1.473,1.489,1.556,1.598,1.62,1.637,1.648
20260109,1.272,1.461,1.487,1.557,1.595,1.618,1.635,1.646
20260108,1.27,1.462,1.482,1.559,1.595,1.619,1.636,1.648
20260107,1.266,1.45,1.453,1.564,1.597,1.619,1.637,1.649
20260106,1.263,1.422,1.465,1.569,1.596,1.618,1.637,1.648
20260105,1.264,1.423,1.457,1.574,1.596,1.617,1.637,1.648
20260104,1.258,1.428,1.518,1.579,1.598,1.624,1.639,1.649
20251231,1.327,1.956,1.951,1.588,1.6,1.629,1.64,1.65
20251230,1.247,1.589,1.869,1.585,1.6,1.63,1.64,1.65
20251229,1.248,1.558,1.65,1.584,1.6,1.63,1.64,1.65
20251226,1.258,1.448,1.596,1.584,1.6,1.628,1.64,1.65
20251225,1.262,1.4,1.595,1.584,1.6,1.627,1.64,1.65
20251224,1.267,1.385,1.599,1.579,1.6,1.629,1.64,1.65
20251223,1.272,1.399,1.577,1.567,1.6,1.63,1.64,1.65
20251222,1.272,1.417,1.616,1.559,1.601,1.629,1.64,1.65
20251219,1.2733,1.4311,1.6078,1.5544,1.6022,1.6311,1.6411,1.6511
20251218,1.273,1.426,1.582,1.55,1.603,1.633,1.643,1.653
20251217,1.275,1.428,1.471,1.541,1.601,1.632,1.643,1.653
20251216,1.276,1.429,1.51,1.537,1.595,1.629,1.643,1.653
20251215,1.274,1.432,1.511,1.533,1.591,1.625,1.642,1.652
20251212,1.279,1.451,1.509,1.525,1.585,1.624,1.641,1.651
20251211,1.283,1.432,1.5,1.524,1.584,1.623,1.641,1.651
20251210,1.298,1.439,1.5,1.523,1.582,1.624,1.64,1.65
20251209,1.303,1.431,1.51,1.523,1.581,1.623,1.641,1.65
20251208,1.302,1.426,1.517,1.521,1.58,1.62,1.641,1.65
20251205,1.301,1.416,1.508,1.52,1.58,1.62,1.64,1.65
20251204,1.302,1.424,1.479,1.52,1.58,1.62,1.64,1.65
20251203,1.301,1.426,1.465,1.52,1.58,1.62,1.64,1.65
20251202,1.302,1.434,1.465,1.519,1.58,1.62,1.64,1.65
20251201,1.307,1.454,1.477,1.519,1.58,1.62,1.64,1.65
20251128,1.301,1.437,1.529,1.52,1.58,1.62,1.64,1.65
20251127,1.314,1.425,1.508,1.52,1.58,1.62,1.64,1.65
20251126,1.316,1.453,1.507,1.519,1.579,1.62,1.639,1.65
20251125,1.316,1.433,1.54,1.52,1.58,1.62,1.639,1.65
20251124,1.316,1.447,1.542,1.52,1.58,1.62,1.64,1.65
20251121,1.32,1.417,1.522,1.519,1.578,1.62,1.64,1.65
20251120,1.364,1.46,1.546,1.518,1.579,1.62,1.639,1.65
20251119,1.42,1.487,1.568,1.52,1.58,1.62,1.64,1.65
20251118,1.525,1.518,1.55,1.52,1.58,1.62,1.64,1.65
20251117,1.508,1.514,1.55,1.52,1.58,1.62,1.64,1.65
20251114,1.363,1.468,1.509,1.518,1.58,1.62,1.64,1.65
20251113,1.315,1.474,1.5,1.518,1.58,1.62,1.64,1.65
20251112,1.415,1.474,1.5,1.523,1.58,1.619,1.639,1.649
20251111,1.508,1.501,1.518,1.525,1.58,1.618,1.639,1.65
20251110,1.479,1.478,1.492,1.525,1.58,1.6185,1.639,1.65
20251107,1.327,1.422,1.47,1.526,1.584,1.62,1.639,1.65
20251106,1.313,1.421,1.454,1.534,1.5875,1.624,1.6415,1.6525
20251105,1.315,1.423,1.461,1.5415,1.589,1.6255,1.645,1.655
20251104,1.315,1.415,1.478,1.546,1.594,1.6265,1.652,1.658
20251103,1.316,1.412,1.469,1.546,1.595,1.633,1.656,1.664
20251031,1.321,1.439,1.548,1.547,1.596,1.637,1.656,1.667
20251030,1.317,1.484,1.537,1.549,1.597,1.64,1.657,1.673
20251029,1.414,1.512,1.559,1.556,1.599,1.64,1.658,1.675
20251028,1.469,1.53,1.647,1.557,1.599,1.642,1.66,1.678
20251027,1.442,1.542,1.598,1.557,1.595,1.642,1.662,1.68
20251024,1.32,1.414,1.563,1.557,1.594,1.641,1.661,1.68
20251023,1.318,1.417,1.512,1.556,1.594,1.641,1.662,1.68
20251022,1.318,1.422,1.452,1.557,1.592,1.641,1.662,1.679
20251021,1.317,1.426,1.504,1.557,1.586,1.641,1.662,1.675
20251020,1.317,1.418,1.468,1.557,1.582,1.64,1.66,1.67
20251017,1.318,1.415,1.461,1.559,1.58,1.64,1.66,1.67
20251016,1.316,1.419,1.443,1.559,1.581,1.638,1.659,1.669
20251015,1.316,1.414,1.452,1.559,1.581,1.638,1.659,1.669
20251014,1.315,1.423,1.445,1.56,1.581,1.638,1.659,1.669
20251013,1.314,1.447,1.466,1.557,1.58,1.639,1.661,1.669
20251011,1.314,1.403,1.482,1.558,1.581,1.638,1.665,1.674
20251010,1.319,1.451,1.494,1.559,1.578,1.636,1.666,1.675
20251009,1.322,1.495,1.526,1.567,1.579,1.638,1.668,1.677
20250930,1.379,1.405,1.702,1.57,1.58,1.64,1.67,1.68
20250929,1.315,1.523,1.527,1.571,1.58,1.64,1.67,1.68
20250928,1.314,1.497,1.537,1.57,1.58,1.64,1.67,1.68
20250926,1.321,1.501,1.646,1.566,1.576,1.639,1.672,1.681
20250925,1.472,1.584,1.625,1.564,1.574,1.635,1.669,1.679
20250924,1.434,1.59,1.656,1.556,1.566,1.632,1.664,1.674
20250923,1.413,1.462,1.567,1.551,1.562,1.63,1.663,1.672
20250922,1.427,1.466,1.675,1.55,1.562,1.63,1.663,1.673
20250919,1.461,1.488,1.647,1.547,1.562,1.632,1.663,1.673
20250918,1.514,1.528,1.581,1.544,1.556,1.631,1.662,1.673
20250917,1.483,1.519,1.607,1.541,1.554,1.63,1.661,1.671
20250916,1.437,1.475,1.506,1.535,1.553,1.63,1.661,1.671
20250915,1.408,1.47,1.504,1.533,1.553,1.626,1.661,1.671
20250912,1.367,1.46,1.524,1.532,1.553,1.624,1.655,1.667
20250911,1.369,1.466,1.51,1.53,1.553,1.623,1.654,1.665
20250910,1.425,1.449,1.501,1.528,1.553,1.621,1.653,1.663
20250909,1.419,1.467,1.5,1.522,1.551,1.615,1.651,1.661
20250908,1.353,1.438,1.471,1.52,1.55,1.611,1.65,1.66
20250905,1.316,1.427,1.467,1.52,1.55,1.61,1.649,1.66
20250904,1.316,1.437,1.476,1.519,1.55,1.609,1.647,1.658
20250903,1.316,1.433,1.486,1.517,1.55,1.61,1.645,1.656
20250902,1.314,1.431,1.495,1.518,1.549,1.61,1.645,1.655
20250901,1.315,1.438,1.484,1.521,1.549,1.61,1.644,1.654
20250829,1.331,1.51,1.555,1.527,1.55,1.61,1.642,1.652
20250828,1.316,1.526,1.55,1.529,1.55,1.61,1.643,1.653
20250827,1.315,1.491,1.526,1.526,1.55,1.61,1.642,1.653
20250826,1.317,1.467,1.515,1.53,1.55,1.61,1.642,1.652
20250825,1.356,1.484,1.555,1.53,1.55,1.61,1.642,1.652
20250822,1.418,1.463,1.581,1.53,1.55,1.61,1.641,1.653
20250821,1.466,1.495,1.593,1.533,1.55,1.61,1.643,1.653
20250820,1.473,1.534,1.596,1.532,1.55,1.61,1.64,1.649
20250819,1.464,1.517,1.599,1.528,1.55,1.61,1.637,1.647
20250818,1.436,1.483,1.537,1.528,1.549,1.608,1.633,1.643
20250815,1.398,1.465,1.505,1.526,1.547,1.607,1.63,1.64
20250814,1.315,1.426,1.492,1.525,1.549,1.609,1.63,1.64
20250813,1.315,1.434,1.473,1.526,1.548,1.609,1.63,1.64
20250812,1.315,1.433,1.456,1.527,1.548,1.609,1.629,1.638
20250811,1.315,1.432,1.455,1.527,1.549,1.61,1.628,1.638
20250808,1.3144,1.4356,1.4689,1.5256,1.5544,1.61,1.6289,1.6378
20250807,1.315,1.434,1.479,1.529,1.56,1.61,1.63,1.639
20250806,1.316,1.442,1.494,1.533,1.559,1.609,1.63,1.638
20250805,1.315,1.432,1.482,1.543,1.558,1.606,1.629,1.638
20250804,1.314,1.436,1.516,1.547,1.559,1.608,1.629,1.641
20250801,1.315,1.446,1.553,1.549,1.563,1.61,1.63,1.645
20250731,1.392,1.497,1.546,1.55,1.566,1.612,1.633,1.648
20250730,1.317,1.501,1.62,1.55,1.564,1.612,1.634,1.647
20250729,1.366,1.545,1.631,1.55,1.56,1.613,1.632,1.644
20250728,1.467,1.596,1.635,1.549,1.56,1.613,1.632,1.642
20250725,1.52,1.62,1.728,1.545,1.559,1.611,1.628,1.639
20250724,1.635,1.545,1.615,1.536,1.553,1.605,1.621,1.631
20250723,1.367,1.463,1.527,1.529,1.551,1.596,1.616,1.625
20250722,1.317,1.462,1.551,1.529,1.549,1.591,1.612,1.621
20250721,1.366,1.477,1.571,1.534,1.553,1.592,1.612,1.622
20250718,1.462,1.494,1.56,1.536,1.555,1.593,1.612,1.621
20250717,1.463,1.504,1.553,1.539,1.557,1.592,1.613,1.621
20250716,1.466,1.504,1.559,1.54,1.559,1.592,1.612,1.621
20250715,1.535,1.546,1.579,1.541,1.559,1.591,1.613,1.623
20250714,1.415,1.515,1.535,1.538,1.561,1.594,1.614,1.623
20250711,1.333,1.475,1.514,1.535,1.557,1.591,1.611,1.616
20250710,1.316,1.474,1.498,1.538,1.559,1.589,1.608,1.613
20250709,1.313,1.464,1.495,1.539,1.562,1.593,1.607,1.613
20250708,1.312,1.455,1.5,1.546,1.57,1.597,1.609,1.612
20250707,1.312,1.458,1.494,1.557,1.579,1.6,1.612,1.616
20250704,1.313,1.423,1.523,1.581,1.597,1.611,1.621,1.629
20250703,1.315,1.456,1.54,1.594,1.606,1.619,1.63,1.638
20250702,1.365,1.497,1.554,1.6095,1.6195,1.6315,1.6415,1.6515
20250701,1.367,1.53,1.569,1.617,1.628,1.637,1.647,1.656
20250630,1.422,1.763,1.766,1.622,1.63,1.64,1.65,1.657
20250627,1.371,1.668,1.755,1.62,1.63,1.64,1.65,1.656
20250626,1.37,1.67,1.736,1.622,1.63,1.64,1.65,1.658
20250625,1.371,1.671,1.722,1.622,1.63,1.639,1.652,1.659
20250624,1.37,1.629,1.697,1.62,1.629,1.639,1.655,1.662
20250623,1.367,1.497,1.713,1.62,1.629,1.639,1.657,1.666
20250620,1.368,1.529,1.719,1.62,1.629,1.639,1.659,1.667
20250619,1.367,1.524,1.658,1.621,1.63,1.644,1.661,1.671
20250618,1.366,1.505,1.655,1.62,1.63,1.647,1.666,1.676
20250617,1.369,1.508,1.571,1.621,1.634,1.653,1.67,1.679
20250616,1.388,1.51,1.543,1.621,1.636,1.655,1.67,1.68
20250613,1.411,1.508,1.543,1.622,1.638,1.656,1.67,1.68
20250612,1.367,1.521,1.535,1.62,1.639,1.657,1.67,1.68
20250611,1.361,1.502,1.56,1.62,1.642,1.658,1.674,1.684
20250610,1.362,1.496,1.544,1.62,1.645,1.663,1.677,1.687
20250609,1.378,1.497,1.556,1.618,1.649,1.667,1.68,1.693
20250606,1.411,1.5,1.588,1.619,1.651,1.671,1.682,1.697
20250605,1.408,1.534,1.591,1.62,1.652,1.672,1.684,1.702
20250604,1.408,1.543,1.576,1.62,1.652,1.672,1.684,1.703
20250603,1.41,1.515,1.579,1.62,1.652,1.672,1.684,1.7
20250530,1.471,1.617,1.739,1.62,1.652,1.672,1.683,1.698
20250529,1.411,1.602,1.744,1.621,1.652,1.673,1.683,1.695
20250528,1.411,1.578,1.669,1.615,1.647,1.672,1.683,1.694
20250527,1.452,1.598,1.667,1.614,1.644,1.665,1.678,1.692
20250526,1.506,1.579,1.688,1.612,1.643,1.662,1.674,1.685
20250523,1.565,1.552,1.691,1.611,1.642,1.655,1.672,1.682
20250522,1.465,1.523,1.656,1.613,1.64,1.652,1.669,1.676
20250521,1.509,1.549,1.647,1.615,1.64,1.653,1.669,1.674
20250520,1.509,1.556,1.65,1.617,1.642,1.654,1.665,1.671
20250519,1.537,1.562,1.654,1.624,1.645,1.656,1.669,1.673
20250516,1.654,1.545,1.601,1.625,1.647,1.656,1.667,1.671
20250515,1.404,1.497,1.55,1.629,1.645,1.658,1.668,1.673
20250514,1.405,1.501,1.536,1.639,1.653,1.663,1.67,1.677
20250513,1.406,1.49,1.556,1.647,1.662,1.672,1.676,1.684
20250512,1.422,1.496,1.563,1.661,1.672,1.685,1.686,1.695
20250509,1.497,1.519,1.554,1.684,1.696,1.704,1.707,1.711
20250508,1.539,1.594,1.68,1.702,1.72,1.729,1.729,1.735
20250507,1.657,1.661,1.725,1.719,1.737,1.746,1.752,1.752
20250506,1.702,1.707,1.737,1.732,1.748,1.757,1.765,1.765
20250430,1.76,1.762,1.781,1.743,1.75,1.759,1.766,1.766
20250429,1.541,1.748,1.778,1.745,1.75,1.76,1.767,1.767
20250428,1.603,1.723,1.769,1.747,1.75,1.76,1.767,1.768
20250427,1.606,1.641,1.77,1.748,1.75,1.76,1.766,1.767
20250425,1.567,1.638,1.765,1.747,1.75,1.761,1.765,1.766
20250424,1.61,1.69,1.767,1.747,1.75,1.764,1.766,1.766
20250423,1.626,1.644,1.772,1.749,1.753,1.765,1.767,1.766
20250422,1.709,1.67,1.8,1.754,1.755,1.768,1.769,1.768
20250421,1.716,1.68,1.797,1.758,1.759,1.77,1.773,1.769
20250418,1.66,1.654,1.764,1.763,1.761,1.771,1.775,1.772
20250417,1.634,1.652,1.735,1.766,1.767,1.776,1.778,1.777
20250416,1.708,1.696,1.757,1.772,1.772,1.782,1.784,1.783
20250415,1.701,1.695,1.75,1.776,1.775,1.785,1.787,1.785
20250414,1.644,1.665,1.73,1.782,1.777,1.788,1.79,1.786
20250411,1.609,1.619,1.75,1.787,1.786,1.795,1.798,1.791
20250410,1.607,1.681,1.771,1.795,1.8,1.81,1.811,1.807
20250409,1.741,1.703,1.839,1.804,1.806,1.817,1.821,1.81
20250408,1.744,1.725,1.812,1.811,1.81,1.827,1.83,1.813
20250407,1.79,1.694,1.776,1.819,1.824,1.844,1.846,1.837
20250403,1.617,1.689,1.819,1.865,1.871,1.886,1.889,1.887
20250402,1.756,1.805,1.9,1.905,1.902,1.91,1.917,1.914
20250401,1.823,1.807,1.923,1.916,1.907,1.916,1.921,1.921
20250331,1.739,2.023,2.232,1.928,1.912,1.923,1.926,1.926
20250328,1.728,1.936,2.122,1.939,1.921,1.928,1.932,1.933
20250327,1.738,2.004,2.098,1.945,1.924,1.932,1.935,1.936
20250326,1.785,1.9,2.124,1.951,1.934,1.941,1.941,1.942
20250325,1.775,1.815,2.119,1.955,1.942,1.949,1.951,1.949
20250324,1.75,1.745,2.1,1.966,1.961,1.961,1.964,1.963
20250321,1.76,1.754,2.088,1.971,1.968,1.968,1.972,1.973
20250320,1.785,1.778,2.298,1.971,1.98,1.98,1.983,1.989
20250319,1.763,1.856,2.337,1.974,1.987,1.987,1.986,1.99
20250318,1.785,1.903,2.241,1.967,1.992,1.993,1.987,1.994
20250317,1.805,1.819,1.95,1.965,1.994,1.995,1.991,1.995
20250314,1.811,1.742,1.857,1.963,2.004,1.999,1.996,1.998
20250313,1.771,1.774,1.85,1.961,2.012,2.001,2.001,2.002
20250312,1.758,1.78,1.872,1.954,2.015,2.002,2.001,2.004
20250311,1.782,1.786,1.9,1.948,2.01,2.001,2.001,1.998
20250310,1.819,1.78,1.897,1.937,2.005,2.002,1.999,1.994
20250307,1.801,1.718,1.855,1.916,1.991,1.998,1.994,1.988
20250306,1.79,1.748,1.821,1.91,1.982,1.993,1.986,1.982
20250305,1.755,1.751,1.823,1.908,1.975,1.989,1.983,1.976
20250304,1.686,1.718,1.824,1.892,1.9625,1.979,1.9745,1.967
20250303,1.816,1.812,1.901,1.883,1.946,1.968,1.969,1.957
20250228,1.865,2.093,2.273,1.868,1.922,1.946,1.953,1.944
20250227,1.867,2.24,2.359,1.847,1.89,1.915,1.925,1.92
20250226,1.875,2.131,2.254,1.812,1.8555,1.879,1.894,1.887
20250225,1.862,2.128,2.173,1.792,1.818,1.837,1.861,1.855
20250224,1.866,1.941,2.269,1.79,1.797,1.806,1.84,1.839
20250221,1.931,2.139,2.396,1.787,1.7912,1.802,1.831,1.831
20250220,1.919,1.992,2.249,1.778,1.7802,1.794,1.811,1.823
20250219,1.915,1.934,2.269,1.77,1.7702,1.784,1.8,1.812
20250218,1.933,2.209,2.427,1.766,1.763,1.773,1.786,1.796
20250217,1.893,1.999,2.065,1.747,1.75,1.763,1.774,1.775
20250214,1.889,1.894,1.969,1.731,1.738,1.75,1.764,1.764
20250213,1.827,1.763,1.815,1.719,1.73,1.742,1.751,1.753
20250212,1.832,1.845,1.869,1.715,1.726,1.736,1.744,1.746
20250211,1.919,1.838,1.97,1.71,1.721,1.731,1.738,1.741
20250210,1.841,1.729,1.802,1.7,1.714,1.723,1.729,1.733
20250208,1.769,1.634,1.737,1.703,1.712,1.72,1.728,1.734
20250207,1.816,1.732,1.793,1.705,1.711,1.724,1.729,1.735
20250206,1.792,1.785,1.854,1.708,1.71,1.727,1.731,1.739
20250205,1.793,1.844,1.972,1.708,1.707,1.722,1.726,1.735
20250127,1.708,1.715,2.023,1.706,1.702,1.715,1.7205,1.7305
20250126,1.669,1.864,2.566,1.705,1.6995,1.7125,1.7195,1.728
20250124,1.77,2.078,2.75,1.705,1.697,1.707,1.716,1.725
20250123,1.764,1.995,2.627,1.704,1.694,1.703,1.714,1.721
20250122,1.78,1.813,2.632,1.702,1.693,1.701,1.709,1.714
20250121,1.779,1.906,2.631,1.702,1.6935,1.699,1.706,1.7122
20250120,1.835,2.013,2.684,1.6925,1.687,1.693,1.697,1.703
20250117,1.848,2.039,2.656,1.688,1.677,1.6852,1.693,1.6974
20250116,1.833,2.192,2.673,1.681,1.674,1.682,1.6892,1.694
20250115,1.832,2.117,2.311,1.668,1.6665,1.676,1.682,1.6905
20250114,1.965,2.162,2.212,1.662,1.658,1.669,1.679,1.686
20250113,1.823,1.96,1.916,1.649,1.648,1.662,1.668,1.675
20250110,1.643,1.692,1.791,1.63,1.643,1.655,1.665,1.672
20250109,1.547,1.632,1.68,1.631,1.645,1.656,1.666,1.674
20250108,1.523,1.58,1.65,1.636,1.652,1.661,1.6705,1.6795
20250107,1.483,1.541,1.616,1.641,1.655,1.667,1.676,1.685
20250106,1.454,1.596,1.639,1.646,1.663,1.6725,1.682,1.691
20250103,1.618,1.67,1.746,1.67,1.677,1.6855,1.6935,1.7002
20250102,1.532,1.643,1.764,1.676,1.6825,1.689,1.697,1.7045
20241231,1.454,1.966,2.163,1.681,1.6855,1.694,1.7035,1.708
20241230,1.367,1.95,2.08,1.6846,1.685,1.6955,1.7075,1.7112
20241227,1.388,1.74,2.157,1.686,1.69,1.699,1.708,1.7125
20241226,1.386,1.533,2.036,1.689,1.6922,1.701,1.71,1.7145
20241225,1.365,1.516,1.965,1.69,1.693,1.702,1.712,1.7185
20241224,1.321,1.489,1.917,1.695,1.6985,1.707,1.717,1.725
20241223,1.31,1.525,1.943,1.699,1.705,1.712,1.724,1.732
20241220,1.414,1.62,1.852,1.7,1.708,1.717,1.73,1.74
20241219,1.424,1.627,2.035,1.701,1.712,1.72,1.735,1.745
20241218,1.428,1.776,1.994,1.704,1.715,1.724,1.738,1.748
20241217,1.425,1.787,1.892,1.706,1.718,1.726,1.742,1.754
20241216,1.421,1.762,1.873,1.708,1.725,1.733,1.747,1.76
20241213,1.404,1.758,1.87,1.71,1.735,1.744,1.759,1.774
20241212,1.482,1.635,1.876,1.712,1.74,1.753,1.766,1.78
20241211,1.528,1.722,1.849,1.711,1.744,1.759,1.771,1.785
20241210,1.47,1.784,1.868,1.711,1.748,1.765,1.777,1.793
20241209,1.516,1.736,1.83,1.71,1.753,1.77,1.783,1.8
20241206,1.478,1.686,1.801,1.711,1.755,1.774,1.787,1.803
20241205,1.479,1.688,1.799,1.711,1.762,1.78,1.792,1.807
20241204,1.381,1.588,1.68,1.716,1.772,1.792,1.804,1.815
20241203,1.337,1.601,1.734,1.736,1.795,1.815,1.825,1.835
20241202,1.414,1.591,1.723,1.754,1.825,1.848,1.858,1.868
20241129,1.319,1.631,1.74,1.772,1.852,1.871,1.882,1.893
20241128,1.329,1.726,1.766,1.779,1.858,1.879,1.889,1.899
20241127,1.385,1.7,1.786,1.784,1.859,1.879,1.889,1.899
20241126,1.43,1.723,1.821,1.785,1.86,1.879,1.889,1.899
20241125,1.464,1.727,1.863,1.787,1.86,1.879,1.889,1.899
20241122,1.456,1.653,1.862,1.789,1.86,1.878,1.888,1.898
20241121,1.455,1.659,1.865,1.792,1.86,1.88,1.889,1.898
20241120,1.47,1.684,1.905,1.791,1.857,1.879,1.889,1.897
20241119,1.48,1.693,1.881,1.792,1.856,1.879,1.889,1.898
20241118,1.47,1.697,1.872,1.794,1.856,1.878,1.889,1.899
20241115,1.47,1.685,1.805,1.796,1.856,1.878,1.889,1.899
20241114,1.456,1.674,1.805,1.796,1.858,1.881,1.893,1.904
20241113,1.465,1.644,1.824,1.797,1.859,1.884,1.897,1.907
20241112,1.525,1.687,1.856,1.797,1.859,1.889,1.901,1.913
20241111,1.443,1.655,1.812,1.797,1.862,1.893,1.905,1.916
20241108,1.461,1.645,1.8,1.799,1.864,1.895,1.909,1.92
20241107,1.319,1.555,1.777,1.803,1.87,1.901,1.915,1.925
20241106,1.33,1.5,1.76,1.808,1.876,1.907,1.92,1.93
20241105,1.338,1.5,1.688,1.811,1.877,1.91,1.925,1.935
20241104,1.346,1.496,1.735,1.815,1.878,1.914,1.927,1.937
20241101,1.36,1.507,1.768,1.818,1.879,1.917,1.933,1.943
20241031,1.364,1.656,1.895,1.82,1.884,1.922,1.937,1.948
20241030,1.394,1.656,1.898,1.82,1.884,1.922,1.938,1.949
20241029,1.439,1.75,1.929,1.82,1.884,1.922,1.935,1.949
20241028,1.495,1.658,1.955,1.821,1.884,1.922,1.934,1.948
20241025,1.507,1.703,1.981,1.823,1.883,1.922,1.934,1.947
20241024,1.53,1.596,1.995,1.822,1.879,1.92,1.932,1.944
20241023,1.49,1.595,1.973,1.82,1.873,1.915,1.93,1.942
20241022,1.477,1.579,1.887,1.82,1.869,1.913,1.927,1.938
20241021,1.474,1.584,1.896,1.819,1.864,1.906,1.923,1.934
20241018,1.399,1.568,1.926,1.818,1.858,1.903,1.921,1.932
20241017,1.425,1.549,1.864,1.819,1.855,1.903,1.922,1.934
20241016,1.46,1.59,1.861,1.819,1.846,1.895,1.915,1.932
20241015,1.407,1.517,1.907,1.82,1.842,1.891,1.913,1.93
20241014,1.418,1.587,1.866,1.82,1.841,1.891,1.912,1.93
20241012,1.306,1.511,1.904,1.82,1.841,1.891,1.912,1.931
20241011,1.406,1.526,1.92,1.82,1.841,1.892,1.912,1.93
20241010,1.527,1.7,1.941,1.82,1.841,1.894,1.913,1.934
20241009,1.618,1.803,1.923,1.82,1.841,1.892,1.909,1.932
20241008,1.509,1.697,1.9,1.82,1.84,1.892,1.904,1.927
20240930,1.514,1.522,1.927,1.82,1.84,1.889,1.901,1.923
20240929,1.336,1.727,1.815,1.82,1.836,1.888,1.902,1.922
20240927,1.401,1.661,1.761,1.822,1.835,1.887,1.902,1.923
20240926,1.608,1.838,1.918,1.825,1.836,1.891,1.906,1.926
20240925,1.643,1.873,1.923,1.83,1.845,1.898,1.914,1.932
20240924,1.785,1.92,1.973,1.836,1.85,1.905,1.92,1.943
20240923,1.921,1.859,2.004,1.837,1.854,1.913,1.932,1.957
20240920,1.932,1.929,1.993,1.834,1.852,1.914,1.931,1.958
20240919,1.879,1.947,1.911,1.833,1.851,1.911,1.93,1.957
20240918,1.744,1.86,1.867,1.831,1.85,1.91,1.93,1.958
20240914,1.611,1.746,1.854,1.83,1.85,1.91,1.93,1.9585
20240913,1.656,1.806,1.872,1.83,1.85,1.91,1.932,1.96
20240912,1.777,1.794,1.903,1.83,1.85,1.912,1.932,1.96
20240911,1.773,1.776,1.92,1.834,1.851,1.914,1.934,1.962
20240910,1.955,1.834,1.826,1.832,1.851,1.906,1.934,1.962
20240909,1.8,1.833,1.821,1.831,1.85,1.903,1.933,1.962
20240906,1.716,1.676,1.88,1.831,1.85,1.901,1.931,1.96
20240905,1.578,1.68,1.855,1.825,1.85,1.901,1.931,1.96
20240904,1.529,1.67,1.831,1.823,1.85,1.902,1.932,1.96
20240903,1.568,1.68,1.783,1.822,1.85,1.902,1.931,1.96
20240902,1.516,1.689,1.805,1.821,1.85,1.9,1.93,1.959
20240830,1.529,1.647,1.819,1.822,1.85,1.9,1.931,1.961
20240829,1.514,1.628,1.883,1.822,1.85,1.9,1.93,1.958
20240828,1.52,1.758,1.904,1.824,1.85,1.9,1.931,1.956
20240827,1.667,1.869,1.928,1.824,1.849,1.896,1.927,1.95
20240826,1.862,1.936,1.955,1.823,1.845,1.894,1.924,1.945
20240823,1.801,1.825,1.954,1.819,1.844,1.892,1.92,1.942
20240822,1.765,1.821,1.94,1.815,1.843,1.886,1.919,1.936
20240821,1.722,1.808,1.925,1.812,1.84,1.882,1.915,1.932
20240820,1.712,1.761,1.919,1.812,1.838,1.88,1.913,1.926
20240819,1.682,1.722,1.914,1.81,1.837,1.881,1.911,1.922
20240816,1.7,1.811,1.879,1.809,1.838,1.883,1.91,1.922
20240815,1.754,1.814,1.911,1.811,1.84,1.882,1.91,1.922
20240814,1.842,1.869,1.921,1.812,1.838,1.884,1.911,1.923
20240813,1.928,1.828,1.906,1.813,1.837,1.885,1.91,1.923
20240812,1.951,1.893,1.878,1.806,1.833,1.884,1.9085,1.922
20240809,1.778,1.795,1.839,1.803,1.8335,1.8835,1.906,1.916
20240808,1.681,1.763,1.755,1.805,1.835,1.885,1.908,1.917
20240807,1.617,1.708,1.714,1.807,1.839,1.888,1.914,1.923
20240806,1.583,1.687,1.724,1.813,1.844,1.894,1.917,1.928
20240805,1.585,1.694,1.714,1.818,1.849,1.899,1.925,1.937
20240802,1.573,1.7,1.752,1.825,1.853,1.902,1.93,1.946
20240801,1.608,1.7,1.803,1.828,1.857,1.906,1.936,1.956
20240731,1.782,1.772,1.84,1.835,1.86,1.913,1.944,1.96
20240730,1.639,1.814,1.887,1.839,1.865,1.916,1.951,1.966
20240729,1.631,1.895,1.911,1.843,1.869,1.92,1.956,1.9729
20240726,1.689,1.913,1.895,1.848,1.877,1.927,1.961,1.979
20240725,1.764,1.871,1.908,1.855,1.882,1.932,1.967,1.985
20240724,1.739,1.742,1.891,1.862,1.887,1.937,1.973,1.993
20240723,1.736,1.751,1.857,1.867,1.888,1.94,1.977,1.997
20240722,1.647,1.715,1.876,1.873,1.894,1.944,1.978,1.997
20240719,1.855,1.855,1.959,1.877,1.895,1.948,1.982,2.0
20240718,1.933,1.893,1.946,1.879,1.897,1.954,1.985,2.002
20240717,1.913,1.885,1.913,1.878,1.896,1.956,1.987,2.005
20240716,1.894,1.894,1.948,1.878,1.897,1.957,1.988,2.007
20240715,1.78,1.821,1.84,1.879,1.897,1.957,1.989,2.007
20240712,1.668,1.801,1.835,1.878,1.899,1.955,1.993,2.009
20240711,1.67,1.803,1.809,1.879,1.904,1.958,1.995,2.014
20240710,1.64,1.8,1.832,1.883,1.906,1.959,1.996,2.018
20240709,1.679,1.804,1.838,1.886,1.907,1.959,1.998,2.019
20240708,1.754,1.82,1.85,1.887,1.907,1.959,1.999,2.02
20240705,1.764,1.807,1.833,1.888,1.908,1.958,1.997,2.015
20240704,1.712,1.811,1.807,1.892,1.91,1.962,2.003,2.029
20240703,1.688,1.8,1.811,1.895,1.914,1.967,2.006,2.034
20240702,1.715,1.796,1.812,1.896,1.917,1.973,2.014,2.042
20240701,1.749,1.802,1.846,1.899,1.917,1.976,2.02,2.046
20240628,1.889,2.099,2.128,1.9,1.918,1.979,2.025,2.049
20240627,1.879,2.028,2.152,1.9,1.918,1.979,2.029,2.051
20240626,1.976,2.083,2.108,1.9,1.919,1.979,2.034,2.055
20240625,1.964,2.014,2.145,1.9,1.921,1.978,2.038,2.058
20240624,1.98,2.008,2.146,1.9,1.922,1.979,2.039,2.059
20240621,1.96,1.939,2.128,1.9,1.923,1.977,2.04,2.059
20240620,1.877,1.89,2.087,1.9,1.927,1.983,2.044,2.063
20240619,1.853,1.861,2.0,1.9,1.929,1.985,2.048,2.067
20240618,1.829,1.882,1.987,1.9,1.934,1.987,2.048,2.067
20240617,1.783,1.862,1.957,1.898,1.935,1.985,2.048,2.068
20240614,1.732,1.813,1.839,1.9,1.939,1.986,2.049,2.069
20240613,1.723,1.817,1.847,1.9,1.94,1.989,2.053,2.073
20240612,1.68,1.796,1.833,1.898,1.943,1.994,2.055,2.075
20240611,1.679,1.802,1.825,1.9,1.947,1.995,2.056,2.081
20240607,1.719,1.751,1.825,1.898,1.949,1.996,2.063,2.085
20240606,1.656,1.78,1.83,1.897,1.948,1.996,2.069,2.089
20240605,1.664,1.776,1.821,1.899,1.948,1.997,2.075,2.095
20240604,1.663,1.785,1.838,1.9,1.949,1.996,2.077,2.097
20240603,1.723,1.811,1.857,1.905,1.953,1.998,2.079,2.099
20240531,1.805,1.851,1.868,1.907,1.955,1.999,2.08,2.099
20240530,1.746,1.903,1.918,1.906,1.957,2.0,2.08,2.1
20240529,1.849,1.897,1.952,1.905,1.957,2.0,2.082,2.1
20240528,1.81,1.885,1.941,1.905,1.957,2.0,2.083,2.101
20240527,1.767,1.888,1.899,1.904,1.958,2.0,2.082,2.102
20240524,1.766,1.818,1.917,1.905,1.958,2.001,2.08,2.1
20240523,1.769,1.829,1.919,1.905,1.957,2.001,2.08,2.1
20240522,1.779,1.838,1.937,1.908,1.958,2.004,2.08,2.1
20240521,1.758,1.847,1.887,1.906,1.958,2.005,2.08,2.1
20240520,1.719,1.803,1.871,1.905,1.958,2.007,2.08,2.099
20240517,1.719,1.808,1.848,1.907,1.963,2.013,2.08,2.096
20240516,1.724,1.801,1.818,1.911,1.969,2.019,2.077,2.095
20240515,1.727,1.808,1.848,1.923,1.975,2.025,2.079,2.099
20240514,1.769,1.837,1.871,1.927,1.977,2.026,2.079,2.099
20240513,1.781,1.836,1.897,1.931,1.983,2.035,2.08,2.1
20240511,1.724,1.85,1.889,1.941,1.988,2.037,2.08,2.1
20240510,1.733,1.836,1.894,1.94,1.989,2.036,2.078,2.1
20240509,1.727,1.822,1.914,1.943,1.991,2.036,2.078,2.102
20240508,1.837,1.867,1.859,1.945,1.99,2.038,2.076,2.1035
20240507,1.744,1.845,1.861,1.951,1.996,2.041,2.077,2.108
20240506,1.777,1.874,1.909,1.958,2.001,2.045,2.081,2.111
20240430,1.921,2.109,2.135,1.961,2.002,2.042,2.079,2.109
20240429,1.823,2.08,2.103,1.962,2.005,2.037,2.072,2.112
20240428,1.806,1.951,2.001,1.95,1.994,2.017,2.053,2.087
20240426,1.879,1.912,2.002,1.952,1.993,2.018,2.051,2.082
20240425,1.846,1.885,1.979,1.956,1.999,2.027,2.052,2.074
20240424,1.784,1.855,1.959,1.959,2.014,2.041,2.062,2.084
20240423,1.788,1.824,1.952,1.963,2.018,2.045,2.068,2.091
20240422,1.78,1.831,1.956,1.972,2.027,2.053,2.086,2.108
20240419,1.797,1.87,1.983,1.989,2.035,2.063,2.103,2.129
20240418,1.776,1.836,1.965,1.996,2.041,2.074,2.112,2.143
20240417,1.723,1.816,1.952,2.0,2.049,2.08,2.12,2.151
20240416,1.715,1.805,1.858,2.005,2.058,2.089,2.133,2.16
20240415,1.716,1.797,1.89,2.012,2.071,2.105,2.147,2.175
20240412,1.717,1.82,1.878,2.025,2.09,2.127,2.17,2.204
20240411,1.721,1.815,1.871,2.039,2.105,2.144,2.189,2.222
20240410,1.722,1.817,1.86,2.049,2.117,2.157,2.197,2.23
20240409,1.718,1.816,1.857,2.05,2.12,2.163,2.204,2.236
20240408,1.711,1.815,1.867,2.062,2.133,2.177,2.213,2.247
20240407,1.708,1.805,1.939,2.082,2.141,2.18,2.22,2.253
20240403,1.685,1.821,1.963,2.097,2.143,2.186,2.227,2.256
20240402,1.704,1.833,1.917,2.11,2.151,2.194,2.233,2.262
20240401,1.728,1.857,1.991,2.128,2.157,2.199,2.235,2.265
20240329,1.718,1.967,2.216,2.14,2.156,2.203,2.238,2.268
20240328,1.734,1.948,2.199,2.143,2.156,2.206,2.238,2.267
20240327,1.77,1.972,2.234,2.141,2.159,2.205,2.238,2.266
20240326,1.77,1.957,2.224,2.137,2.16,2.206,2.24,2.266
20240325,1.774,1.898,2.214,2.135,2.159,2.206,2.239,2.266
20240322,1.772,1.845,2.137,2.13,2.163,2.205,2.239,2.2655
20240321,1.771,1.834,2.123,2.126,2.162,2.206,2.244,2.267
20240320,1.765,1.844,2.138,2.123,2.16,2.208,2.246,2.27
20240319,1.754,1.87,2.099,2.117,2.163,2.213,2.249,2.273
20240318,1.746,1.854,2.127,2.106,2.163,2.214,2.25,2.274
20240315,1.766,1.89,2.039,2.101,2.163,2.211,2.25,2.274
20240314,1.746,1.88,1.997,2.1,2.161,2.21,2.251,2.273
20240313,1.735,1.882,2.028,2.095,2.159,2.207,2.25,2.268
20240312,1.721,1.853,2.009,2.091,2.158,2.207,2.247,2.261
20240311,1.731,1.853,2.0,2.086,2.159,2.206,2.246,2.257
20240308,1.72,1.848,2.003,2.087,2.16,2.207,2.247,2.26
20240307,1.713,1.827,1.984,2.088,2.164,2.211,2.249,2.266
20240306,1.713,1.822,2.002,2.088,2.165,2.216,2.252,2.273
20240305,1.719,1.855,1.995,2.086,2.167,2.222,2.254,2.275
20240304,1.711,1.811,1.977,2.086,2.171,2.232,2.258,2.278
20240301,1.694,1.806,1.986,2.088,2.182,2.246,2.271,2.29
20240229,1.639,1.775,1.955,2.099,2.193,2.26,2.284,2.3
20240228,1.7056,1.8178,2.0333,2.1033,2.1989,2.2656,2.2878,2.3044
20240227,1.819,1.904,2.079,2.107,2.204,2.271,2.293,2.308
20240226,1.779,1.883,2.053,2.116,2.208,2.275,2.296,2.314
20240223,1.747,1.816,2.119,2.122,2.214,2.283,2.304,2.322
20240222,1.635,1.815,2.078,2.132,2.219,2.292,2.311,2.332
20240221,1.698,1.819,2.052,2.145,2.243,2.309,2.325,2.348
20240220,1.63,1.787,2.009,2.166,2.27,2.326,2.344,2.366
20240219,1.607,1.785,1.843,2.186,2.303,2.342,2.363,2.383
20240218,1.699,1.817,1.82,2.2,2.318,2.349,2.367,2.386
20240209,1.853,1.857,1.883,2.21,2.33,2.358,2.377,2.396
20240208,1.697,1.791,1.911,2.213,2.334,2.364,2.383,2.397
20240207,1.716,1.947,2.131,2.219,2.342,2.374,2.389,2.403
20240206,1.727,1.966,2.202,2.224,2.345,2.382,2.395,2.409
20240205,1.68,1.946,2.194,2.227,2.35,2.39,2.403,2.416
20240204,1.711,1.958,2.109,2.239,2.363,2.396,2.406,2.425
20240202,1.719,1.846,2.15,2.252,2.369,2.402,2.412,2.431
20240201,1.676,1.809,2.084,2.262,2.375,2.407,2.422,2.443
20240131,1.708,1.829,2.078,2.282,2.388,2.412,2.429,2.449
20240130,1.618,1.959,2.15,2.3,2.398,2.425,2.44,2.459
20240129,1.731,1.863,2.301,2.302,2.4,2.43,2.447,2.466
20240126,1.82,1.899,2.402,2.301,2.4,2.43,2.446,2.466
20240125,1.844,1.872,2.322,2.3,2.4,2.43,2.449,2.468
20240124,1.808,1.84,2.176,2.3,2.4,2.43,2.449,2.468
20240123,1.76,1.807,2.084,2.3,2.4,2.429,2.448,2.468
20240122,1.76,1.844,2.086,2.3,2.4,2.43,2.448,2.468
20240119,1.724,1.831,2.099,2.3,2.4,2.43,2.448,2.469
20240118,1.734,1.819,2.03,2.3,2.4,2.43,2.448,2.469
20240117,1.832,1.943,2.261,2.3,2.402,2.43,2.45,2.47
20240116,1.745,1.934,2.124,2.3,2.401,2.43,2.448,2.469
20240115,1.677,1.862,2.089,2.297,2.4,2.43,2.449,2.472
20240112,1.678,1.846,1.988,2.297,2.4,2.429,2.448,2.475
20240111,1.627,1.799,1.932,2.296,2.4,2.43,2.45,2.476
20240110,1.588,1.797,1.911,2.298,2.4,2.434,2.454,2.477
20240109,1.582,1.79,1.997,2.304,2.397,2.438,2.457,2.48
20240108,1.585,1.772,1.999,2.312,2.396,2.444,2.46,2.485
20240105,1.588,1.77,1.978,2.32,2.396,2.448,2.472,2.491
20240104,1.589,1.783,1.882,2.329,2.399,2.456,2.48,2.496
20240103,1.604,1.805,1.877,2.354,2.423,2.479,2.497,2.509
20240102,1.586,1.786,2.078,2.398,2.45,2.498,2.515,2.532
20231229,1.746,1.867,2.949,2.482,2.53,2.555,2.565,2.581
20231228,1.429,1.937,2.928,2.499,2.556,2.586,2.596,2.611
20231227,1.467,1.864,3.009,2.506,2.59,2.613,2.626,2.641
20231226,1.494,1.844,2.927,2.509,2.6,2.629,2.639,2.649
20231225,1.592,1.822,2.695,2.506,2.601,2.633,2.641,2.65
20231222,1.616,1.762,2.16,2.501,2.604,2.632,2.64,2.652
20231221,1.711,1.801,2.251,2.491,2.604,2.632,2.637,2.651
20231220,1.592,1.784,2.429,2.472,2.601,2.627,2.629,2.65
20231219,1.57,1.767,2.429,2.468,2.601,2.627,2.626,2.65
20231218,1.623,1.818,2.554,2.464,2.603,2.626,2.624,2.649
20231215,1.594,1.753,2.087,2.454,2.601,2.626,2.621,2.649
20231214,1.628,1.763,2.219,2.451,2.597,2.626,2.621,2.649
20231213,1.634,1.789,2.299,2.445,2.593,2.626,2.618,2.647
20231212,1.761,1.839,2.298,2.439,2.585,2.616,2.612,2.644
20231211,1.755,1.855,2.207,2.411,2.572,2.607,2.605,2.635
20231208,1.63,1.798,2.281,2.372,2.564,2.596,2.594,2.621
20231207,1.619,1.755,2.254,2.354,2.554,2.581,2.578,2.6
20231206,1.606,1.763,2.064,2.34,2.537,2.561,2.561,2.577
20231205,1.714,1.816,1.999,2.327,2.533,2.55,2.554,2.571
20231204,1.724,1.759,1.963,2.308,2.519,2.539,2.548,2.567
20231201,1.618,1.795,2.064,2.302,2.503,2.53,2.545,2.565
20231130,1.858,2.166,2.836,2.297,2.493,2.527,2.544,2.564
20231129,1.608,2.076,2.815,2.279,2.481,2.525,2.544,2.564
20231128,1.711,2.051,2.759,2.267,2.465,2.524,2.544,2.564
20231127,1.809,2.094,2.699,2.255,2.463,2.523,2.543,2.563
20231124,1.837,2.195,2.669,2.236,2.462,2.521,2.541,2.561
20231123,1.896,1.949,2.564,2.226,2.462,2.521,2.541,2.561
20231122,1.899,1.997,2.471,2.224,2.462,2.521,2.542,2.562
20231121,1.89,1.961,2.384,2.221,2.461,2.521,2.541,2.561
20231120,1.897,1.962,2.351,2.223,2.461,2.52,2.541,2.561
20231117,1.8822,1.9622,2.3767,2.23,2.4611,2.52,2.5422,2.5622
20231116,1.907,1.951,2.243,2.229,2.457,2.516,2.541,2.562
20231115,1.863,1.896,2.284,2.227,2.453,2.514,2.542,2.562
20231114,1.913,1.967,2.207,2.234,2.452,2.513,2.541,2.562
20231113,1.754,1.84,2.089,2.234,2.451,2.512,2.538,2.561
20231110,1.701,1.826,2.09,2.235,2.451,2.514,2.537,2.56
20231109,1.647,1.824,2.024,2.236,2.45,2.508,2.527,2.553
20231108,1.73,1.822,2.001,2.24,2.449,2.503,2.523,2.552
20231107,1.637,1.817,1.995,2.245,2.445,2.501,2.521,2.546
20231106,1.579,1.752,1.948,2.249,2.438,2.495,2.516,2.544
20231103,1.623,1.742,1.902,2.25,2.43,2.491,2.514,2.543
20231102,1.494,1.837,1.969,2.262,2.426,2.485,2.51,2.541
20231101,1.789,1.889,2.459,2.265,2.421,2.481,2.505,2.536
20231031,1.75,1.965,2.476,2.268,2.415,2.475,2.504,2.53
20231030,1.695,2.041,2.364,2.271,2.406,2.466,2.498,2.523
20231027,1.626,2.053,2.488,2.269,2.399,2.457,2.492,2.515
20231026,1.65,2.045,2.515,2.268,2.39,2.454,2.489,2.512
20231025,1.952,2.006,2.711,2.266,2.378,2.451,2.487,2.512
20231024,1.877,1.988,2.66,2.256,2.364,2.439,2.476,2.507
20231023,1.931,1.933,2.583,2.245,2.35,2.427,2.468,2.504
20231020,1.907,2.103,2.446,2.235,2.34,2.417,2.464,2.502
20231019,1.859,1.929,1.967,2.226,2.333,2.411,2.458,2.497
20231018,1.835,1.899,1.943,2.219,2.321,2.403,2.451,2.49
20231017,1.814,1.844,1.938,2.218,2.313,2.394,2.44,2.482
20231016,1.722,1.793,1.882,2.223,2.309,2.387,2.432,2.474
20231013,1.741,1.893,1.994,2.229,2.308,2.38,2.428,2.466
20231012,1.81,1.889,2.057,2.234,2.305,2.368,2.423,2.463
20231011,1.864,1.895,1.965,2.236,2.304,2.364,2.416,2.457
20231010,1.827,1.861,1.9,2.237,2.302,2.36,2.408,2.452
20231009,1.73,1.801,1.802,2.236,2.3,2.357,2.402,2.447
20231008,1.597,1.764,1.84,2.264,2.3,2.357,2.401,2.447
20231007,1.701,1.831,1.862,2.272,2.3,2.357,2.401,2.446
20230928,2.155,2.195,3.231,2.285,2.302,2.356,2.402,2.446
20230927,1.706,1.848,3.112,2.278,2.303,2.353,2.399,2.44
20230926,1.741,1.969,3.035,2.26,2.294,2.335,2.386,2.432
20230925,1.694,2.005,2.812,2.229,2.282,2.32,2.374,2.416
20230922,1.727,1.988,2.663,2.211,2.273,2.312,2.366,2.412
20230921,1.884,1.951,2.533,2.192,2.26,2.303,2.359,2.409
20230920,2.038,1.961,2.415,2.157,2.243,2.288,2.351,2.402
20230919,1.837,1.925,2.225,2.126,2.221,2.274,2.338,2.388
20230918,1.912,1.891,2.053,2.11,2.194,2.258,2.323,2.374
20230915,1.763,1.9,1.934,2.083,2.165,2.239,2.305,2.361
20230914,1.766,1.917,2.043,2.056,2.144,2.223,2.294,2.347
20230913,1.524,1.874,2.1,2.027,2.117,2.211,2.285,2.339
20230912,1.834,1.931,2.105,1.999,2.104,2.203,2.278,2.331
20230911,1.906,1.955,2.048,1.968,2.094,2.19,2.27,2.321
20230908,1.893,1.835,2.049,1.945,2.081,2.181,2.261,2.309
20230907,1.84,1.904,2.027,1.93,2.067,2.17,2.252,2.304
20230906,1.493,1.795,1.837,1.914,2.052,2.153,2.242,2.295
20230905,1.39,1.733,1.789,1.911,2.046,2.151,2.24,2.287
20230904,1.528,1.728,1.766,1.911,2.044,2.151,2.239,2.285
20230901,1.677,1.814,1.851,1.91,2.044,2.151,2.236,2.283
20230831,1.865,2.103,2.223,1.913,2.043,2.15,2.234,2.28
20230830,1.911,2.235,2.215,1.902,2.036,2.145,2.227,2.276
20230829,1.973,2.091,2.138,1.88,2.028,2.139,2.22,2.27
20230828,1.91,2.056,2.007,1.869,2.02,2.13,2.207,2.262
20230825,1.819,1.896,2.002,1.851,2.014,2.119,2.2,2.257
20230824,1.569,1.795,1.965,1.854,2.016,2.118,2.2,2.256
20230823,1.738,1.81,1.979,1.855,2.016,2.118,2.204,2.258
20230822,1.818,1.824,1.913,1.855,2.019,2.119,2.205,2.263
20230821,1.937,1.875,2.004,1.857,2.024,2.123,2.206,2.268
20230818,1.946,1.886,1.999,1.863,2.026,2.125,2.208,2.273
20230817,1.842,1.868,1.871,1.874,2.03,2.132,2.214,2.28
20230816,1.833,1.831,1.838,1.876,2.04,2.139,2.22,2.285
20230815,1.77,1.886,1.854,1.885,2.045,2.147,2.225,2.29
20230814,1.684,1.832,1.761,1.908,2.063,2.164,2.243,2.304
20230811,1.331,1.777,1.77,1.921,2.065,2.166,2.248,2.306
20230810,1.34,1.758,1.774,1.941,2.067,2.169,2.252,2.308
20230809,1.541,1.782,1.789,1.952,2.074,2.174,2.255,2.314
20230808,1.361,1.775,1.727,1.968,2.075,2.177,2.258,2.316
20230807,1.518,1.737,1.703,1.988,2.08,2.183,2.265,2.322
20230804,1.141,1.64,1.666,2.004,2.085,2.187,2.271,2.325
20230803,1.083,1.671,1.743,2.025,2.092,2.193,2.275,2.331
20230802,1.301,1.777,1.765,2.045,2.098,2.196,2.278,2.335
20230801,1.558,1.806,1.796,2.056,2.098,2.198,2.28,2.337
20230731,1.847,1.963,2.0,2.065,2.097,2.198,2.28,2.337
20230728,1.473,1.826,2.018,2.066,2.098,2.199,2.28,2.337
20230727,1.396,1.818,1.979,2.066,2.098,2.199,2.28,2.338
20230726,1.459,1.853,2.035,2.066,2.099,2.199,2.282,2.338
20230725,1.516,1.843,1.988,2.066,2.1,2.201,2.284,2.338
20230724,1.534,1.808,1.985,2.0673,2.1,2.202,2.285,2.338
20230721,1.531,1.826,1.991,2.068,2.1,2.205,2.286,2.339
20230720,1.558,1.832,1.979,2.068,2.1,2.206,2.286,2.34
20230719,1.65,1.872,1.982,2.068,2.1,2.207,2.286,2.34
20230718,1.531,1.892,1.979,2.07,2.1,2.207,2.286,2.34
20230717,1.312,1.86,1.88,2.069,2.1,2.207,2.288,2.341
20230714,1.332,1.806,1.886,2.068,2.101,2.205,2.289,2.342
20230713,1.439,1.782,1.795,2.078,2.107,2.206,2.293,2.341
20230712,1.235,1.781,1.764,2.077,2.109,2.208,2.296,2.345
20230711,1.183,1.744,1.756,2.078,2.118,2.212,2.299,2.349
20230710,1.154,1.726,1.73,2.078,2.128,2.215,2.304,2.352
20230707,1.104,1.779,1.752,2.084,2.138,2.221,2.307,2.36
20230706,1.048,1.763,1.8,2.086,2.147,2.228,2.313,2.368
20230705,1.117,1.808,1.72,2.09,2.158,2.237,2.323,2.375
20230704,1.188,1.758,1.757,2.094,2.164,2.239,2.326,2.377
20230703,1.056,1.795,1.907,2.098,2.165,2.24,2.326,2.377
20230630,1.484,2.063,2.18,2.099,2.168,2.242,2.325,2.379
20230629,1.086,1.884,2.223,2.098,2.167,2.243,2.326,2.38
20230628,1.107,1.867,2.302,2.096,2.161,2.236,2.322,2.376
20230627,1.112,1.851,2.315,2.088,2.155,2.228,2.317,2.374
20230626,1.15,1.867,2.315,2.078,2.148,2.219,2.312,2.366
20230625,1.413,1.95,2.18,2.074,2.144,2.214,2.305,2.36
20230621,1.844,2.009,2.229,2.061,2.135,2.211,2.304,2.36
20230620,1.989,2.043,2.201,2.046,2.126,2.213,2.301,2.357
20230619,2.228,1.984,2.011,2.021,2.114,2.214,2.295,2.354
20230616,1.92,1.925,1.857,2.004,2.105,2.215,2.285,2.348
20230615,1.43,1.839,1.844,2.003,2.106,2.22,2.285,2.346
20230614,1.321,1.846,1.805,2.008,2.12,2.229,2.298,2.363
20230613,1.673,1.84,1.847,2.013,2.134,2.243,2.318,2.381
20230612,1.289,1.83,1.735,2.024,2.148,2.257,2.33,2.397
20230609,1.251,1.826,1.739,2.031,2.161,2.266,2.338,2.404
20230608,1.339,1.85,1.746,2.043,2.177,2.277,2.348,2.409
20230607,1.404,1.855,1.776,2.049,2.181,2.284,2.354,2.414
20230606,1.275,1.767,1.827,2.056,2.186,2.291,2.365,2.422
20230605,1.23,1.847,1.85,2.063,2.193,2.297,2.369,2.427
20230602,1.307,1.814,1.87,2.068,2.199,2.307,2.379,2.435
20230601,1.74,1.848,1.86,2.083,2.213,2.33,2.397,2.453
20230531,1.716,2.058,2.056,2.093,2.219,2.343,2.409,2.464
20230530,1.296,1.993,2.052,2.098,2.223,2.346,2.417,2.468
20230529,1.37,1.937,2.051,2.104,2.233,2.355,2.425,2.474
20230526,1.438,1.992,2.096,2.108,2.238,2.358,2.434,2.478
20230525,1.578,1.908,2.05,2.111,2.243,2.364,2.436,2.478
20230524,1.271,1.762,2.05,2.113,2.252,2.366,2.438,2.481
20230523,1.224,1.824,2.065,2.117,2.255,2.372,2.438,2.484
20230522,1.276,1.897,2.1,2.124,2.262,2.379,2.442,2.489
20230519,1.408,1.91,2.062,2.131,2.269,2.39,2.445,2.489
20230518,1.463,1.76,1.948,2.136,2.278,2.392,2.447,2.49
20230517,1.54,1.844,1.87,2.16,2.288,2.403,2.454,2.49
20230516,1.476,1.766,1.822,2.18,2.294,2.41,2.462,2.496
20230515,1.523,1.874,1.909,2.189,2.311,2.419,2.474,2.508
20230512,1.32,1.829,1.846,2.199,2.325,2.427,2.487,2.524
20230511,1.102,1.803,1.818,2.212,2.349,2.439,2.502,2.548
20230510,1.11,1.902,1.861,2.228,2.363,2.452,2.521,2.569
20230509,1.239,1.825,1.813,2.235,2.377,2.462,2.529,2.583
20230508,1.408,1.795,1.793,2.248,2.386,2.47,2.54,2.596
20230506,1.095,1.745,1.764,2.259,2.393,2.481,2.548,2.603
20230505,1.234,1.815,1.92,2.277,2.401,2.491,2.564,2.618
20230504,1.658,1.963,1.979,2.294,2.414,2.501,2.582,2.636
20230428,2.134,2.3,2.455,2.309,2.428,2.506,2.587,2.645
20230427,0.868,2.211,2.35,2.309,2.43,2.506,2.589,2.648
20230426,1.217,2.062,2.375,2.31,2.43,2.507,2.59,2.649
20230425,1.683,2.022,2.397,2.312,2.43,2.507,2.59,2.649
20230424,1.599,2.117,2.41,2.312,2.43,2.506,2.59,2.649
20230423,1.806,2.096,2.401,2.312,2.429,2.507,2.59,2.649
20230421,2.272,2.199,2.412,2.31,2.429,2.507,2.589,2.649
20230420,2.207,2.101,2.331,2.309,2.429,2.507,2.589,2.649
20230419,2.13,2.097,2.285,2.31,2.432,2.512,2.59,2.65
20230418,2.047,2.078,2.286,2.31,2.426,2.511,2.59,2.65
20230417,1.818,2.048,2.069,2.308,2.424,2.509,2.589,2.649
20230414,1.605,2.0,2.015,2.306,2.422,2.508,2.588,2.65
20230413,1.326,1.998,2.012,2.307,2.421,2.509,2.588,2.65
20230412,1.39,1.997,2.045,2.311,2.418,2.509,2.587,2.65
20230411,1.421,1.985,2.114,2.312,2.415,2.508,2.587,2.65
20230410,1.324,2.004,2.057,2.313,2.414,2.508,2.587,2.65
20230407,1.374,1.997,2.046,2.322,2.41,2.507,2.586,2.649
20230406,1.34,1.978,1.946,2.33,2.414,2.511,2.586,2.648
20230404,1.103,1.87,1.897,2.343,2.423,2.516,2.587,2.654
20230403,1.354,1.924,1.985,2.364,2.429,2.522,2.593,2.66
20230331,1.838,2.215,2.622,2.4,2.448,2.539,2.599,2.666
20230330,0.836,2.144,2.585,2.4,2.454,2.541,2.6,2.667
20230329,0.901,2.157,2.656,2.4,2.456,2.542,2.601,2.671
20230328,1.121,2.028,2.613,2.402,2.464,2.544,2.604,2.674
20230327,1.106,2.117,2.545,2.4,2.468,2.547,2.606,2.676
20230324,1.288,1.703,2.55,2.399,2.473,2.548,2.606,2.678
20230323,1.558,1.937,2.489,2.399,2.476,2.554,2.614,2.683
20230322,2.024,2.078,2.26,2.396,2.479,2.557,2.621,2.687
20230321,2.459,2.198,2.461,2.398,2.487,2.566,2.63,2.699
20230320,2.273,2.163,2.359,2.397,2.492,2.582,2.646,2.723
20230317,2.262,2.086,2.262,2.397,2.5,2.598,2.664,2.74
20230316,2.294,2.177,2.234,2.39,2.5,2.6,2.669,2.744
20230315,2.109,2.089,2.18,2.384,2.5,2.598,2.673,2.745
20230314,1.829,2.055,2.066,2.378,2.499,2.598,2.672,2.746
20230313,1.614,1.959,2.009,2.371,2.498,2.598,2.671,2.749
20230310,1.829,2.013,2.08,2.364,2.497,2.596,2.67,2.75
20230309,1.373,1.921,1.9655,2.35,2.491,2.594,2.667,2.75
20230308,1.648,1.915,2.017,2.333,2.486,2.588,2.659,2.745
20230307,1.436,1.873,2.022,2.314,2.476,2.584,2.654,2.738
20230306,1.231,1.816,1.878,2.299,2.469,2.578,2.65,2.732
20230303,1.291,1.931,1.927,2.295,2.466,2.574,2.647,2.725
20230302,1.62,1.993,1.956,2.294,2.459,2.567,2.642,2.718
20230301,2.087,2.09,2.104,2.294,2.45,2.559,2.636,2.711
20230228,2.083,2.352,2.661,2.292,2.437,2.55,2.629,2.704
20230227,1.817,2.177,2.527,2.287,2.423,2.535,2.621,2.692
20230224,1.433,2.243,2.509,2.285,2.416,2.528,2.612,2.68
20230223,1.475,2.163,2.495,2.278,2.406,2.518,2.602,2.668
20230222,1.765,2.158,2.515,2.267,2.403,2.511,2.599,2.66
20230221,2.195,2.136,2.449,2.253,2.397,2.505,2.595,2.648
20230220,2.157,2.104,2.286,2.236,2.392,2.5,2.593,2.643
20230217,2.115,2.198,2.604,2.222,2.385,2.5,2.589,2.635
20230216,2.005,2.095,2.278,2.214,2.383,2.499,2.584,2.626
20230215,1.902,1.996,2.053,2.2,2.379,2.495,2.583,2.624
20230214,1.576,2.007,2.037,2.2,2.373,2.493,2.583,2.623
20230213,1.412,1.923,1.982,2.199,2.371,2.49,2.581,2.621
20230210,1.865,1.961,2.226,2.198,2.371,2.487,2.579,2.621
20230209,2.318,2.198,2.388,2.196,2.37,2.483,2.577,2.618
20230208,2.365,2.194,2.344,2.191,2.365,2.476,2.573,2.613
20230207,2.241,2.086,2.063,2.184,2.36,2.473,2.568,2.605
20230206,1.782,2.007,1.966,2.174,2.359,2.472,2.56,2.597
20230203,1.262,1.85,1.868,2.173,2.357,2.466,2.549,2.59
20230202,1.635,1.959,1.927,2.19,2.36,2.469,2.542,2.584
20230201,2.119,2.045,2.071,2.205,2.362,2.469,2.534,2.581
20230131,1.988,2.121,2.118,2.227,2.364,2.466,2.532,2.58
20230130,1.411,2.05,1.971,2.24,2.365,2.466,2.531,2.578
20230129,1.202,1.854,1.93,2.264,2.367,2.466,2.532,2.577
20230128,1.432,1.915,1.91,2.272,2.373,2.467,2.535,2.581
20230120,1.834,1.988,2.293,2.294,2.377,2.472,2.535,2.583
20230119,1.656,2.281,2.757,2.291,2.376,2.472,2.534,2.584
20230118,1.933,2.135,2.79,2.285,2.374,2.467,2.528,2.579
20230117,1.852,2.195,2.768,2.264,2.366,2.458,2.516,2.571
20230116,1.568,2.054,2.589,2.244,2.356,2.447,2.5,2.559
20230113,1.242,1.94,2.145,2.22,2.353,2.441,2.492,2.553
20230112,1.465,1.992,2.204,2.194,2.353,2.435,2.486,2.55
20230111,1.426,1.996,2.123,2.174,2.347,2.428,2.476,2.54
20230110,1.116,1.933,1.978,2.138,2.338,2.414,2.465,2.523
20230109,0.671,1.729,1.73,2.135,2.331,2.406,2.456,2.518
20230106,0.539,1.58,1.496,2.15,2.335,2.411,2.468,2.523
20230105,0.574,1.388,1.431,2.189,2.352,2.435,2.491,2.542
20230104,1.003,1.582,1.518,2.255,2.38,2.468,2.528,2.577
20230103,1.475,1.92,1.618,2.334,2.415,2.503,2.559,2.611
20221230,1.957,2.223,3.145,2.346,2.422,2.508,2.565,2.619
20221229,0.441,2.261,3.165,2.34,2.418,2.505,2.561,2.619
20221228,0.522,2.019,3.19,2.332,2.416,2.504,2.558,2.62
20221227,0.632,2.004,3.084,2.321,2.411,2.498,2.554,2.62
20221226,0.82,1.961,3.039,2.306,2.405,2.494,2.55,2.623
20221223,0.585,1.687,2.835,2.287,2.402,2.489,2.546,2.626
20221222,0.783,1.579,2.571,2.271,2.395,2.48,2.537,2.617
20221221,0.921,1.687,2.288,2.246,2.384,2.471,2.531,2.613
20221220,1.166,1.807,2.036,2.222,2.361,2.461,2.52,2.603
20221219,1.217,1.8,1.782,2.21,2.355,2.458,2.517,2.596
20221216,1.224,1.752,1.737,2.171,2.339,2.45,2.508,2.587
20221215,1.223,1.626,1.745,2.123,2.321,2.434,2.49,2.569
20221214,1.199,1.669,1.732,2.065,2.298,2.412,2.472,2.547
20221213,1.032,1.748,1.691,2.037,2.283,2.403,2.459,2.532
20221212,1.052,1.61,1.715,2.006,2.273,2.392,2.44,2.514
20221209,1.071,1.759,1.635,1.978,2.259,2.379,2.429,2.5
20221208,1.064,1.71,1.637,1.967,2.25,2.3695,2.419,2.488
20221207,1.007,1.663,1.581,1.952,2.231,2.353,2.405,2.476
20221206,1.043,1.677,1.65,1.935,2.207,2.335,2.39,2.465
20221205,1.08,1.689,1.619,1.929,2.201,2.327,2.384,2.46
20221202,1.157,1.693,1.7,1.923,2.2,2.316,2.377,2.454
20221201,1.458,1.729,1.711,1.919,2.197,2.308,2.37,2.445
20221130,1.515,1.915,1.966,1.915,2.193,2.305,2.364,2.435
20221129,1.023,1.865,1.862,1.909,2.186,2.302,2.359,2.423
20221128,1.033,1.881,1.87,1.913,2.185,2.298,2.358,2.417
20221125,1.021,1.744,1.96,1.924,2.188,2.302,2.363,2.419
20221124,1.044,1.769,1.957,1.94,2.195,2.316,2.378,2.437
20221123,1.039,1.673,1.906,1.949,2.25,2.36,2.423,2.482
20221122,0.871,1.665,2.1,1.947,2.248,2.356,2.414,2.476
20221121,1.139,1.675,2.036,1.938,2.241,2.34,2.399,2.463
20221118,1.364,1.791,2.037,1.933,2.238,2.311,2.384,2.449
20221117,1.699,1.863,1.981,1.93,2.213,2.276,2.366,2.436
20221116,1.936,1.998,2.087,1.884,2.116,2.164,2.264,2.349
20221115,1.853,1.929,1.969,1.831,2.009,2.043,2.153,2.224
20221114,1.646,1.846,1.874,1.768,1.912,1.948,2.071,2.133
20221111,1.704,1.888,1.825,1.716,1.868,1.924,2.041,2.092
20221110,1.826,1.938,1.846,1.7,1.838,1.916,2.02,2.076
20221109,1.808,1.855,1.801,1.698,1.807,1.908,2.006,2.062
20221108,1.756,1.812,1.753,1.688,1.781,1.896,2.002,2.054
20221107,1.62,1.786,1.695,1.677,1.769,1.891,1.997,2.049
20221104,1.386,1.702,1.628,1.675,1.754,1.884,1.989,2.043
20221103,1.324,1.718,1.608,1.676,1.752,1.884,1.982,2.04
20221102,1.755,1.771,1.682,1.684,1.752,1.884,1.983,2.039
20221101,1.843,1.829,1.652,1.683,1.75,1.884,1.98,2.038
20221031,1.739,1.952,1.983,1.68,1.745,1.881,1.978,2.037
20221028,1.327,1.963,1.96,1.675,1.743,1.877,1.978,2.036
20221027,1.764,2.013,2.063,1.673,1.741,1.874,1.977,2.036
20221026,1.775,1.995,2.111,1.657,1.734,1.867,1.974,2.034
20221025,1.763,1.876,2.127,1.639,1.724,1.858,1.966,2.027
20221024,1.394,1.726,1.811,1.628,1.71,1.845,1.956,2.02
20221021,1.23,1.682,1.698,1.62,1.702,1.836,1.949,2.014
20221020,1.154,1.581,1.576,1.612,1.697,1.825,1.935,2.008
20221019,1.116,1.547,1.481,1.609,1.691,1.815,1.933,2.005
20221018,1.134,1.53,1.479,1.61,1.686,1.812,1.927,2.004
20221017,1.167,1.558,1.462,1.613,1.684,1.81,1.925,2.004
20221014,1.133,1.594,1.484,1.613,1.68,1.806,1.922,2.003
20221013,1.182,1.638,1.49,1.619,1.677,1.804,1.92,2.003
20221012,1.155,1.611,1.454,1.62,1.671,1.803,1.918,2.002
20221011,1.183,1.621,1.453,1.634,1.678,1.804,1.918,2.004
20221010,1.11,1.497,1.438,1.644,1.679,1.804,1.919,2.004
20221009,1.178,1.616,1.409,1.655,1.674,1.802,1.922,2.006
20221008,1.652,1.699,1.564,1.698,1.676,1.801,1.925,2.009
20220930,2.081,2.055,2.63,1.711,1.673,1.8,1.931,2.016
20220929,0.964,2.015,2.453,1.71,1.666,1.799,1.929,2.011
20220928,1.27,1.747,2.553,1.682,1.652,1.796,1.922,2.006
20220927,1.399,1.697,2.025,1.665,1.634,1.792,1.912,2.0
20220926,1.429,1.84,1.953,1.646,1.621,1.791,1.904,1.995
20220923,1.465,1.608,1.85,1.625,1.612,1.781,1.9,1.995
20220922,1.461,1.646,1.824,1.617,1.609,1.779,1.899,1.996
20220921,1.468,1.726,1.8,1.593,1.607,1.777,1.897,1.996
20220920,1.458,1.687,1.685,1.573,1.606,1.768,1.894,1.99
20220919,1.41,1.699,1.659,1.536,1.601,1.76,1.885,1.984
20220916,1.294,1.643,1.552,1.511,1.599,1.752,1.876,1.977
20220915,1.226,1.547,1.46,1.508,1.599,1.751,1.873,1.974
20220914,1.173,1.557,1.449,1.508,1.599,1.752,1.874,1.974
20220913,1.171,1.521,1.414,1.502,1.599,1.751,1.872,1.972
20220909,1.173,1.476,1.409,1.503,1.6,1.75,1.87,1.969
20220908,1.159,1.502,1.406,1.501,1.601,1.75,1.87,1.971
20220907,1.113,1.524,1.403,1.5,1.6,1.75,1.87,1.971
20220906,1.069,1.449,1.376,1.5,1.6,1.75,1.87,1.971
20220905,1.033,1.409,1.372,1.5,1.6,1.75,1.87,1.971
20220902,1.175,1.51,1.428,1.5,1.6,1.75,1.87,1.97
20220901,1.463,1.497,1.47,1.5,1.6,1.75,1.873,1.972
20220831,1.401,1.78,1.672,1.501,1.6,1.75,1.874,1.974
20220830,1.124,1.649,1.675,1.5,1.599,1.75,1.873,1.973
20220829,1.235,1.639,1.696,1.498,1.596,1.747,1.871,1.973
20220826,1.258,1.745,1.649,1.495,1.594,1.744,1.868,1.969
20220825,1.153,1.515,1.461,1.49,1.593,1.739,1.861,1.963
20220824,1.122,1.445,1.448,1.49,1.593,1.737,1.857,1.96
20220823,1.109,1.499,1.443,1.491,1.594,1.736,1.856,1.959
20220822,1.1433,1.5089,1.4578,1.4911,1.5956,1.7367,1.8556,1.96
20220819,1.211,1.509,1.458,1.492,1.597,1.741,1.857,1.961
20220818,1.187,1.479,1.434,1.491,1.598,1.743,1.859,1.961
20220817,1.138,1.467,1.355,1.498,1.598,1.742,1.859,1.964
20220816,1.075,1.392,1.356,1.5,1.599,1.744,1.864,1.965
20220815,1.043,1.425,1.315,1.505,1.607,1.75,1.873,1.978
20220812,1.044,1.413,1.349,1.513,1.622,1.763,1.889,1.995
20220811,1.03,1.404,1.357,1.53,1.629,1.766,1.888,1.99
20220810,1.068,1.43,1.334,1.533,1.637,1.771,1.88,1.988
20220809,1.018,1.409,1.325,1.546,1.647,1.784,1.894,1.997
20220808,1.013,1.391,1.322,1.569,1.667,1.8,1.916,2.013
20220805,1.019,1.384,1.351,1.594,1.699,1.838,1.95,2.043
20220804,1.025,1.381,1.357,1.622,1.729,1.879,1.989,2.079
20220803,1.026,1.385,1.39,1.679,1.767,1.911,2.028,2.119
20220802,1.076,1.526,1.461,1.704,1.799,1.942,2.066,2.151
20220801,1.177,1.56,1.547,1.721,1.825,1.982,2.109,2.193
20220729,1.254,1.705,1.61,1.737,1.846,1.996,2.131,2.218
20220728,1.014,1.546,1.632,1.742,1.854,2.004,2.144,2.226
20220727,1.008,1.613,1.649,1.748,1.863,2.012,2.157,2.236
20220726,1.018,1.632,1.654,1.755,1.872,2.021,2.166,2.246
20220725,1.074,1.639,1.656,1.756,1.881,2.03,2.173,2.256
20220722,1.194,1.635,1.642,1.757,1.893,2.038,2.184,2.266
20220721,1.254,1.679,1.634,1.767,1.909,2.054,2.203,2.284
20220720,1.27,1.679,1.697,1.773,1.924,2.07,2.22,2.298
20220719,1.242,1.629,1.65,1.77,1.948,2.091,2.236,2.31
20220718,1.218,1.646,1.727,1.772,1.974,2.113,2.251,2.322
20220715,1.211,1.593,1.563,1.774,1.977,2.116,2.256,2.326
20220714,1.195,1.629,1.567,1.775,1.979,2.118,2.261,2.333
20220713,1.219,1.617,1.578,1.784,1.9835,2.122,2.266,2.337
20220712,1.211,1.621,1.588,1.789,1.9855,2.126,2.273,2.344
20220711,1.223,1.627,1.58,1.797,1.9895,2.128,2.278,2.346
20220708,1.216,1.651,1.586,1.807,1.9925,2.13,2.28,2.349
20220707,1.222,1.626,1.593,1.822,1.995,2.133,2.281,2.354
20220706,1.21,1.641,1.635,1.834,1.998,2.135,2.283,2.355
20220705,1.367,1.669,1.594,1.86,2.0,2.139,2.287,2.359
20220704,1.418,1.624,1.602,1.878,2.0,2.137,2.288,2.36
20220701,1.441,1.798,1.689,1.887,2.0,2.14,2.289,2.363
20220630,1.901,2.2,2.157,1.898,2.0,2.141,2.289,2.363
20220629,1.372,2.025,2.18,1.898,2.0,2.141,2.288,2.362
20220628,1.438,1.98,2.116,1.895,2.0,2.139,2.288,2.363
20220627,1.438,1.992,2.043,1.894,2.0,2.139,2.288,2.36
20220624,1.435,1.85,1.984,1.893,2.0,2.138,2.287,2.364
20220623,1.437,1.755,1.963,1.893,2.0,2.137,2.291,2.367
20220622,1.444,1.783,1.848,1.892,2.0,2.137,2.291,2.369
20220621,1.438,1.796,1.845,1.891,2.0,2.136,2.291,2.372
20220620,1.418,1.829,1.786,1.891,2.0,2.136,2.291,2.374
20220617,1.414,1.737,1.664,1.891,2.0,2.14,2.291,2.378
20220616,1.413,1.688,1.626,1.892,2.0,2.146,2.293,2.381
20220615,1.413,1.708,1.614,1.893,2.002,2.15,2.292,2.381
20220614,1.413,1.656,1.607,1.892,2.002,2.15,2.285,2.377
20220613,1.408,1.7,1.611,1.889,2.002,2.15,2.282,2.373
20220610,1.403,1.675,1.601,1.89,2.0,2.148,2.282,2.369
20220609,1.414,1.707,1.62,1.887,2.003,2.145,2.275,2.365
20220608,1.419,1.689,1.628,1.882,2.003,2.144,2.268,2.357
20220607,1.421,1.708,1.65,1.877,2.003,2.138,2.261,2.349
20220606,1.454,1.701,1.636,1.873,2.001,2.134,2.245,2.332
20220602,1.432,1.674,1.625,1.87,1.999,2.133,2.241,2.323
20220601,1.413,1.652,1.641,1.865,1.998,2.13,2.238,2.317
20220531,1.588,1.898,1.757,1.865,1.998,2.129,2.238,2.318
20220530,1.405,1.814,1.803,1.856,1.997,2.126,2.236,2.319
20220527,1.381,1.777,1.738,1.854,1.995,2.13,2.239,2.323
20220526,1.364,1.765,1.737,1.875,1.99,2.136,2.243,2.325
20220525,1.347,1.785,1.737,1.871,2.009,2.143,2.243,2.326
20220524,1.325,1.681,1.691,1.897,2.013,2.151,2.242,2.323
20220523,1.323,1.693,1.704,1.9,2.021,2.167,2.254,2.331
20220520,1.322,1.665,1.701,1.932,2.05,2.186,2.261,2.337
20220519,1.414,1.654,1.669,1.937,2.067,2.208,2.275,2.343
20220518,1.326,1.647,1.645,1.941,2.078,2.222,2.288,2.359
20220517,2.109,1.584,1.594,1.945,1.325,2.239,2.301,2.377
20220516,2.145,1.714,1.624,1.978,1.311,2.255,2.313,2.393
20220513,2.155,1.671,1.6145,2.015,1.31,2.264,2.33,2.408
20220512,2.166,1.714,1.671,2.064,1.309,2.275,2.341,2.42
20220511,2.173,1.708,1.656,2.071,1.325,2.289,2.35,2.431
20220510,2.181,1.63,1.75,2.078,1.305,2.3,2.356,2.442
20220509,2.186,1.814,1.751,2.089,1.309,2.304,2.364,2.45
20220507,2.195,1.699,1.8,2.109,1.294,2.308,2.371,2.462
20220506,2.202,1.789,1.77,2.114,1.351,2.311,2.376,2.468
20220505,2.209,1.903,1.907,2.116,1.783,2.317,2.381,2.474
20220429,2.217,2.006,2.022,2.125,1.838,2.324,2.384,2.474
20220428,2.231,1.88,1.975,2.142,1.301,2.334,2.393,2.484
20220427,2.242,1.743,1.889,2.154,1.303,2.346,2.404,2.497
20220426,2.252,1.681,1.892,2.166,1.306,2.355,2.413,2.507
20220425,2.262,1.712,1.945,2.181,1.303,2.368,2.424,2.516
20220424,2.274,1.809,1.961,2.194,1.302,2.38,2.436,2.53
20220422,2.305,1.7,1.946,2.213,1.255,2.398,2.451,2.54
20220421,2.313,1.804,1.971,2.222,1.294,2.407,2.461,2.549
20220420,2.323,1.937,1.971,2.23,1.303,2.411,2.465,2.555
20220419,2.327,1.801,2.021,2.237,1.294,2.415,2.472,2.558
20220418,2.331,1.876,1.904,2.245,1.403,2.418,2.476,2.562
20220415,1.339,1.822,1.884,2.253,2.336,2.421,2.482,2.567
20220414,1.552,1.905,1.924,2.267,2.343,2.429,2.488,2.572
20220413,1.665,1.966,1.933,2.276,2.347,2.434,2.493,2.575
20220412,1.772,2.04,1.971,2.284,2.351,2.437,2.496,2.577
20220411,1.856,1.947,1.938,2.291,2.357,2.441,2.5,2.582
20220408,1.751,1.985,1.941,2.295,2.363,2.444,2.506,2.586
20220407,1.825,2.051,1.971,2.29,2.36,2.443,2.505,2.593
20220406,1.848,2.004,2.015,2.305,2.37,2.451,2.508,2.605
20220401,1.604,2.017,2.0,2.307,2.372,2.452,2.513,2.606
20220331,2.011,2.197,2.392,2.313,2.373,2.452,2.513,2.606
20220330,1.557,2.171,2.399,2.313,2.371,2.451,2.511,2.606
20220329,1.727,2.145,2.391,2.314,2.372,2.452,2.511,2.605
20220328,1.946,2.188,2.475,2.313,2.37,2.451,2.51,2.604
20220325,2.001,2.207,2.433,2.31,2.369,2.452,2.509,2.603
20220324,2.005,2.056,2.365,2.308,2.369,2.452,2.509,2.601
20220323,2.003,2.074,2.308,2.305,2.368,2.451,2.509,2.601
20220322,1.946,2.073,2.319,2.303,2.369,2.451,2.509,2.6
20220321,2.015,2.104,2.292,2.303,2.368,2.451,2.506,2.595
20220318,1.992,2.073,2.248,2.303,2.368,2.451,2.505,2.594
20220317,2.009,2.083,2.111,2.301,2.367,2.451,2.504,2.593
20220316,2.04,2.115,2.13,2.302,2.366,2.451,2.504,2.586
20220315,2.063,2.122,2.167,2.301,2.363,2.45,2.503,2.581
20220314,2.063,2.104,2.101,2.3,2.362,2.45,2.503,2.579
20220311,2.051,2.102,2.1,2.3,2.362,2.45,2.503,2.578
20220310,2.025,2.082,2.077,2.3,2.362,2.45,2.502,2.575
20220309,2.024,2.059,2.039,2.3,2.359,2.45,2.502,2.571
20220308,2.056,2.114,2.068,2.3,2.361,2.45,2.502,2.568
20220307,2.039,2.068,2.041,2.3,2.36,2.45,2.501,2.566
20220304,1.902,2.048,2.0,2.3,2.362,2.449,2.5,2.566
20220303,1.729,2.005,1.995,2.3,2.363,2.448,2.501,2.566
20220302,1.887,2.046,2.02,2.302,2.365,2.446,2.502,2.563
20220301,1.801,2.029,2.045,2.303,2.366,2.445,2.504,2.566
20220228,2.234,2.249,2.303,2.305,2.37,2.447,2.506,2.565
20220225,2.231,2.322,2.375,2.306,2.374,2.448,2.507,2.57
20220224,2.197,2.187,2.283,2.307,2.379,2.448,2.508,2.567
20220223,2.043,2.176,2.27,2.308,2.383,2.449,2.509,2.569
20220222,2.039,2.191,2.254,2.31,2.385,2.45,2.511,2.573
20220221,2.195,2.14,2.302,2.315,2.392,2.453,2.515,2.579
20220218,2.11,2.098,2.227,2.323,2.4,2.457,2.524,2.586
20220217,1.855,2.002,2.047,2.334,2.406,2.463,2.534,2.596
20220216,1.942,2.057,2.028,2.34,2.41,2.466,2.54,2.604
20220215,1.807,2.0,2.008,2.348,2.415,2.471,2.545,2.613
20220214,1.866,2.023,1.972,2.359,2.424,2.476,2.554,2.62
20220211,1.812,2.021,1.972,2.369,2.432,2.483,2.563,2.629
20220210,1.673,1.965,1.963,2.381,2.442,2.49,2.571,2.639
20220209,1.728,2.01,1.97,2.395,2.447,2.495,2.584,2.654
20220208,2.044,2.087,2.032,2.4,2.448,2.496,2.585,2.655
20220207,2.112,2.102,2.145,2.407,2.454,2.498,2.588,2.657
20220128,1.2,2.25,2.561,2.419,2.457,2.5,2.595,2.66
20220127,1.614,2.12,2.462,2.418,2.457,2.504,2.599,2.664
20220126,1.74,2.088,2.502,2.419,2.46,2.508,2.602,2.668
20220125,1.931,2.093,2.489,2.419,2.464,2.513,2.605,2.674
20220124,1.935,2.132,2.435,2.418,2.465,2.517,2.613,2.678
20220121,2.063,2.112,2.368,2.417,2.466,2.521,2.619,2.682
20220120,2.035,2.113,2.431,2.418,2.471,2.526,2.623,2.686
20220119,2.035,2.127,2.405,2.422,2.483,2.534,2.63,2.696
20220118,1.921,2.088,2.209,2.427,2.493,2.548,2.64,2.706
20220117,2.113,2.183,2.391,2.428,2.499,2.555,2.645,2.711
20220114,2.209,2.213,2.235,2.429,2.5,2.564,2.65,2.718
20220113,2.218,2.202,2.079,2.427,2.5,2.569,2.65,2.721
20220112,1.972,2.098,2.039,2.428,2.5,2.57,2.65,2.724
20220111,1.984,2.131,2.027,2.429,2.5,2.574,2.65,2.726
20220110,1.878,2.093,1.977,2.429,2.5,2.575,2.654,2.726
20220107,1.839,2.103,1.966,2.43,2.5,2.578,2.656,2.729
20220106,1.714,2.042,1.995,2.429,2.5,2.584,2.657,2.734
20220105,1.777,2.148,2.046,2.429,2.5,2.588,2.658,2.737
20220104,1.925,2.099,2.112,2.429,2.5,2.589,2.659,2.736
20211231,2.129,2.271,2.988,2.431,2.5,2.59,2.66,2.736
20211230,1.276,2.321,3.113,2.43,2.501,2.592,2.66,2.737
20211229,1.343,2.25,3.058,2.429,2.5,2.591,2.661,2.737
20211228,1.616,2.245,3.099,2.425,2.5,2.591,2.662,2.738
20211227,1.778,2.312,3.07,2.424,2.5,2.591,2.662,2.737
20211224,1.84,1.943,3.288,2.416,2.5,2.592,2.663,2.737
20211223,1.631,2.023,3.053,2.409,2.496,2.591,2.661,2.738
20211222,1.687,2.012,2.907,2.402,2.494,2.591,2.66,2.739
20211221,1.858,2.087,2.708,2.386,2.493,2.59,2.66,2.738
20211220,1.994,2.121,2.482,2.381,2.492,2.588,2.658,2.735
20211217,1.862,2.151,2.177,2.368,2.492,2.587,2.656,2.735
20211216,2.116,2.209,2.157,2.366,2.491,2.587,2.657,2.736
20211215,2.137,2.201,2.222,2.364,2.493,2.587,2.657,2.736
20211214,2.168,2.21,2.29,2.365,2.493,2.587,2.657,2.736
20211213,2.108,2.197,2.141,2.364,2.493,2.587,2.657,2.737
20211210,1.807,2.184,2.132,2.36,2.492,2.587,2.657,2.736
20211209,2.154,2.22,2.286,2.36,2.49,2.585,2.657,2.738
20211208,2.151,2.202,2.252,2.36,2.489,2.583,2.655,2.74
20211207,2.13,2.159,2.167,2.357,2.488,2.586,2.658,2.743
20211206,1.817,2.129,2.087,2.358,2.492,2.594,2.66,2.746
20211203,1.913,2.078,2.145,2.357,2.499,2.6,2.666,2.751
20211202,1.984,2.1,2.083,2.356,2.496,2.599,2.665,2.752
20211201,2.017,2.121,2.115,2.357,2.494,2.597,2.667,2.752
20211130,2.173,2.297,2.576,2.356,2.492,2.595,2.674,2.753
20211129,1.86,2.239,2.295,2.353,2.489,2.594,2.676,2.752
20211126,1.712,2.247,2.322,2.353,2.486,2.593,2.676,2.754
20211125,1.823,2.231,2.397,2.353,2.484,2.592,2.677,2.756
20211124,1.788,2.269,2.425,2.353,2.482,2.589,2.676,2.756
20211123,2.178,2.17,2.432,2.353,2.48,2.586,2.675,2.757
20211122,1.946,2.109,2.35,2.35,2.477,2.583,2.674,2.756
20211119,1.998,2.171,2.323,2.348,2.475,2.577,2.673,2.756
20211118,1.932,2.172,2.306,2.346,2.473,2.576,2.671,2.757
20211117,2.152,2.182,2.196,2.349,2.467,2.572,2.671,2.759
20211116,1.923,2.096,2.103,2.356,2.463,2.566,2.671,2.762
20211115,1.787,2.1,2.111,2.359,2.46,2.563,2.674,2.763
20211112,1.856,2.124,2.093,2.382,2.454,2.556,2.673,2.767
20211111,1.881,2.113,2.144,2.398,2.454,2.554,2.673,2.768
20211110,1.833,2.142,2.201,2.398,2.454,2.551,2.673,2.769
20211109,2.137,2.191,2.227,2.399,2.454,2.55,2.673,2.774
20211108,1.897,2.121,2.167,2.396,2.452,2.546,2.673,2.779
20211105,1.887,2.129,2.213,2.398,2.451,2.542,2.673,2.78
20211104,1.886,2.132,2.146,2.397,2.451,2.542,2.675,2.784
20211103,2.0,2.137,2.186,2.397,2.452,2.541,2.675,2.784
20211102,2.126,2.185,2.205,2.394,2.45,2.539,2.673,2.783
20211101,2.03,2.168,2.158,2.398,2.449,2.537,2.671,2.783
20211029,2.142,2.299,2.414,2.398,2.449,2.536,2.669,2.782
20211028,1.94,2.301,2.441,2.396,2.448,2.533,2.666,2.778
20211027,1.921,2.268,2.441,2.392,2.445,2.529,2.664,2.773
20211026,1.546,2.262,2.424,2.387,2.443,2.525,2.664,2.766
20211025,1.61,2.243,2.41,2.38,2.438,2.522,2.661,2.759
20211022,1.672,2.056,2.434,2.37,2.434,2.511,2.663,2.758
20211021,1.683,2.055,2.456,2.366,2.432,2.509,2.66,2.753
20211020,2.104,2.221,2.395,2.363,2.431,2.504,2.657,2.746
20211019,2.223,2.283,2.552,2.362,2.428,2.501,2.655,2.738
20211018,2.131,2.174,2.278,2.357,2.422,2.5,2.654,2.734
20211015,2.065,2.132,2.145,2.3582,2.4222,2.498,2.653,2.7265
20211014,2.106,2.198,2.3,2.359,2.423,2.498,2.653,2.725
20211013,2.157,2.202,2.199,2.357,2.42,2.495,2.651,2.717
20211012,2.101,2.167,2.183,2.363,2.423,2.492,2.651,2.716
20211011,2.135,2.199,2.181,2.366,2.423,2.488,2.651,2.718
20211008,2.105,2.17,2.095,2.399,2.433,2.489,2.656,2.722
20210930,2.22,2.266,2.97,2.439,2.431,2.489,2.655,2.722
20210929,1.505,2.45,2.9,2.436,2.427,2.489,2.652,2.718
20210928,1.946,2.115,2.809,2.426,2.417,2.485,2.653,2.713
20210927,1.708,1.984,2.732,2.418,2.408,2.483,2.65,2.708
20210924,1.695,2.219,2.709,2.408,2.397,2.473,2.65,2.7
20210923,2.035,2.189,2.657,2.396,2.39,2.469,2.649,2.7
20210922,2.161,2.232,2.387,2.387,2.385,2.469,2.649,2.7
20210917,2.213,2.398,2.382,2.373,2.372,2.468,2.649,2.7
20210916,2.21,2.234,2.345,2.356,2.365,2.466,2.649,2.7
20210915,2.137,2.213,2.336,2.344,2.363,2.468,2.649,2.7
20210914,2.296,2.28,2.353,2.339,2.361,2.468,2.649,2.699
20210913,2.165,2.203,2.296,2.32,2.357,2.467,2.644,2.699
20210910,2.109,2.199,2.227,2.312,2.357,2.467,2.649,2.698
20210909,2.029,2.158,2.237,2.311,2.357,2.467,2.649,2.698
20210908,2.184,2.201,2.246,2.307,2.357,2.468,2.649,2.699
20210907,2.187,2.198,2.17,2.305,2.355,2.471,2.649,2.698
20210906,2.115,2.151,2.169,2.307,2.355,2.469,2.649,2.698
20210903,1.943,2.059,2.051,2.31,2.356,2.47,2.648,2.699
20210902,2.082,2.075,2.056,2.311,2.356,2.47,2.646,2.699
20210901,2.122,2.104,2.039,2.323,2.358,2.47,2.651,2.7
20210831,2.195,2.322,2.36,2.329,2.357,2.473,2.652,2.7
20210830,1.846,2.308,2.323,2.319,2.355,2.472,2.652,2.7
20210827,2.092,2.329,2.306,2.315,2.354,2.471,2.652,2.7
20210826,2.199,2.319,2.317,2.312,2.354,2.471,2.653,2.7
20210825,2.211,2.311,2.322,2.309,2.354,2.471,2.651,2.7
20210824,2.262,2.224,2.299,2.303,2.353,2.471,2.656,2.7
20210823,2.143,2.16,2.244,2.3,2.353,2.471,2.656,2.7
20210820,2.042,2.115,2.235,2.3,2.353,2.472,2.656,2.7
20210819,1.841,2.091,2.248,2.3,2.354,2.474,2.656,2.7
20210818,1.725,2.054,2.284,2.3,2.355,2.475,2.659,2.7
20210817,1.972,2.139,2.13,2.3,2.355,2.476,2.663,2.704
20210816,2.105,2.193,2.201,2.301,2.355,2.476,2.665,2.708
20210813,2.176,2.197,2.155,2.3,2.359,2.479,2.666,2.71
20210812,1.94,2.15,2.159,2.295,2.36,2.48,2.667,2.71
20210811,2.032,2.147,2.315,2.292,2.363,2.482,2.674,2.713
20210810,2.25,2.348,2.388,2.289,2.365,2.483,2.678,2.716
20210809,2.212,2.145,2.132,2.27,2.36,2.485,2.683,2.72
20210806,1.859,1.994,2.001,2.278,2.368,2.489,2.69,2.728
20210805,1.709,1.97,1.982,2.288,2.373,2.494,2.698,2.736
20210804,1.71,2.04,2.029,2.295,2.385,2.506,2.712,2.75
20210803,1.836,2.041,2.091,2.303,2.394,2.511,2.726,2.766
20210802,1.876,2.071,2.072,2.318,2.4,2.517,2.734,2.78
20210730,2.178,2.284,2.339,2.331,2.401,2.525,2.74,2.789
20210729,1.644,2.257,2.394,2.326,2.401,2.525,2.742,2.788
20210728,2.092,2.356,2.457,2.329,2.401,2.528,2.747,2.796
20210727,2.27,2.31,2.442,2.324,2.401,2.527,2.746,2.796
20210726,2.119,2.214,2.346,2.32,2.402,2.523,2.746,2.793
20210723,2.057,2.143,2.311,2.318,2.402,2.523,2.746,2.797
20210722,2.114,2.18,2.344,2.317,2.402,2.526,2.746,2.799
20210721,2.182,2.218,2.284,2.315,2.402,2.527,2.748,2.801
20210720,2.178,2.198,2.258,2.313,2.402,2.528,2.754,2.805
20210719,2.111,2.155,2.235,2.315,2.401,2.534,2.76,2.808
20210716,2.115,2.201,2.188,2.318,2.404,2.543,2.769,2.814
20210715,2.098,2.178,2.186,2.316,2.405,2.547,2.776,2.822
20210714,1.984,2.179,2.195,2.326,2.414,2.552,2.785,2.833
20210713,2.05,2.193,2.198,2.333,2.423,2.567,2.791,2.843
20210712,1.94,2.163,2.193,2.339,2.428,2.577,2.804,2.858
20210709,2.206,2.22,2.149,2.351,2.435,2.589,2.818,2.868
20210708,1.791,2.114,2.107,2.357,2.435,2.594,2.823,2.872
20210707,2.068,2.129,2.064,2.376,2.442,2.6,2.84,2.896
20210706,1.908,2.046,2.023,2.378,2.442,2.601,2.841,2.898
20210705,1.665,2.034,2.021,2.382,2.444,2.601,2.841,2.896
20210702,1.614,1.945,2.041,2.385,2.449,2.605,2.841,2.899
20210701,1.734,2.186,2.199,2.407,2.457,2.606,2.841,2.901
20210630,2.177,2.405,2.966,2.415,2.458,2.609,2.841,2.904
20210629,1.795,2.431,2.911,2.41,2.458,2.608,2.84,2.904
20210628,1.558,2.258,2.836,2.405,2.457,2.607,2.84,2.904
20210625,1.55,2.196,2.719,2.404,2.456,2.609,2.84,2.904
20210624,1.853,2.254,2.61,2.404,2.455,2.611,2.84,2.907
20210623,2.208,2.276,2.673,2.406,2.457,2.61,2.841,2.906
20210622,2.301,2.337,2.623,2.406,2.457,2.608,2.838,2.905
20210621,2.247,2.257,2.526,2.401,2.449,2.606,2.834,2.902
20210618,2.014,2.206,2.527,2.398,2.444,2.606,2.83,2.895
20210617,1.876,2.179,2.248,2.391,2.441,2.604,2.829,2.891
20210616,2.006,2.198,2.221,2.388,2.439,2.605,2.826,2.886
20210615,2.104,2.237,2.246,2.383,2.434,2.608,2.825,2.884
20210611,1.998,2.169,2.202,2.384,2.434,2.61,2.824,2.883
20210610,1.892,2.146,2.269,2.381,2.435,2.611,2.823,2.881
20210609,2.188,2.271,2.322,2.386,2.442,2.618,2.826,2.884
20210608,2.193,2.267,2.35,2.383,2.443,2.624,2.824,2.884
20210607,2.299,2.253,2.346,2.385,2.446,2.626,2.822,2.887
20210604,2.175,2.187,2.11,2.377,2.444,2.629,2.821,2.887
20210603,1.852,2.092,2.093,2.384,2.454,2.641,2.829,2.899
20210602,2.04,2.156,2.135,2.397,2.469,2.651,2.835,2.907
20210601,2.187,2.233,2.139,2.406,2.478,2.659,2.84,2.91
20210531,2.227,2.502,2.581,2.407,2.479,2.663,2.838,2.911
20210528,2.166,2.278,2.376,2.404,2.476,2.663,2.834,2.912
20210527,2.117,2.262,2.336,2.403,2.474,2.667,2.836,2.915
20210526,1.99,2.269,2.311,2.405,2.479,2.67,2.841,2.921
20210525,2.194,2.254,2.317,2.406,2.485,2.671,2.842,2.924
20210524,2.171,2.156,2.31,2.407,2.49,2.675,2.842,2.925
20210521,1.996,2.16,2.26,2.41,2.489,2.684,2.843,2.929
20210520,2.092,2.165,2.268,2.412,2.497,2.69,2.843,2.931
20210519,2.025,2.149,2.218,2.416,2.505,2.701,2.843,2.932
20210518,2.119,2.196,2.24,2.418,2.51,2.702,2.841,2.93
20210517,2.136,2.195,2.137,2.419,2.514,2.703,2.841,2.932
20210514,1.805,2.074,2.079,2.422,2.521,2.705,2.842,2.931
20210513,1.966,2.082,2.06,2.423,2.525,2.709,2.842,2.932
20210512,1.951,2.029,2.032,2.429,2.532,2.719,2.843,2.938
20210511,1.938,2.078,1.986,2.432,2.536,2.722,2.843,2.943
20210510,1.663,1.909,1.957,2.437,2.542,2.728,2.848,2.947
20210507,1.779,1.94,2.026,2.463,2.569,2.742,2.865,2.959
20210506,2.097,2.152,2.179,2.477,2.576,2.745,2.874,2.966
20210430,2.285,2.336,2.367,2.489,2.58,2.752,2.879,2.972
20210429,1.823,2.252,2.331,2.49,2.585,2.757,2.88,2.978
20210428,1.78,2.189,2.321,2.491,2.592,2.768,2.884,2.98
20210427,1.814,2.234,2.307,2.491,2.592,2.782,2.889,2.981
20210426,2.075,2.246,2.39,2.494,2.594,2.792,2.896,2.987
20210423,1.942,2.139,2.283,2.5,2.6,2.792,2.9,3.0
20210422,2.127,2.15,2.281,2.5,2.6,2.792,2.9,3.001
20210421,1.864,2.133,2.259,2.5,2.6,2.794,2.9,3.009
20210420,1.854,2.196,2.262,2.5,2.6,2.798,2.9,3.02
20210419,2.118,2.226,2.25,2.5,2.6,2.798,2.9,3.026
20210416,1.946,2.199,2.119,2.501,2.601,2.798,2.9,3.032
20210415,1.81,2.058,2.07,2.502,2.602,2.798,2.9,3.037
20210414,1.81,2.063,2.086,2.503,2.603,2.798,2.902,3.042
20210413,1.781,2.061,2.088,2.508,2.605,2.798,2.903,3.051
20210412,1.792,2.05,2.112,2.51,2.608,2.797,2.909,3.055
20210409,1.784,2.054,2.08,2.516,2.612,2.795,2.911,3.059
20210408,1.76,2.014,2.057,2.523,2.615,2.798,2.913,3.062
20210407,1.824,1.939,2.003,2.532,2.62,2.796,2.917,3.068
20210406,1.765,2.045,2.086,2.533,2.629,2.798,2.922,3.072
20210402,1.734,2.145,2.179,2.541,2.634,2.799,2.93,3.079
20210401,2.143,2.155,2.192,2.541,2.635,2.799,2.935,3.08
20210331,2.124,2.251,2.478,2.542,2.635,2.798,2.941,3.08
20210330,1.825,2.236,2.415,2.541,2.639,2.799,2.944,3.081
20210329,1.814,2.158,2.369,2.554,2.642,2.802,2.951,3.083
20210326,1.762,2.173,2.397,2.569,2.65,2.802,2.966,3.086
20210325,2.029,2.194,2.412,2.577,2.6685,2.809,2.976,3.089
20210324,1.822,1.992,2.429,2.577,2.681,2.815,2.983,3.09
20210323,1.976,2.168,2.452,2.578,2.689,2.826,2.988,3.094
20210322,2.052,2.163,2.469,2.576,2.694,2.832,2.993,3.097
20210319,2.135,2.199,2.297,2.577,2.698,2.836,2.995,3.1
20210318,2.206,2.197,2.313,2.574,2.703,2.831,2.993,3.1
20210317,1.968,2.167,2.17,2.57,2.704,2.832,2.999,3.1
20210316,2.14,2.229,2.29,2.568,2.705,2.836,2.999,3.102
20210315,2.245,2.275,2.411,2.568,2.709,2.843,2.998,3.102
20210312,1.787,2.134,2.151,2.563,2.719,2.848,3.0,3.101
20210311,1.796,2.06,2.087,2.574,2.733,2.855,3.0,3.102
20210310,1.747,2.038,2.086,2.578,2.737,2.86,3.0,3.102
20210309,2.024,2.067,2.102,2.584,2.74,2.867,3.0,3.102
20210308,1.704,2.144,2.129,2.583,2.749,2.879,3.0,3.102
20210305,1.565,1.999,2.081,2.597,2.766,2.885,3.0,3.102
20210304,1.926,2.161,2.111,2.629,2.781,2.893,3.001,3.104
20210303,1.471,1.89,2.107,2.654,2.794,2.898,3.002,3.103
20210302,1.775,2.157,2.196,2.682,2.804,2.899,3.005,3.106
20210301,2.154,2.216,2.22,2.701,2.813,2.899,3.005,3.105
20210226,2.092,2.214,2.328,2.719,2.833,2.9,3.007,3.104
20210225,1.703,2.215,2.349,2.721,2.836,2.9,3.007,3.101
20210224,1.512,2.114,2.368,2.727,2.843,2.902,3.007,3.094
20210223,1.984,2.277,2.418,2.733,2.848,2.9,3.0,3.085
20210222,1.512,2.206,2.324,2.74,2.845,2.895,2.988,3.076
20210219,1.886,2.051,2.397,2.745,2.824,2.876,2.966,3.052
20210218,2.341,2.213,2.292,2.753,2.815,2.866,2.953,3.038
20210210,1.925,2.217,2.383,2.754,2.812,2.862,2.953,3.038
20210209,1.772,2.425,2.732,2.759,2.808,2.85,2.953,3.034
20210208,1.906,2.341,2.762,2.755,2.791,2.828,2.95,3.024
20210205,1.909,2.338,2.877,2.753,2.779,2.807,2.932,3.007
20210204,2.075,2.324,2.644,2.752,2.776,2.807,2.92,3.002
20210203,1.859,2.146,2.585,2.772,2.776,2.807,2.916,3.002
20210202,2.313,2.241,2.715,2.807,2.775,2.805,2.91,3.003
20210201,2.795,3.194,3.283,2.85,2.773,2.802,2.902,2.998
20210129,3.282,3.071,3.798,2.832,2.765,2.796,2.896,2.989
20210128,3.024,2.981,3.555,2.708,2.705,2.756,2.859,2.962
20210127,2.97,2.969,3.064,2.632,2.619,2.707,2.827,2.936
20210126,2.726,2.728,2.853,2.547,2.589,2.699,2.802,2.906
20210125,2.45,2.296,2.681,2.512,2.579,2.691,2.791,2.892
20210122,2.436,2.271,2.601,2.503,2.578,2.688,2.789,2.883
20210121,2.573,2.359,2.651,2.489,2.578,2.688,2.789,2.875
20210120,2.457,2.493,2.619,2.464,2.575,2.688,2.789,2.866
20210119,2.236,2.267,2.248,2.396,2.573,2.685,2.785,2.858
20210118,2.125,2.177,2.141,2.388,2.578,2.69,2.793,2.857
20210115,1.738,2.124,1.99,2.39,2.581,2.694,2.795,2.859
20210114,1.675,2.013,1.937,2.404,2.582,2.697,2.797,2.864
20210113,1.401,1.999,1.951,2.412,2.59,2.697,2.799,2.871
20210112,1.333,1.985,1.923,2.432,2.599,2.703,2.802,2.88
20210111,1.216,2.148,1.821,2.447,2.618,2.715,2.814,2.889
20210108,0.965,2.141,1.793,2.468,2.645,2.738,2.837,2.91
20210107,0.921,1.855,1.742,2.491,2.677,2.769,2.863,2.936
20210106,0.616,1.966,1.788,2.529,2.707,2.792,2.889,2.962
20210105,0.729,1.822,1.856,2.577,2.734,2.816,2.913,2.985
20210104,0.899,1.993,2.021,2.642,2.746,2.829,2.926,2.993
20201231,1.093,2.381,3.025,2.702,2.756,2.838,2.939,3.0
20201230,0.644,2.308,2.964,2.702,2.755,2.837,2.946,3.0
20201229,0.624,2.264,2.805,2.702,2.757,2.837,2.946,3.001
20201228,0.673,2.133,2.865,2.702,2.761,2.838,2.948,3.009
20201225,0.793,2.151,2.829,2.702,2.766,2.84,2.955,3.015
20201224,0.609,1.774,2.798,2.703,2.776,2.849,2.962,3.029
20201223,0.623,2.064,2.846,2.708,2.787,2.854,2.974,3.033
20201222,1.015,2.061,2.94,2.714,2.796,2.868,2.992,3.04
20201221,1.489,2.05,2.862,2.717,2.818,2.887,3.008,3.047
20201218,1.723,2.148,2.267,2.716,2.855,2.922,3.03,3.066
20201217,1.356,1.961,1.937,2.717,2.905,2.97,3.065,3.099
20201216,0.974,1.815,1.9,2.723,2.952,3.024,3.112,3.149
20201215,1.403,2.062,1.999,2.725,2.983,3.071,3.156,3.2
20201214,1.702,2.143,2.046,2.722,3.0,3.1,3.187,3.231
20201211,1.431,2.178,1.978,2.712,3.016,3.13,3.195,3.239
20201210,0.979,2.063,1.973,2.712,3.024,3.142,3.2,3.247
20201209,1.065,2.074,2.042,2.714,3.05,3.154,3.206,3.256
20201208,1.302,2.101,2.052,2.702,3.073,3.155,3.206,3.259
20201207,1.366,2.119,2.032,2.7,3.076,3.155,3.206,3.257
20201204,1.086,2.116,2.017,2.696,3.083,3.156,3.2065,3.2578
20201203,0.901,2.104,1.975,2.706,3.089,3.159,3.21,3.261
20201202,0.742,1.925,1.987,2.703,3.103,3.163,3.216,3.265
20201201,0.764,1.972,2.121,2.717,3.109,3.17,3.224,3.274
20201130,1.115,2.356,2.755,2.743,3.123,3.183,3.246,3.291
20201127,0.836,2.336,2.815,2.734,3.136,3.181,3.25,3.289
20201126,1.298,2.294,2.812,2.718,3.113,3.164,3.235,3.278
20201125,1.578,2.224,2.84,2.716,3.077,3.137,3.219,3.266
20201124,1.828,2.232,2.784,2.713,3.069,3.124,3.207,3.255
20201123,1.839,2.193,2.773,2.703,3.047,3.109,3.203,3.253
20201120,1.959,2.228,2.646,2.702,3.021,3.092,3.196,3.242
20201119,1.918,2.231,2.564,2.69,3.014,3.079,3.189,3.23
20201118,1.72,2.21,2.501,2.689,3.009,3.074,3.178,3.22
20201117,1.798,2.238,2.527,2.686,3.003,3.064,3.171,3.21
20201116,2.252,2.339,2.86,2.682,3.002,3.058,3.169,3.207
20201113,2.523,2.433,2.842,2.679,3.003,3.058,3.166,3.205
20201112,2.521,2.335,2.675,2.671,3.002,3.057,3.161,3.204
20201111,2.314,2.306,2.583,2.646,3.002,3.056,3.156,3.201
20201110,2.333,2.269,2.524,2.636,3.002,3.055,3.154,3.201
20201109,2.193,2.272,2.379,2.646,3.001,3.054,3.153,3.2
20201106,1.79,2.215,2.197,2.64,3.001,3.052,3.153,3.199
20201105,1.377,2.071,2.089,2.633,2.996,3.052,3.154,3.196
20201104,1.449,2.092,2.115,2.643,2.993,3.052,3.153,3.194
20201103,1.868,2.18,2.214,2.643,2.989,3.05,3.151,3.192
20201102,2.322,2.464,2.407,2.687,2.982,3.048,3.145,3.187
20201030,2.236,2.418,3.025,2.689,2.972,3.044,3.136,3.18
20201029,2.125,2.353,2.852,2.69,2.96,3.035,3.123,3.167
20201028,2.379,2.385,2.852,2.686,2.952,3.027,3.109,3.157
20201027,2.38,2.33,2.846,2.668,2.933,3.014,3.099,3.146
20201026,2.18,2.227,2.675,2.658,2.913,3.005,3.089,3.131
20201023,2.161,2.205,2.62,2.653,2.895,2.999,3.078,3.116
20201022,1.911,2.19,2.419,2.649,2.877,2.986,3.066,3.101
20201021,1.988,2.207,2.369,2.645,2.855,2.973,3.052,3.09
20201020,2.162,2.261,2.345,2.635,2.829,2.959,3.035,3.081
20201019,2.187,2.23,2.218,2.634,2.803,2.95,3.029,3.074
20201016,2.017,2.199,2.183,2.632,2.786,2.947,3.022,3.066
20201015,2.063,2.191,2.171,2.633,2.774,2.944,3.015,3.057
20201014,1.962,2.136,2.061,2.637,2.757,2.935,3.008,3.045
20201013,1.7,2.092,1.978,2.636,2.734,2.926,3.005,3.039
20201012,1.53,2.073,1.963,2.635,2.722,2.921,3.0,3.031
20201009,2.038,2.174,2.478,2.668,2.708,2.918,2.994,3.024
20200930,2.361,2.331,3.007,2.68,2.691,2.919,2.988,3.021
20200929,0.913,2.283,2.894,2.67,2.684,2.919,2.982,3.016
20200928,0.602,2.418,2.77,2.666,2.673,2.914,2.978,3.01
20200925,1.113,2.044,2.743,2.655,2.668,2.915,2.973,3.009
20200924,1.424,2.148,2.751,2.642,2.668,2.917,2.968,3.008
20200923,1.884,2.149,2.751,2.627,2.67,2.914,2.959,3.002
20200922,2.286,2.332,2.502,2.624,2.67,2.911,2.957,3.002
20200921,2.204,2.262,2.649,2.619,2.673,2.912,2.955,3.001
20200918,2.101,2.233,2.411,2.609,2.679,2.919,2.96,3.0
20200917,1.769,2.199,2.195,2.603,2.686,2.927,2.964,3.0
20200916,1.404,2.185,2.149,2.597,2.688,2.933,2.968,3.0
20200915,1.731,2.133,2.156,2.596,2.696,2.946,2.978,3.003
20200914,1.607,2.161,2.171,2.59,2.697,2.943,2.979,3.002
20200911,1.464,2.162,2.166,2.564,2.697,2.936,2.975,2.999
20200910,1.34,2.128,2.168,2.538,2.695,2.927,2.967,2.992
20200909,1.607,2.193,2.202,2.502,2.693,2.91,2.953,2.988
20200908,2.051,2.211,2.245,2.468,2.688,2.899,2.944,2.982
20200907,2.088,2.2,2.279,2.436,2.676,2.887,2.93,2.965
20200904,2.052,2.211,2.22,2.399,2.661,2.874,2.92,2.953
20200903,1.742,2.197,2.187,2.39,2.654,2.863,2.914,2.951
20200902,2.094,2.201,2.226,2.38,2.646,2.852,2.905,2.945
20200901,2.104,2.211,2.242,2.372,2.64,2.847,2.901,2.942
20200831,1.766,2.228,2.349,2.374,2.636,2.844,2.893,2.933
20200828,1.345,2.235,2.338,2.366,2.63,2.834,2.883,2.922
20200827,1.477,2.182,2.398,2.367,2.621,2.825,2.871,2.917
20200826,1.63,2.222,2.468,2.37,2.612,2.82,2.859,2.907
20200825,1.969,2.241,2.553,2.368,2.606,2.819,2.856,2.905
20200824,2.3595,2.23,2.548,2.364,2.604,2.81,2.853,2.901
20200821,2.258,2.28,2.422,2.339,2.601,2.802,2.849,2.9
20200820,2.172,2.249,2.341,2.316,2.601,2.8,2.845,2.896
20200819,2.148,2.204,2.248,2.307,2.6,2.795,2.84,2.893
20200818,2.115,2.19,2.231,2.304,2.6,2.788,2.831,2.886
20200817,2.128,2.213,2.276,2.305,2.602,2.779,2.822,2.878
20200814,2.175,2.222,2.307,2.306,2.601,2.778,2.814,2.872
20200813,2.162,2.237,2.284,2.3,2.601,2.769,2.811,2.866
20200812,2.152,2.246,2.271,2.3,2.601,2.764,2.809,2.862
20200811,2.201,2.249,2.197,2.299,2.6,2.757,2.803,2.855
20200810,2.129,2.202,2.098,2.295,2.601,2.755,2.803,2.853
20200807,2.057,2.205,2.052,2.286,2.603,2.755,2.802,2.852
20200806,1.661,2.074,2.021,2.286,2.6,2.749,2.797,2.85
20200805,1.69,2.062,2.035,2.281,2.6,2.744,2.79,2.846
20200804,1.925,2.143,2.043,2.286,2.598,2.733,2.778,2.837
20200803,1.57,2.043,1.946,2.282,2.595,2.715,2.763,2.828
20200731,1.788,2.236,2.247,2.295,2.593,2.709,2.76,2.828
20200730,1.369,2.183,2.24,2.288,2.59,2.705,2.756,2.82
20200729,1.45,2.174,2.281,2.276,2.586,2.7,2.752,2.815
20200728,1.753,2.2,2.278,2.267,2.578,2.697,2.745,2.807
20200727,1.994,2.202,2.289,2.258,2.574,2.69,2.738,2.804
20200724,1.843,2.147,2.234,2.245,2.557,2.676,2.727,2.796
20200723,1.858,2.207,2.192,2.239,2.541,2.654,2.709,2.783
20200722,1.336,2.008,2.187,2.225,2.501,2.621,2.687,2.758
20200721,1.584,2.101,2.215,2.223,2.466,2.565,2.651,2.727
20200720,1.9565,2.183,2.306,2.214,2.404,2.49,2.585,2.671
20200717,2.328,2.227,2.423,2.198,2.356,2.441,2.542,2.637
20200716,2.2465,2.249,2.197,2.145,2.286,2.377,2.479,2.574
20200715,2.022,2.15,2.113,2.1,2.241,2.334,2.438,2.516
20200714,1.67,2.148,2.094,2.077,2.192,2.292,2.404,2.48
20200713,2.128,2.201,2.216,2.057,2.163,2.264,2.385,2.455
20200710,2.197,2.203,1.957,2.035,2.143,2.241,2.367,2.433
20200709,2.189,2.192,2.048,2.013,2.122,2.222,2.353,2.42
20200708,2.088,2.137,1.872,1.998,2.111,2.209,2.335,2.404
20200707,1.706,2.092,1.72,1.998,2.103,2.196,2.318,2.392
20200706,1.346,1.794,1.624,1.997,2.104,2.19,2.305,2.384
20200703,1.364,1.98,1.685,2.011,2.105,2.186,2.301,2.376
20200702,1.745,2.006,1.823,2.038,2.113,2.181,2.297,2.368
20200701,1.967,2.095,1.984,2.071,2.122,2.178,2.299,2.361
20200630,1.785,2.228,2.282,2.083,2.126,2.168,2.296,2.358
20200629,1.012,2.181,2.156,2.096,2.127,2.166,2.29,2.35
20200624,1.54,2.173,2.284,2.098,2.121,2.16,2.28,2.344
20200623,1.971,2.15,2.419,2.08,2.109,2.152,2.265,2.325
20200622,2.133,2.15,2.205,2.057,2.097,2.142,2.253,2.308
20200619,2.131,2.147,2.156,2.048,2.095,2.132,2.249,2.3
20200618,2.123,2.1,2.096,2.023,2.078,2.115,2.223,2.285
20200617,2.048,2.057,1.832,1.993,2.056,2.095,2.207,2.266
20200616,1.751,1.891,1.757,1.95,2.019,2.062,2.166,2.23
20200615,1.477,1.855,1.79,1.916,1.987,2.03,2.141,2.207
20200612,1.529,2.016,1.859,1.899,1.956,2.004,2.106,2.189
20200611,1.757,2.021,1.848,1.86,1.904,1.953,2.051,2.138
20200610,1.849,1.98,1.8,1.791,1.816,1.861,1.947,2.053
20200609,1.833,1.947,1.758,1.741,1.727,1.788,1.884,2.007
20200608,1.89,1.942,1.69,1.647,1.658,1.737,1.83,1.957
20200605,1.582,1.987,1.705,1.582,1.594,1.668,1.773,1.903
20200604,1.963,2.001,1.604,1.513,1.536,1.619,1.745,1.851
20200603,1.885,1.971,1.579,1.455,1.494,1.596,1.723,1.826
20200602,1.468,1.673,1.44,1.422,1.462,1.575,1.69,1.801
20200601,1.629,1.959,1.724,1.424,1.456,1.566,1.678,1.788
20200529,2.097,2.151,1.925,1.43,1.453,1.552,1.667,1.774
20200528,2.102,2.179,1.847,1.412,1.43,1.525,1.64,1.748
20200527,2.104,2.018,1.75,1.39,1.415,1.518,1.626,1.739
20200526,1.88,1.908,1.491,1.342,1.405,1.503,1.611,1.723
20200525,1.473,1.785,1.34,1.316,1.4,1.497,1.6,1.71
20200522,1.094,1.595,1.313,1.307,1.4,1.493,1.6,1.704
20200521,1.104,1.556,1.314,1.303,1.4,1.493,1.6,1.701
20200520,1.22,1.534,1.321,1.301,1.399,1.492,1.599,1.699
20200519,1.385,1.521,1.274,1.3,1.399,1.492,1.598,1.698
20200518,0.905,1.563,1.265,1.3,1.398,1.492,1.598,1.699
20200515,0.864,1.657,1.259,1.3,1.399,1.493,1.599,1.7
20200514,0.743,1.514,1.256,1.3,1.399,1.493,1.598,1.698
20200513,0.705,1.485,1.253,1.3,1.398,1.493,1.597,1.696
20200512,0.803,1.568,1.269,1.3,1.398,1.493,1.595,1.695
20200511,0.876,1.679,1.278,1.3,1.398,1.493,1.594,1.69
20200509,0.85,1.481,1.279,1.3,1.399,1.493,1.592,1.686
20200508,0.938,1.809,1.296,1.3,1.4,1.491,1.589,1.683
20200507,1.143,1.838,1.321,1.304,1.4,1.491,1.589,1.683
20200506,1.483,1.865,1.364,1.311,1.4,1.492,1.589,1.684
20200430,1.888,1.919,1.511,1.314,1.4,1.493,1.588,1.683
20200429,0.661,1.755,1.344,1.304,1.399,1.49,1.585,1.681
20200428,0.874,1.62,1.305,1.304,1.398,1.489,1.583,1.681
20200427,0.874,1.774,1.31,1.307,1.397,1.487,1.58,1.682
20200424,0.912,1.718,1.317,1.302,1.396,1.486,1.582,1.683
20200423,0.893,1.663,1.319,1.301,1.396,1.486,1.58,1.683
20200422,0.901,1.576,1.296,1.3,1.391,1.484,1.578,1.676
20200421,0.901,1.606,1.307,1.302,1.396,1.48,1.572,1.674
20200420,0.896,1.734,1.313,1.301,1.394,1.482,1.578,1.674
20200417,0.716,1.737,1.307,1.308,1.403,1.499,1.594,1.683
20200416,0.702,1.657,1.318,1.324,1.428,1.516,1.603,1.694
20200415,0.801,1.632,1.35,1.341,1.447,1.539,1.631,1.712
20200414,0.994,1.707,1.387,1.353,1.46,1.556,1.644,1.733
20200413,1.378,1.851,1.361,1.365,1.485,1.579,1.668,1.758
20200410,1.349,1.813,1.325,1.4,1.507,1.606,1.702,1.794
20200409,1.182,1.68,1.283,1.473,1.558,1.665,1.769,1.855
20200408,0.893,1.739,1.333,1.553,1.647,1.759,1.87,1.951
20200407,0.806,1.773,1.382,1.659,1.73,1.859,1.993,2.07
20200403,1.001,1.831,1.537,1.741,1.844,1.956,2.075,2.165
20200402,1.278,1.857,1.621,1.772,1.889,1.982,2.098,2.202
20200401,1.403,2.004,1.736,1.809,1.918,2.015,2.123,2.226
20200331,1.614,2.147,1.854,1.827,1.933,2.033,2.14,2.25
20200330,1.374,2.163,1.786,1.835,1.948,2.051,2.159,2.274
20200327,1.104,1.769,1.69,1.857,1.966,2.072,2.198,2.305
20200326,0.845,1.72,1.666,1.869,1.977,2.091,2.216,2.324
20200325,0.847,1.745,1.66,1.897,2.01,2.131,2.245,2.355
20200324,0.814,1.693,1.668,1.938,2.056,2.17,2.293,2.392
20200323,0.845,1.805,1.732,1.962,2.072,2.191,2.312,2.41
20200320,0.795,1.945,1.774,1.993,2.087,2.218,2.342,2.438
20200319,0.846,1.893,1.732,2.008,2.104,2.242,2.362,2.451
20200318,0.963,1.751,1.774,2.032,2.12,2.263,2.387,2.464
20200317,1.083,1.896,1.85,2.063,2.145,2.295,2.4,2.482
20200316,1.231,2.199,1.969,2.093,2.175,2.33,2.418,2.491
20200313,1.414,2.252,1.993,2.119,2.202,2.359,2.438,2.513
20200312,1.664,2.309,2.035,2.13,2.223,2.365,2.45,2.534
20200311,2.118,2.3,2.039,2.145,2.224,2.379,2.47,2.557
20200310,2.014,2.241,1.979,2.132,2.225,2.391,2.481,2.586
20200309,1.588,2.074,1.905,2.115,2.238,2.407,2.494,2.591
20200306,1.362,2.035,1.912,2.126,2.258,2.427,2.516,2.616
20200305,1.45,2.089,1.949,2.15,2.29,2.467,2.553,2.651
20200304,1.462,2.052,1.964,2.174,2.332,2.499,2.581,2.679
20200303,1.622,2.094,1.99,2.229,2.375,2.528,2.614,2.706
20200302,1.714,2.129,2.051,2.27,2.408,2.548,2.635,2.722
20200228,1.628,2.374,2.092,2.301,2.429,2.56,2.642,2.735
20200227,1.347,2.192,2.086,2.301,2.433,2.564,2.648,2.74
20200226,1.499,2.183,2.073,2.306,2.442,2.577,2.66,2.744
20200225,1.602,2.203,2.084,2.318,2.459,2.59,2.673,2.752
20200224,1.533,2.176,2.103,2.33,2.476,2.601,2.688,2.755
20200221,1.355,2.245,2.111,2.343,2.489,2.605,2.692,2.76
20200220,1.403,2.308,2.115,2.359,2.5,2.61,2.697,2.767
20200219,1.626,2.268,2.134,2.371,2.51,2.618,2.704,2.773
20200218,1.503,2.293,2.117,2.387,2.525,2.633,2.71,2.786
20200217,1.425,2.261,2.129,2.4,2.545,2.651,2.727,2.807
20200214,1.256,2.233,2.103,2.416,2.565,2.664,2.744,2.817
20200213,1.443,2.324,2.126,2.454,2.605,2.691,2.763,2.834
20200212,1.521,2.286,2.11,2.495,2.639,2.723,2.783,2.845
20200211,1.56,2.225,2.141,2.527,2.679,2.758,2.801,2.856
20200210,1.652,2.289,2.23,2.577,2.723,2.787,2.823,2.877
20200207,1.793,2.306,2.292,2.628,2.753,2.81,2.843,2.897
20200206,1.819,2.366,2.345,2.651,2.776,2.833,2.875,2.913
20200205,2.051,2.343,2.435,2.696,2.799,2.853,2.894,2.936
20200204,2.273,2.416,2.585,2.76,2.824,2.877,2.91,2.959
20200203,2.504,2.607,2.62,2.806,2.852,2.903,2.94,2.98
20200123,2.444,2.549,2.797,2.822,2.858,2.914,2.951,2.995
20200122,1.534,2.607,2.814,2.82,2.858,2.912,2.95,2.995
20200121,1.885,2.601,2.837,2.816,2.859,2.91,2.953,2.995
20200120,2.248,2.607,2.877,2.813,2.86,2.914,2.954,2.997
20200119,2.413,2.608,2.856,2.804,2.863,2.917,2.957,2.997
20200117,2.522,2.64,2.943,2.808,2.868,2.918,2.965,3.005
20200116,2.609,2.663,2.969,2.8,2.868,2.918,2.965,3.007
20200115,2.654,2.717,3.013,2.799,2.865,2.918,2.97,3.012
20200114,2.518,2.654,2.735,2.706,2.862,2.915,2.969,3.013
20200113,2.059,2.522,2.51,2.619,2.858,2.915,2.966,3.014
20200110,1.7722,2.487,2.29,2.619,2.864,2.92,2.972,3.015
20200109,1.69,2.47,2.147,2.609,2.867,2.921,2.974,3.021
20200108,1.553,2.32,2.16,2.638,2.881,2.93,2.983,3.032
20200107,1.215,2.259,2.176,2.7,2.899,2.943,2.992,3.04
20200106,1.003,2.219,2.091,2.747,2.92,2.96,3.005,3.05
20200103,1.162,2.349,2.19,2.842,2.96,2.995,3.028,3.071
20200102,1.4436,2.433,2.334,2.8975,2.994,3.019,3.052,3.086
