date,time,open,high,low,close,volume,amount,settelementPrice,openInterest,preClose,suspendFlag,datetime
20240102,1704124800000,153.3,156.18,146.99,148.0,31496,478559158.0,0.0,15,148.98000000000002,0,2024-01-01 16:00:00
20240103,1704211200000,149.96,153.23,144.0,152.51,40409,607686869.0,0.0,15,148.0,0,2024-01-02 16:00:00
20240104,1704297600000,152.0,152.0,146.81,147.03,14868,221442681.00000003,0.0,15,152.51,0,2024-01-03 16:00:00
20240105,1704384000000,145.98000000000002,147.3,137.74,139.0,17373,244393313.0,0.0,15,147.03,0,2024-01-04 16:00:00
20240108,1704643200000,138.85999999999999,138.85999999999999,132.01,133.26999999999998,14654,197290042.0,0.0,15,139.0,0,2024-01-07 16:00:00
20240109,1704729600000,135.0,146.38,135.0,142.27,32977,469325015.0,0.0,15,133.27,0,2024-01-08 16:00:00
20240110,1704816000000,142.26999999999998,147.17999999999998,138.01,139.79,25249,361122641.0,0.0,15,142.26999999999998,0,2024-01-09 16:00:00
20240111,1704902400000,138.95,153.5,138.31,151.0,49424,737645088.0,0.0,15,139.79,0,2024-01-10 16:00:00
20240112,1704988800000,150.0,150.4,142.0,143.8,29335,426930373.00000006,0.0,15,151.0,0,2024-01-11 16:00:00
20240115,1705248000000,143.0,150.27,139.5,147.0,26126,383857979.0,0.0,15,143.8,0,2024-01-14 16:00:00
20240116,1705334400000,146.66,146.66,137.0,142.7,28432,398600170.0,0.0,15,147.0,0,2024-01-15 16:00:00
20240117,1705420800000,142.0,142.0,133.0,134.4,17888,246899876.99999997,0.0,15,142.7,0,2024-01-16 16:00:00
20240118,1705507200000,130.92,149.88,130.7,147.04999999999998,47788,674190854.0,0.0,15,134.39999999999998,0,2024-01-17 16:00:00
20240119,1705593600000,145.12,149.05,138.72,138.89,30570,438533252.0,0.0,15,147.05,0,2024-01-18 16:00:00
20240122,1705852800000,141.99,146.51,135.4,137.27,29373,416582811.0,0.0,15,138.89000000000001,0,2024-01-21 16:00:00
20240123,1705939200000,137.0,147.88,135.0,144.45,40434,581896722.0000001,0.0,15,137.27,0,2024-01-22 16:00:00
20240124,1706025600000,144.99,145.89,135.1,141.56,32393,453572338.0,0.0,15,144.45,0,2024-01-23 16:00:00
20240125,1706112000000,141.4,147.0,137.88,143.87,27718,397363524.0,0.0,15,141.56,0,2024-01-24 16:00:00
20240126,1706198400000,141.6,145.0,138.23,140.0,21313,300061035.0,0.0,15,143.86999999999998,0,2024-01-25 16:00:00
20240129,1706457600000,138.0,138.5,113.13,114.19,38396,471556894.00000006,0.0,15,140.0,0,2024-01-28 16:00:00
20240130,1706544000000,113.12,114.97,102.0,102.65,44456,474944872.0,0.0,15,114.19,0,2024-01-29 16:00:00
20240131,1706630400000,99.76,103.0,96.01,96.07000000000001,30433,302141025.0,0.0,15,102.65,0,2024-01-30 16:00:00
20240201,1706716800000,96.50000000000001,107.69000000000001,95.82000000000001,103.65,39477,404139874.0,0.0,15,96.07000000000001,0,2024-01-31 16:00:00
20240202,1706803200000,103.56,104.88,93.5,97.29,27421,271728149.99999994,0.0,15,103.65,0,2024-02-01 16:00:00
20240205,1707062400000,94.0,96.0,83.53,85.98,34731,309692630.0,0.0,15,97.29,0,2024-02-04 16:00:00
20240206,1707148800000,83.76,93.25,80.51,92.58000000000001,36534,319881478.0,0.0,15,85.98,0,2024-02-05 16:00:00
20240207,1707235200000,92.58,98.4,88.0,88.26,33359,310034122.00000006,0.0,15,92.58,0,2024-02-06 16:00:00
20240208,1707321600000,92.07000000000001,105.0,89.98,100.0,40401,397376234.0,0.0,15,88.26,0,2024-02-07 16:00:00
20240219,1708272000000,105.5,120.0,103.5,120.0,56226,628843943.0,0.0,15,100.0,0,2024-02-18 16:00:00
20240220,1708358400000,129.66,138.6,125.03,129.65,80768,1063859883.0000001,0.0,15,120.0,0,2024-02-19 16:00:00
20240221,1708444800000,124.44,129.82,123.0,126.0,44395,559223851.0,0.0,15,129.65,0,2024-02-20 16:00:00
20240222,1708531200000,133.0,135.98,126.0,129.0,44360,574501436.0,0.0,15,126.0,0,2024-02-21 16:00:00
20240223,1708617600000,132.68,135.9,128.0,133.92,57134,760370385.0,0.0,15,129.0,0,2024-02-22 16:00:00
20240226,1708876800000,132.4,149.7,130.0,140.45,52590,737323354.0,0.0,15,133.92,0,2024-02-25 16:00:00
20240227,1708963200000,138.37,148.0,135.0,146.0,52229,742370951.9999999,0.0,15,140.45,0,2024-02-26 16:00:00
20240228,1709049600000,142.6,154.87,137.0,137.6,55857,823605770.0000001,0.0,15,146.0,0,2024-02-27 16:00:00
20240229,1709136000000,135.0,146.88,135.0,143.49,46043,654435689.0,0.0,15,137.6,0,2024-02-28 16:00:00
20240301,1709222400000,145.03,162.88,145.03,158.0,62477,960894676.9999999,0.0,15,143.49,0,2024-02-29 16:00:00
20240304,1709481600000,160.0,173.8,154.88,165.5,62113,1020906953.0,0.0,15,158.0,0,2024-03-03 16:00:00
20240305,1709568000000,160.5,175.75,155.91,158.34,62778,1040280209.9999999,0.0,15,165.5,0,2024-03-04 16:00:00
20240306,1709654400000,157.64999999999998,166.01,154.01,161.98999999999998,39145,625721989.0,0.0,15,158.34,0,2024-03-05 16:00:00
20240307,1709740800000,158.50000000000003,162.29000000000002,149.20000000000002,149.20000000000002,46161,715094301.0,0.0,15,161.99,0,2024-03-06 16:00:00
20240308,1709827200000,153.0,156.66,148.6,154.0,40237,615220106.0,0.0,15,149.2,0,2024-03-07 16:00:00
20240311,1710086400000,146.1,158.0,143.48,154.54,51434,763269418.0000001,0.0,15,154.0,0,2024-03-10 16:00:00
20240312,1710172800000,153.53,155.54,147.01,150.2,30903,466181052.00000006,0.0,15,154.54,0,2024-03-11 16:00:00
20240313,1710259200000,154.15,155.0,147.0,148.05,36334,550881013.0,0.0,15,150.2,0,2024-03-12 16:00:00
20240314,1710345600000,143.88,153.0,143.88,148.6,40603,604817225.0,0.0,15,148.04999999999998,0,2024-03-13 16:00:00
20240315,1710432000000,147.0,163.55,144.0,162.0,54519,835836381.0000001,0.0,15,148.6,0,2024-03-14 16:00:00
20240318,1710691200000,159.00000000000003,171.88000000000002,158.89000000000001,164.99,51245,849880486.0000001,0.0,15,162.00000000000003,0,2024-03-17 16:00:00
20240319,1710777600000,161.03,172.0,157.0,166.44,51353,841456854.9999999,0.0,15,164.99,0,2024-03-18 16:00:00
20240320,1710864000000,164.22,172.70000000000002,163.18,166.36,39090,657390263.0,0.0,15,166.44,0,2024-03-19 16:00:00
20240321,1710950400000,165.0,169.88,163.0,165.74,30015,500862262.00000006,0.0,15,166.36,0,2024-03-20 16:00:00
20240322,1711036800000,163.39999999999998,167.39999999999998,152.01,156.39999999999998,52102,821285997.9999999,0.0,15,165.73999999999998,0,2024-03-21 16:00:00
20240325,1711296000000,154.0,154.43,143.0,144.52,51498,760466942.0000001,0.0,15,156.4,0,2024-03-24 16:00:00
20240326,1711382400000,144.00000000000003,146.96,131.17000000000002,133.70000000000002,49901,694449149.0,0.0,15,144.52,0,2024-03-25 16:00:00
20240327,1711468800000,133.68,133.96,121.38,122.17,46811,590931027.0,0.0,15,133.7,0,2024-03-26 16:00:00
20240328,1711555200000,122.1,129.6,120.5,128.12,38013,478279593.0,0.0,15,122.17,0,2024-03-27 16:00:00
20240329,1711641600000,126.47999999999999,127.97999999999999,122.91,125.0,26098,325822273.0,0.0,15,128.12,0,2024-03-28 16:00:00
20240401,1711900800000,126.0,129.0,123.2,126.12,35849,450677967.0,0.0,15,125.0,0,2024-03-31 16:00:00
20240402,1711987200000,127.0,127.0,119.0,120.09,30370,370859457.0,0.0,15,126.12,0,2024-04-01 16:00:00
20240403,1712073600000,119.0,120.8,114.11,115.82,22361,261309516.00000003,0.0,15,120.09,0,2024-04-02 16:00:00
20240408,1712505600000,115.82000000000001,121.95,114.51,119.29,32198,382571957.0,0.0,15,115.82000000000001,0,2024-04-07 16:00:00
20240409,1712592000000,117.03999999999999,119.78,113.3,115.84,28763,331758448.0,0.0,15,119.28999999999999,0,2024-04-08 16:00:00
20240410,1712678400000,115.52,115.97999999999999,112.02,115.41,24193,275815454.00000006,0.0,15,115.84,0,2024-04-09 16:00:00
20240411,1712764800000,116.3,124.96,115.41,120.89999999999999,42354,512971539.0,0.0,15,115.41,0,2024-04-10 16:00:00
20240412,1712851200000,124.08,129.0,121.0,125.01,42396,529741161.0,0.0,15,120.9,0,2024-04-11 16:00:00
20240415,1713110400000,123.30000000000001,131.28,123.18,128.53,46538,590902757.0,0.0,15,125.01,0,2024-04-14 16:00:00
20240416,1713196800000,126.30000000000001,128.29,121.01,122.19000000000001,26556,329609113.0,0.0,15,128.53,0,2024-04-15 16:00:00
20240417,1713283200000,123.33,142.57999999999998,123.33,142.49,59520,805853957.0,0.0,15,122.19,0,2024-04-16 16:00:00
20240418,1713369600000,138.0,144.8,136.12,139.33,37331,522601218.0,0.0,15,142.49,0,2024-04-17 16:00:00
20240419,1713456000000,139.99,142.66,132.24,135.08,26563,361405003.0,0.0,15,139.33,0,2024-04-18 16:00:00
20240422,1713715200000,125.2,133.88,120.2,132.5,28705,372389684.0,0.0,15,135.08,0,2024-04-21 16:00:00
20240423,1713801600000,135.0,137.18,131.1,132.07,29236,390938706.0,0.0,15,132.5,0,2024-04-22 16:00:00
20240424,1713888000000,133.5,144.0,132.15,141.59,41759,584224346.0000001,0.0,15,132.07,0,2024-04-23 16:00:00
20240425,1713974400000,139.4,141.88,138.0,140.21,21504,301727496.0,0.0,15,141.59,0,2024-04-24 16:00:00
20240426,1714060800000,148.8,160.18,147.5,154.55,67829,1043233418.9999999,0.0,15,140.21,0,2024-04-25 16:00:00
20240429,1714320000000,154.94,161.79999999999998,147.57,149.29999999999998,50124,768476731.0,0.0,15,154.54999999999998,0,2024-04-28 16:00:00
20240430,1714406400000,149.3,155.59,149.3,152.74,36686,557375170.0000001,0.0,15,149.3,0,2024-04-29 16:00:00
20240506,1714924800000,152.0,153.19,146.0,146.98,36129,535973008.0,0.0,15,152.74,0,2024-05-05 16:00:00
20240507,1715011200000,148.0,149.75,140.06,141.31,33139,478056640.0,0.0,15,146.98,0,2024-05-06 16:00:00
20240508,1715097600000,139.19000000000003,143.84,138.58,140.5,19104,270190067.0,0.0,15,141.31,0,2024-05-07 16:00:00
20240509,1715184000000,139.62,146.3,139.14000000000001,145.21,22830,325743363.0,0.0,15,140.50000000000003,0,2024-05-08 16:00:00
20240510,1715270400000,143.02,146.00000000000003,137.70000000000002,138.9,26839,376029703.99999994,0.0,15,145.21,0,2024-05-09 16:00:00
20240513,1715529600000,138.0,142.6,137.12,140.8,20316,285376025.0,0.0,15,138.9,0,2024-05-12 16:00:00
20240514,1715616000000,141.0,142.0,128.7,129.0,36481,484654423.0,0.0,15,140.79999999999998,0,2024-05-13 16:00:00
20240515,1715702400000,129.65,132.78,128.0,129.69,18571,242754220.0,0.0,15,129.0,0,2024-05-14 16:00:00
20240516,1715788800000,132.25,140.49,131.81,135.22,34474,467610996.00000006,0.0,15,129.69,0,2024-05-15 16:00:00
20240517,1715875200000,135.98,135.98,131.57,135.0,21124,282497776.0,0.0,15,135.22,0,2024-05-16 16:00:00
20240520,1716134400000,133.5,149.49,130.33,148.15,50899,731511448.0000001,0.0,15,135.0,0,2024-05-19 16:00:00
20240521,1716220800000,147.0,149.0,143.68,146.34,25969,379089674.0,0.0,15,148.15,0,2024-05-20 16:00:00
20240522,1716307200000,144.79999999999998,146.96,142.13,146.26999999999998,19934,287430836.0,0.0,15,146.34,0,2024-05-21 16:00:00
20240523,1716393600000,148.0,148.55,140.78,143.65,24689,354941599.00000006,0.0,15,146.27,0,2024-05-22 16:00:00
20240524,1716480000000,143.01000000000002,146.02,133.33,133.94000000000003,30495,423466973.0,0.0,15,143.65,0,2024-05-23 16:00:00
20240527,1716739200000,135.66,136.88000000000002,131.02,136.43,17125,230231302.0,0.0,15,133.94,0,2024-05-26 16:00:00
20240528,1716825600000,134.66,138.46,132.68,132.98000000000002,15464,209615081.00000003,0.0,15,136.43,0,2024-05-27 16:00:00
20240529,1716912000000,133.0,135.79,131.0,133.0,14678,195053860.0,0.0,15,132.98,0,2024-05-28 16:00:00
20240530,1716998400000,131.0,132.98000000000002,128.3,130.5,17630,230080786.0,0.0,15,133.0,0,2024-05-29 16:00:00
20240531,1717084800000,129.0,134.04999999999998,128.01,129.81,17415,227917541.00000003,0.0,15,130.5,0,2024-05-30 16:00:00
20240603,1717344000000,132.0,138.88,130.69,134.99,32250,435982380.0,0.0,15,129.81,0,2024-06-02 16:00:00
20240604,1717430400000,133.62,137.01,133.62,134.6,17680,238398476.0,0.0,15,134.99,0,2024-06-03 16:00:00
20240605,1717516800000,133.48000000000002,136.0,132.11,132.20000000000002,12649,169278119.0,0.0,15,134.60000000000002,0,2024-06-04 16:00:00
20240606,1717603200000,134.0,138.0,132.0,132.35,22733,306477263.0,0.0,15,132.2,0,2024-06-05 16:00:00
20240607,1717689600000,134.0,134.29,122.48,124.37,25735,323587432.0,0.0,15,132.35,0,2024-06-06 16:00:00
20240611,1718035200000,124.0,127.31,123.0,126.9,16935,212536889.0,0.0,15,124.37,0,2024-06-10 16:00:00
20240612,1718121600000,125.66,129.95,125.61,128.5,18064,230850524.00000003,0.0,15,126.9,0,2024-06-11 16:00:00
20240613,1718208000000,129.99,138.2,129.0,134.2,39531,532103320.0,0.0,15,128.5,0,2024-06-12 16:00:00
20240614,1718294400000,134.0,144.58,133.4,139.49,60941,859921661.0,0.0,15,134.20000000000002,0,2024-06-13 16:00:00
20240617,1718553600000,142.59,145.98,140.51,143.04,39502,566947300.0,0.0,15,139.48999999999998,0,2024-06-16 16:00:00
20240618,1718640000000,143.32,149.92000000000002,142.31,144.5,30794,450338766.0,0.0,15,143.04,0,2024-06-17 16:00:00
20240619,1718726400000,144.86,145.07000000000002,136.55,140.36,30820,430516295.99999994,0.0,15,144.5,0,2024-06-18 16:00:00
20240620,1718812800000,138.95,159.0,138.1,149.95999999999998,58282,877037621.0,0.0,15,140.35999999999999,0,2024-06-19 16:00:00
20240621,1718899200000,148.28,155.0,143.0,151.12,34110,508800850.00000006,0.0,15,149.96,0,2024-06-20 16:00:00
20240624,1719158400000,148.87,152.60000000000002,142.77,143.0,27193,400403876.0,0.0,15,151.12,0,2024-06-23 16:00:00
20240625,1719244800000,139.99,141.05,131.58,133.12,27170,365753818.99999994,0.0,15,142.9,0,2024-06-24 16:00:00
20240626,1719331200000,136.0,140.9,134.54,139.2,22252,306143547.0,0.0,15,133.12,0,2024-06-25 16:00:00
20240627,1719417600000,140.17,140.69,131.69,131.7,24698,333826471.00000006,0.0,15,139.2,0,2024-06-26 16:00:00
20240628,1719504000000,131.70000000000002,135.5,129.36,130.99,22373,296428660.0,0.0,15,131.70000000000002,0,2024-06-27 16:00:00
20240701,1719763200000,130.0,135.44,127.60000000000001,132.54000000000002,23623,309375405.00000006,0.0,15,130.99,0,2024-06-30 16:00:00
20240702,1719849600000,132.02,132.02,125.7,125.96000000000001,24909,316904553.0,0.0,15,132.54,0,2024-07-01 16:00:00
20240703,1719936000000,125.78999999999999,129.49,122.52,127.53,17982,227877870.0,0.0,15,125.96,0,2024-07-02 16:00:00
20240704,1720022400000,128.82,131.82999999999998,126.02,126.6,15557,200388443.0,0.0,15,127.53,0,2024-07-03 16:00:00
20240705,1720108800000,126.56,127.28,121.5,123.05,19568,241283762.00000003,0.0,15,126.6,0,2024-07-04 16:00:00
20240708,1720368000000,126.0,126.88,123.0,123.2,15694,195679830.0,0.0,15,123.05,0,2024-07-07 16:00:00
20240709,1720454400000,122.0,129.88,120.0,127.5,27589,343929840.99999994,0.0,15,123.2,0,2024-07-08 16:00:00
20240710,1720540800000,126.96000000000001,128.5,124.48,124.99000000000001,19042,240263086.00000003,0.0,15,127.5,0,2024-07-09 16:00:00
20240711,1720627200000,127.52,128.99,120.28,122.97,33170,410025553.0,0.0,15,124.99,0,2024-07-10 16:00:00
20240712,1720713600000,120.5,120.52,113.88,115.33999999999999,38556,447726507.0,0.0,15,122.97,0,2024-07-11 16:00:00
20240715,1720972800000,114.38000000000001,116.27000000000001,113.48,114.06,14876,170028248.0,0.0,15,115.34,0,2024-07-14 16:00:00
20240716,1721059200000,115.0,115.25999999999999,108.08,114.23,37045,411884598.0,0.0,15,114.06,0,2024-07-15 16:00:00
20240717,1721145600000,113.7,115.48,111.26,111.80000000000001,20215,228107448.0,0.0,15,114.23,0,2024-07-16 16:00:00
20240718,1721232000000,108.47,111.43,105.86,111.06,25465,277135368.0,0.0,15,111.8,0,2024-07-17 16:00:00
20240719,1721318400000,110.97999999999999,116.97999999999999,109.27,115.19,30432,348338642.99999994,0.0,15,111.06,0,2024-07-18 16:00:00
20240722,1721577600000,113.98,118.02000000000001,113.98,114.9,23072,268252348.0,0.0,15,115.19,0,2024-07-21 16:00:00
20240723,1721664000000,115.4,116.0,108.0,108.0,24558,273942280.00000006,0.0,15,114.9,0,2024-07-22 16:00:00
20240724,1721750400000,106.47,110.64999999999999,106.38,107.0,15789,170922419.0,0.0,15,108.0,0,2024-07-23 16:00:00
20240725,1721836800000,104.7,104.8,101.5,102.59,18720,192928557.00000003,0.0,15,107.0,0,2024-07-24 16:00:00
20240726,1721923200000,102.10000000000001,106.55000000000001,101.4,105.35000000000001,15952,166419943.0,0.0,15,102.59,0,2024-07-25 16:00:00
20240729,1722182400000,104.88,107.9,104.0,105.55,13525,143500592.0,0.0,15,105.35,0,2024-07-28 16:00:00
20240730,1722268800000,107.0,115.80000000000001,104.51,113.78,40719,455963531.0,0.0,15,105.55000000000001,0,2024-07-29 16:00:00
20240731,1722355200000,112.0,115.69,110.0,115.39,37126,419966839.0,0.0,15,113.78,0,2024-07-30 16:00:00
20240801,1722441600000,117.0,119.69999999999999,113.13,113.36,24417,280887461.00000006,0.0,15,115.39,0,2024-07-31 16:00:00
20240802,1722528000000,109.0,111.29,105.0,105.39,26513,285518392.0,0.0,15,113.36,0,2024-08-01 16:00:00
20240805,1722787200000,101.3,103.46,93.27,93.47999999999999,42970,419573710.0,0.0,15,105.39,0,2024-08-04 16:00:00
20240806,1722873600000,97.03,97.55,95.0,96.58,25624,246245965.0,0.0,15,93.48,0,2024-08-05 16:00:00
20240807,1722960000000,96.94,102.6,96.44,99.75999999999999,28080,280271108.0,0.0,15,96.58,0,2024-08-06 16:00:00
20240808,1723046400000,99.03,99.5,96.11,97.1,15510,151185709.99999997,0.0,15,99.76,0,2024-08-07 16:00:00
20240809,1723132800000,99.29,100.0,95.78,96.06,16474,161136014.0,0.0,15,97.1,0,2024-08-08 16:00:00
20240812,1723392000000,95.35000000000001,96.82000000000001,93.85000000000001,95.69000000000001,11689,111487144.0,0.0,15,96.06,0,2024-08-11 16:00:00
20240813,1723478400000,95.95,97.05,94.03,95.39,10832,103236980.0,0.0,15,95.69,0,2024-08-12 16:00:00
20240814,1723564800000,96.69000000000001,96.69000000000001,93.54,93.55000000000001,13136,124605884.00000001,0.0,15,95.39,0,2024-08-13 16:00:00
20240815,1723651200000,93.99000000000001,97.59,93.09,94.92,18051,171998809.99999997,0.0,15,93.55,0,2024-08-14 16:00:00
20240816,1723737600000,96.1,98.8,94.99,94.99,18439,177755137.00000003,0.0,15,94.92,0,2024-08-15 16:00:00
20240819,1723996800000,93.5,95.8,93.22,93.5,14504,136510224.0,0.0,15,94.99,0,2024-08-18 16:00:00
20240820,1724083200000,93.61,94.0,90.37,90.37,16288,149692099.0,0.0,15,93.5,0,2024-08-19 16:00:00
20240821,1724169600000,90.37,92.68,89.21000000000001,91.80000000000001,15712,143991158.00000003,0.0,15,90.37,0,2024-08-20 16:00:00
20240822,1724256000000,91.8,92.49,88.38,89.07,13167,118586993.00000001,0.0,15,91.8,0,2024-08-21 16:00:00
20240823,1724342400000,89.18,89.73,88.0,89.26,10412,92692461.00000001,0.0,15,89.07,0,2024-08-22 16:00:00
20240826,1724601600000,89.2,89.78,87.7,87.72,12789,113190438.0,0.0,15,89.26,0,2024-08-25 16:00:00
20240827,1724688000000,87.42999999999999,88.6,86.3,86.42999999999999,10701,93283460.00000001,0.0,15,87.72,0,2024-08-26 16:00:00
20240828,1724774400000,86.86999999999999,87.27,83.91,84.89,13979,119058919.99999999,0.0,15,86.42999999999999,0,2024-08-27 16:00:00
20240829,1724860800000,84.21,86.27,82.8,85.63,18197,153750657.0,0.0,15,84.89,0,2024-08-28 16:00:00
20240830,1724947200000,85.59,89.75,84.5,87.37,23222,205207293.0,0.0,15,85.63,0,2024-08-29 16:00:00
20240902,1725206400000,86.9,88.58000000000001,81.68,81.80000000000001,24753,208028782.0,0.0,15,87.37,0,2024-09-01 16:00:00
20240903,1725292800000,81.58,84.44,81.58,82.58,18027,149765571.00000003,0.0,15,81.8,0,2024-09-02 16:00:00
20240904,1725379200000,79.5,83.27,79.5,82.2,15387,125944777.0,0.0,15,82.58,0,2024-09-03 16:00:00
20240905,1725465600000,82.67,84.23,81.71000000000001,82.31,14966,123982475.0,0.0,15,82.2,0,2024-09-04 16:00:00
20240906,1725552000000,81.91,83.97,79.53,79.89,12515,101212222.00000001,0.0,15,82.31,0,2024-09-05 16:00:00
20240909,1725811200000,80.0,80.49,78.3,79.2,10715,84721128.0,0.0,15,79.89,0,2024-09-08 16:00:00
20240910,1725897600000,79.44,85.3,78.86,83.91,25531,209037703.0,0.0,15,79.2,0,2024-09-09 16:00:00
20240911,1725984000000,84.77,85.22,82.16,83.1,18633,155480800.00000003,0.0,15,83.91,0,2024-09-10 16:00:00
20240912,1726070400000,85.7,87.66,83.5,83.89,31209,266595240.00000003,0.0,15,83.1,0,2024-09-11 16:00:00
20240913,1726156800000,84.39999999999999,86.92999999999999,83.8,86.39,34098,291474393.0,0.0,15,83.89,0,2024-09-12 16:00:00
20240918,1726588800000,85.19,90.87,85.19,90.03999999999999,39345,351441549.0,0.0,15,86.39,0,2024-09-17 16:00:00
20240919,1726675200000,89.91,89.99,87.03,87.48,29097,255767430.0,0.0,15,90.04,0,2024-09-18 16:00:00
20240920,1726761600000,87.5,88.52,85.61,87.85,19973,173685728.00000003,0.0,15,87.48,0,2024-09-19 16:00:00
20240923,1727020800000,86.49000000000001,89.87,85.81,86.73,21138,186346099.0,0.0,15,87.85000000000001,0,2024-09-22 16:00:00
20240924,1727107200000,87.50000000000001,92.98,87.10000000000001,92.98,37613,339554150.99999994,0.0,15,86.73,0,2024-09-23 16:00:00
20240925,1727193600000,94.0,97.0,92.5,94.15,28984,274432808.00000006,0.0,15,92.98,0,2024-09-24 16:00:00
20240926,1727280000000,94.93,97.02,92.0,96.9,21723,205527331.00000003,0.0,15,94.15,0,2024-09-25 16:00:00
20240927,1727366400000,97.51,105.0,96.5,103.44,22273,222666717.0,0.0,15,96.9,0,2024-09-26 16:00:00
20240930,1727625600000,110.00000000000001,124.10000000000001,107.96000000000001,122.92000000000002,62412,734131662.0,0.0,15,103.44000000000001,0,2024-09-29 16:00:00
20241008,1728316800000,147.0,147.5,140.0,147.5,73857,1081853786.0,0.0,15,122.92,0,2024-10-07 16:00:00
20241009,1728403200000,156.3,163.0,137.99,143.3,98988,1517469835.0,0.0,15,147.5,0,2024-10-08 16:00:00
20241010,1728489600000,142.0,154.0,139.52,140.42000000000002,67055,975931701.0000001,0.0,15,143.3,0,2024-10-09 16:00:00
20241011,1728576000000,140.0,140.0,125.99000000000001,128.79000000000002,54909,719813392.0,0.0,15,140.42000000000002,0,2024-10-10 16:00:00
20241014,1728835200000,126.0,136.16,120.11,135.58,52345,674460389.0,0.0,15,128.79,0,2024-10-13 16:00:00
20241015,1728921600000,135.6,143.0,132.4,137.18,54691,753198640.0,0.0,15,135.58,0,2024-10-14 16:00:00
20241016,1729008000000,133.60000000000002,134.95000000000002,130.64000000000001,132.60000000000002,26697,353540834.00000006,0.0,15,137.18,0,2024-10-15 16:00:00
20241017,1729094400000,134.6,142.89,132.03,137.51,48164,668065045.9999999,0.0,15,132.6,0,2024-10-16 16:00:00
20241018,1729180800000,137.51,162.99,137.0,157.0,66816,997207820.0,0.0,15,137.51,0,2024-10-17 16:00:00
20241021,1729440000000,165.4,185.71,164.13,165.7,86044,1483933902.0,0.0,15,157.0,0,2024-10-20 16:00:00
20241022,1729526400000,179.99,184.0,160.0,163.51,89492,1535996077.0000002,0.0,15,165.7,0,2024-10-21 16:00:00
20241023,1729612800000,165.67000000000002,190.96,165.67000000000002,182.99,107973,1957632590.0,0.0,15,163.51000000000002,0,2024-10-22 16:00:00
20241024,1729699200000,176.0,193.01000000000002,168.58,175.4,75333,1339326796.0,0.0,15,182.99,0,2024-10-23 16:00:00
20241025,1729785600000,177.58,179.88000000000002,168.8,172.0,53110,917886550.0000001,0.0,15,175.4,0,2024-10-24 16:00:00
20241028,1730044800000,174.0,178.0,168.1,170.0,42072,725404211.0,0.0,15,172.0,0,2024-10-27 16:00:00
20241029,1730131200000,167.31,169.7,159.0,159.0,60467,982046960.0,0.0,15,170.0,0,2024-10-28 16:00:00
20241030,1730217600000,153.62,156.60999999999999,148.04,150.9,54600,831462174.0,0.0,15,159.0,0,2024-10-29 16:00:00
20241031,1730304000000,151.01,159.86,148.0,157.51,46176,717613792.0,0.0,15,150.9,0,2024-10-30 16:00:00
20241101,1730390400000,156.1,158.49,144.5,145.01,46615,699246565.0000001,0.0,15,157.51,0,2024-10-31 16:00:00
20241104,1730649600000,144.0,149.95000000000002,141.58,147.65,28817,421071403.0,0.0,15,145.01000000000002,0,2024-11-03 16:00:00
20241105,1730736000000,146.47,160.0,146.0,156.2,52583,808857121.0,0.0,15,147.65,0,2024-11-04 16:00:00
20241106,1730822400000,155.91,158.98999999999998,150.01,151.51999999999998,46737,722799940.0,0.0,15,156.2,0,2024-11-05 16:00:00
20241107,1730908800000,151.52,159.5,149.0,156.39,39369,609531481.0,0.0,15,151.52,0,2024-11-06 16:00:00
20241108,1730995200000,160.1,164.19,156.6,159.0,47882,770093626.0,0.0,15,156.39,0,2024-11-07 16:00:00
20241111,1731254400000,160.04,171.0,157.03,166.3,51832,858454261.0000001,0.0,15,159.0,0,2024-11-10 16:00:00
20241112,1731340800000,165.20000000000002,166.3,153.02,156.47,44914,711928785.0,0.0,15,166.3,0,2024-11-11 16:00:00
20241113,1731427200000,152.13,158.98,151.03,158.16,37923,588061734.0000001,0.0,15,156.47,0,2024-11-12 16:00:00
20241114,1731513600000,156.21,158.46,148.21,149.1,31338,479556871.0,0.0,15,158.16,0,2024-11-13 16:00:00
20241115,1731600000000,149.98,150.29,138.54,138.92,42965,617386662.0,0.0,15,149.1,0,2024-11-14 16:00:00
20241118,1731859200000,139.65,140.16000000000003,130.58,131.97,40209,537455751.0,0.0,15,138.92000000000002,0,2024-11-17 16:00:00
20241119,1731945600000,135.1,138.67999999999998,131.48,138.35,24969,337833858.99999994,0.0,15,131.97,0,2024-11-18 16:00:00
20241120,1732032000000,138.76999999999998,143.99,136.88,141.19,26326,372445362.0,0.0,15,138.35,0,2024-11-19 16:00:00
20241121,1732118400000,140.39,144.44,138.01,140.44,25411,357920881.0,0.0,15,141.19,0,2024-11-20 16:00:00
20241122,1732204800000,141.52,142.33,129.03,129.5,43766,587530307.0,0.0,15,140.44,0,2024-11-21 16:00:00
20241125,1732464000000,131.1,139.99,124.5,139.7,54941,717870953.0,0.0,15,129.5,0,2024-11-24 16:00:00
20241126,1732550400000,141.0,154.0,136.13,143.85999999999999,79991,1155261902.9999998,0.0,15,139.7,0,2024-11-25 16:00:00
20241127,1732636800000,141.88,148.98,135.1,148.6,55284,791530966.0,0.0,15,143.85999999999999,0,2024-11-26 16:00:00
20241128,1732723200000,146.97,148.01999999999998,143.07,143.5,28602,414684551.0,0.0,15,148.6,0,2024-11-27 16:00:00
20241129,1732809600000,142.56,147.95999999999998,141.51,142.84,27710,398907969.0,0.0,15,143.5,0,2024-11-28 16:00:00
20241202,1733068800000,141.0,153.79,140.66,151.25,45480,680496712.0,0.0,15,142.84,0,2024-12-01 16:00:00
20241203,1733155200000,150.79000000000002,154.89000000000001,149.05,152.74,32492,494738161.00000006,0.0,15,151.25,0,2024-12-02 16:00:00
20241204,1733241600000,154.0,159.3,151.15,151.5,37872,590755541.0000001,0.0,15,152.74,0,2024-12-03 16:00:00
20241205,1733328000000,150.0,159.24,150.0,156.22,29935,465086707.00000006,0.0,15,151.5,0,2024-12-04 16:00:00
20241206,1733414400000,155.47,157.0,151.8,152.14000000000001,22621,347973531.0,0.0,15,156.22,0,2024-12-05 16:00:00
20241209,1733673600000,151.39999999999998,151.39999999999998,140.48,144.5,44046,632663881.0000001,0.0,15,152.14,0,2024-12-08 16:00:00
20241210,1733760000000,151.98000000000002,152.60000000000002,141.08,141.8,34194,493966838.0,0.0,15,144.5,0,2024-12-09 16:00:00
20241211,1733846400000,141.68,147.46,138.0,144.6,28491,408941634.00000006,0.0,15,141.8,0,2024-12-10 16:00:00
20241212,1733932800000,144.58,147.78,143.0,144.66,21263,309048380.0,0.0,15,144.6,0,2024-12-11 16:00:00
20241213,1734019200000,144.0,145.26999999999998,136.66,137.29,28483,397003876.99999994,0.0,15,144.66,0,2024-12-12 16:00:00
20241216,1734278400000,137.2,138.16,133.0,134.1,19709,266088466.0,0.0,15,137.29,0,2024-12-15 16:00:00
20241217,1734364800000,134.5,138.68,130.62,131.11,26135,351822121.00000006,0.0,15,134.1,0,2024-12-16 16:00:00
20241218,1734451200000,131.18,134.38,129.28,132.86,17246,227593483.0,0.0,15,131.11,0,2024-12-17 16:00:00
20241219,1734537600000,131.51,137.19,131.0,135.7,23059,310720032.0,0.0,15,132.86,0,2024-12-18 16:00:00
20241220,1734624000000,135.0,140.99,134.03,137.91,31733,437659840.99999994,0.0,15,135.7,0,2024-12-19 16:00:00
20241223,1734883200000,138.0,138.38,130.79,131.82,31446,418096254.99999994,0.0,15,137.91,0,2024-12-22 16:00:00
20241224,1734969600000,132.54,132.54,127.58,131.2,24056,312075460.0,0.0,15,131.82,0,2024-12-23 16:00:00
20241225,1735056000000,131.75,134.27,128.5,132.65,22638,297946308.0,0.0,15,131.2,0,2024-12-24 16:00:00
20241226,1735142400000,132.22,145.0,131.18,144.3,43213,605432320.0,0.0,15,132.65,0,2024-12-25 16:00:00
20241227,1735228800000,144.25000000000003,145.50000000000003,139.70000000000002,139.70000000000002,25346,362220799.00000006,0.0,15,144.3,0,2024-12-26 16:00:00
20241230,1735488000000,139.7,146.47,134.7,143.88,32359,455740453.00000006,0.0,15,139.7,0,2024-12-29 16:00:00
20241231,1735574400000,142.0,144.60000000000002,134.11,134.20000000000002,30062,415871722.0,0.0,15,143.88000000000002,0,2024-12-30 16:00:00
