date,半导体,存储,AI,软件,云计算,苹果产业链,消费电子,电商,新能源车,光伏,锂电池,医药,生物科技,银行,航空航天,机器人
2025-01-02,,,,,,,,,,,,,,,,
2025-01-03,3.068041876941563,3.2197277395741146,2.352810720394337,0.7432901245845226,1.824886618182333,-0.20094283726911355,1.587676862437463,1.453470806909214,7.905318964252591,2.3065020093078594,2.403349265129884,0.3698777698514677,0.49132183833770826,1.3098897063111936,-0.09849913516045694,1.412575931144211
2025-01-06,3.0752935758148796,4.28986968652881,1.0311687082368006,0.15825286520036452,1.0244618482184964,0.6738916097301262,2.2793267975277365,1.5551863481822004,-0.7833827965553541,2.6416308483861783,3.8873313187853697,-0.20608480084780742,-0.38106488866688437,0.9702843597052002,-1.8092390640607434,0.42616728959070094
2025-01-07,-1.0302907655489526,0.6771691412895464,-3.153373345209094,-1.9821798342604575,-1.455778120711044,-1.138768025181136,-1.4828869192382246,-1.800417085826296,-1.3790196817589877,4.497027899228817,0.8174354011922347,0.9251039405662298,0.8029146051395418,0.5163883830548821,0.24559160360151377,-0.9937024274772999
2025-01-08,-0.7854854366168507,-1.572469523532068,-0.47863037848705015,0.33099495788567374,0.5808744314244407,0.20229708795851398,-0.6891095337111963,-0.23243466164225346,-3.9722941871549824,-7.202333489034251,-1.7376149248158057,-0.701882492166193,-0.2024009863070142,-0.06990097245425542,0.8932903882769349,0.8301973016786313
2025-01-10,-2.483601093922999,-0.6010529225996356,-1.4411947909718275,-2.3095032131113022,-1.1032554587431864,-2.4103740476016933,-2.320993036933535,-3.83018199806632,-1.358604051976207,-3.413303476356877,-1.3444806458779601,-0.5415994995059995,-1.3644886280567168,-2.3922718415743582,-0.4581080919448066,-0.7846537319893931
2025-01-13,-0.3224879441643913,-1.8381333572740595,-1.0537488327011861,-0.10939625809856339,-0.5780238792934367,-1.034414517538984,-2.2631391937349568,0.032425496316619284,-1.5150894616879222,-1.8918613213548292,3.5682634552489323,0.5818055350933012,1.563838620970368,0.9917579422181101,1.8640399752831915,-0.3155180370970623
2025-01-14,0.5515193282212116,2.055584230201083,-0.2824693548389086,0.9590352250624176,0.07540341480950064,-0.47782324313101476,-0.4440286938713271,1.4461566429521189,0.9297822841295509,-1.0681369350053287,2.1029552960872167,-1.5262340748684007,-1.7501308139902183,1.2791669412815931,0.1735117800132424,0.18253846334412294
2025-01-15,2.696586855578522,4.136493785824524,2.5898274812610995,1.305520828860059,2.37082418710854,1.9675869041915206,0.8302651214083578,2.103655875920598,2.8671438163789915,0.9387619395267166,1.6223643713117797,-0.1745419977383126,1.1288322027179443,4.809723567985071,-0.24346027378218338,3.6684619520017057
2025-01-16,0.9017673657042448,-0.12864079039284584,-0.6585708265184309,0.6291114725878252,-0.29971459258619104,-4.040013508725093,-1.525417484577433,-0.44439790224067854,1.70014149031229,-1.0592913535309278,-0.7217322573253027,1.2061716336654131,-0.7231108871025937,0.2515321523203551,1.2604263044991404,1.2204653870747317
2025-01-17,3.523435240814931,2.344857081691365,1.9230947097009472,1.2262312032658669,1.79194246012893,0.7535239806619742,0.2737527325246976,4.1829578425367355,1.6897835615671408,-0.4684812574672792,1.8302984979967962,-1.5963934790893866,0.04974493591520579,1.4345653578376738,0.4999009336843274,1.7364707603467866
2025-01-21,1.2957497309785282,3.5908937642114522,1.20217030987495,2.1998002782829666,1.3867747267103736,-3.1915857182855722,-0.03202580369121577,0.5249028969924319,-1.0906176110464942,-2.5081854781354496,-2.150237386570797,0.7624630599554464,0.965205138482732,1.2555573427002154,3.2272345901442194,1.696042216050253
2025-01-22,1.3214587525512702,2.8289782927516085,2.671130552867321,2.9556655423889597,2.2282952673861223,0.5345040770410758,1.5648306299657595,0.7452366950708633,-3.154984828572131,-5.564522173072728,-3.739147755393496,-0.8686631107835684,-0.052190637258626715,-0.5254343542266637,-0.8653291467668822,0.21094684323488821
2025-01-23,-0.9286456078467754,-1.2414483033678758,0.8041882646467704,0.2176105737684416,-0.13242391961867384,-0.07594393379167785,-0.03438272495562463,-0.11959932587868094,-0.8516722680170027,5.289887484247874,0.5043349123182495,1.6204298855336214,1.4056712150959405,0.7553333442457721,0.5220330702505915,0.15620385628066225
2025-01-24,-1.480299469543248,-1.2117048337557519,-0.1902875838941934,-0.6802578885075535,0.156502340453466,-0.3934678875542885,-0.9232462565216778,3.408971350929,2.0359558365726618,3.2041979957410147,-0.3870557766225746,0.40762564283555736,-0.3403000249221333,-0.2591311198469781,-0.7101371823667302,-2.412092670447441
2025-01-27,-9.256793436925197,-6.841736676416694,-3.0956393309014465,-1.506135704185402,-0.8418426270896996,3.1780316097549166,-1.2282723621839873,-0.10538711968048009,0.15392472899566356,-1.3870423519561386,-0.7028391634689324,2.9864759141075887,1.8447446787646804,0.26738131589612024,0.632982522230261,-1.6347001176775289
2025-01-28,0.6547076445574763,-2.8722992734066346,3.8650001612718508,3.4871727318482315,4.738378484765224,3.6543927124331743,-0.1904939102754022,4.0665011853191135,-0.04368386547518218,-4.87866354556053,-1.2338862537485618,-1.1937918727856858,-1.0384402430409032,-0.1605499158921453,-2.2072798537401073,-0.2907778579033682
2025-01-29,0.5394901369039984,-0.045920767698985156,-1.0722532521750292,-1.538573982880653,-1.3497704637312413,0.4616803685774551,0.6171843173797745,-0.5128458189338669,-2.1753256609777227,-0.1019461200636923,1.9541770132969538,0.25260912875304337,0.3863249443574479,0.20493733324024266,-2.15696289378353,-0.7162255241959015
2025-01-30,3.0478186098782523,2.519759102760862,-0.4580067440983351,-2.732765826976541,-1.154772382595923,-0.7394754723483832,0.6751729739110868,3.097318315534763,3.3420768504172087,1.447485623041317,0.553020280726918,0.9442669995347411,0.439490543865404,0.7919673136528727,2.036123966100827,0.6700868594507914
2025-01-31,-0.582907947523621,-1.4346349803993406,0.0775789184821082,-0.13968985352643126,0.9898836597697258,-0.6692131500525944,-1.081662677071597,-2.2513706799348325,-0.810496560671209,-1.2643098232799939,-2.679786558095204,0.141344652157586,0.6019071021925715,-0.5234359364025254,-0.031119112232746993,-0.8174476818906207
2025-02-03,-1.018180309789638,-1.8418823077773983,-0.4739321094610426,-0.24902842155603935,-0.6068115837234167,-3.385599401436401,-2.7706933867089703,-2.012021530331609,-0.8697308100401737,0.41062955386636246,-3.081058743968601,0.7667130425513277,0.45788055100967284,-0.8054421711457916,-0.2591583206655579,-0.7421260427477039
2025-02-04,0.7784050570862865,0.3259612666782356,4.710362865879342,0.714697234447013,2.1754534854820884,2.1007914714474385,1.2368698821483874,4.229243390055243,4.597255708035294,2.0476565700295657,2.728459490080193,-1.4694126410252324,1.3643429282573316,0.414881471205073,-0.42839318890613987,-0.035902381123548155
2025-02-05,2.118793947058935,1.8808082670930704,-0.7821404810643022,0.7600243298761725,-1.3272837639546586,-0.14174265109981876,1.4473480166188288,-2.0037023326091647,-2.5976566279273214,-0.6460149948697369,-4.451144994378454,0.9502895188216972,2.885592090846796,1.108261292983932,0.26445871301537194,1.0111023025132337
2025-02-06,0.20719631872277877,0.5988702869881216,1.548608425572852,-1.02284434369553,-0.2790275837003664,0.3226110388505399,0.6073653231759494,0.4982883928873738,1.339330431955062,1.7938504010647394,0.2979824342383641,-0.7880402977243923,-1.5579035772107486,2.2063117253257047,-0.2743636111884018,-0.5431131921436461
2025-02-07,-2.009920090920015,-0.9347848999565089,-1.345015327711593,-0.8330737537435073,1.5457217847283438,-2.3968797587195723,-0.9947604465248264,-0.029327831515424396,-0.5257986669250666,-2.3082044483310473,-0.6795258024098028,-0.4642663933134746,-1.6625196130085242,-0.5269624777418525,-0.6390563714763675,-0.5285368899962783
2025-02-10,2.5782502948420327,4.251356497826072,1.69747894749008,1.7032687562419044,1.5175110059833896,0.11874113389096497,2.469121734466717,3.6394991443677727,0.12814220161106263,-1.445400257403584,-1.7519351176577491,-0.55061728477791,-0.388619555125449,-1.4484730666024226,0.4813198328255508,7.41359880102601
2025-02-11,0.1372287739370936,-0.6905445906240315,-0.7887707836620993,-0.4883504669044636,-0.4629947885754193,2.1831831975231752,0.8046861864722735,0.3914482100557848,-5.312403275043241,-2.6562289366750065,-0.6307469713162761,0.19128772034334718,-1.5259212762145835,0.4724272878853464,0.20116407870681474,-0.10674915652404415
2025-02-12,-0.4218534711772115,-1.17333016823149,0.16276775531691712,-0.43924773822258123,-0.19687171397836822,1.8270085918334233,0.9410806703702423,-0.3471012840524179,3.6419372807125114,-1.5040489182828634,0.4348745502531892,0.01818994227019144,0.3917190166338447,-0.2185626825449316,-0.6121281186748284,-0.46869819261468604
2025-02-13,1.9783176022365645,2.3484902805647114,1.0804757842713064,0.8864387086121214,1.4794596097513013,1.967330312120863,0.13286990873835336,2.1173668344197427,3.7399018705579525,5.620995238588184,5.318348728565525,0.04592521236473727,2.1225039666784484,0.21687496993285205,-1.6458672412775943,-0.39384513590836057
2025-02-14,-0.3202076285096777,1.751260949742391,0.29496118468666116,-0.6757691455276955,-1.477666886896749,1.271058045886364,2.0095608756226215,2.1666892271490013,3.0351338662166274,3.690177690271226,-0.6802560014962433,-1.6324329025644844,-0.9241667683254849,1.5470751425866647,-2.238708175162929,-0.3614719267748312
2025-02-18,3.170313360480487,4.744622743152127,0.22628504716981,1.499173703829837,0.001713007675898659,-0.053143953072576355,2.2740767614088386,-0.18115976686843513,1.6465925772528072,2.1474878150989754,1.5497829143636177,0.7956225155619076,0.5523320394075415,0.6170335959049855,0.6997173242096544,1.823329540792673
2025-02-19,0.09779669770205723,-1.0360995454119504,-1.6066292622860523,-0.8224921710593692,-1.2072244128554743,0.16361258388950528,0.6941157818286007,-0.9154160904971276,0.32879770890081317,3.487470863781131,0.20887483280586094,1.4426115285597934,1.156693162492779,-0.6632514902991882,0.371866560217029,0.3310474859297363
2025-02-20,-0.007292207529500105,-0.591305814811327,-1.3131696299777904,-1.2822384189021134,-0.9976099698062434,0.392050052050541,-0.12573049498236788,1.6486570787616661,-1.3656321125094166,-1.8641425081971805,0.5819175744906258,1.2607127823392423,1.4410592252502274,-3.0228919524497355,-0.07929135137411114,0.4844623084628241
2025-02-21,-3.734487744967647,-3.1897384982165655,-2.9147927849678235,-3.0707972988141297,-2.8067504805961274,-0.11390267898004902,-0.7610700343064177,1.0090511126631685,-1.2081918700910632,-2.9512735166862427,-0.96967812516362,0.999019122327908,1.1325363579186143,-1.6299934518876171,-0.20596642178265734,-2.5310755691913602
2025-02-24,-3.1736333215112067,-3.282182665519199,-2.770709439832589,-0.8795928272870013,-1.9141033572090493,0.6312383382871323,-0.7318146804206135,-5.64595762990107,-4.385059529034221,1.4669257479066693,-0.029057587835246146,1.6234791753484152,0.9909279554982199,-0.7094248127634128,0.9908638977372796,-0.5045555717037131
2025-02-25,-2.8907795748541174,-0.8510243355773698,-1.70288844278346,-1.3110042167583196,-2.1639431707303203,-0.02428315584860341,-1.5753346051689432,0.28069180942822625,-0.36228881052977985,-1.3652016695172131,-1.5475920674592636,0.8103748108599226,1.0143391578025218,-1.3119902442334341,1.281960652209131,-2.124013527586699
2025-02-26,2.4189111029431154,2.529802035945313,1.1340537923194465,1.0299466513373063,0.422063223603808,-2.704018137149178,0.340988523420586,2.641881646986319,2.9654519142184292,0.977716115208571,-0.7308538673530873,-0.960944457301538,-1.7010664074517585,0.5574778080471265,-1.2218512589863664,0.3391424937180809
2025-02-27,-5.948638836539375,-3.178868620696207,-3.8240206690850824,-1.501465140760028,-1.050518614221834,-1.2730856497520038,-3.36801418015991,-1.4884892732929944,-0.4516046851744467,-5.791791882474929,1.3700383521830561,0.4863778577170204,-0.156087412551984,-0.22038791929644974,1.2354980901292478,-1.9576232962910833
2025-02-28,1.945981520064337,1.5725069382515129,1.5069940466286056,1.0262934960827381,1.8212909222605855,1.9131868844441513,-3.203424562077821,-1.1832242409762794,-0.8324836873825108,-6.504814823760011,-3.2658223411531075,1.4925819992961795,0.75746007903573,2.619086263902992,0.8005405139168431,1.3277998554955373
2025-03-03,-4.013197957375653,-3.013172147142429,-3.0739416305915284,-1.6216057733963876,-2.2148844998873285,-1.5754265817481183,-3.756911792519332,-2.892554062374246,-5.913040183405741,-10.816557921883513,-5.97688887369146,0.7071474219437711,0.3925000831349479,-2.1110085503649367,0.5321866350862603,-2.0217992236177764
2025-03-04,0.47973260587597544,-3.436739285668189,0.056360722991699586,-0.6694573363889011,0.07254535708868248,-0.8822379909602107,-1.6460459383424701,-0.6791487955504238,-1.1389827598845639,6.508923965208524,3.0002230041951017,-1.3557324643918125,-0.1456338276154301,-5.0791115398760605,-2.876998385092433,-2.726316798284806
2025-03-05,1.7626889982647551,0.2418913874599582,2.6804055392940755,1.9629624559425551,2.159532374436126,-0.0805297297409524,1.3617289433892472,5.610039655534544,3.5276264874366974,2.2498504307371907,3.453297183137216,0.957337301605321,1.1278209289613894,0.7380377677743577,2.616021519706422,1.9822473734636414
2025-03-06,-5.03393841816674,-5.953363320181015,-3.990703453538869,-4.712454322362453,-5.168702589449562,-0.17391917687868963,-0.9997184053226803,-1.5697750558864907,-2.746303069632486,0.6546153047974845,4.346872951178293,0.14331079043291192,0.7714946936702449,-2.7054992817627643,-0.5795932572720752,-2.9285232988510432
2025-03-07,2.579002501262938,2.102122932611583,0.7476419348800644,0.2752450661567059,-0.45709399359489034,1.5892618029543115,0.604705881508368,-1.2348438994861755,3.454820913772627,5.114702973886898,-0.7289899058015803,0.25643250721442507,1.453184576750246,-1.0048163371233176,1.0151263414574085,-1.0173242986302566
2025-03-10,-4.992631418474232,-3.6379558969906776,-4.751422394286572,-4.857217187187971,-5.063320925521418,-4.847960193409895,-2.6354030017689323,-4.591859262412801,-4.761836772173956,-1.3458391103671612,0.2620449514195211,0.11922694632611013,1.6987453899183371,-4.657561051045344,-0.13534497701495063,-4.554965430166396
2025-03-11,0.27274176189392424,2.0061289222303844,0.9555415391256658,0.47867199423162754,0.9118150118707625,-2.9189307576519163,-2.031251469284475,1.692304486827276,6.923151364123765,-0.9155503062404036,-1.3830047073926375,-1.4502281451717633,-3.110338331753599,-0.20793752583642355,-0.3246778959376617,0.185686232022092
2025-03-12,3.6775890720670494,3.2998377004652575,3.1985230746394047,2.532893262600803,0.9744891480169681,-1.7478794721086155,0.6766157846302893,0.5269860357636347,0.9746842491689592,-3.1883036350918994,-1.542632238791647,-1.3493241778278156,-1.4689428014187045,0.8281446426341965,-0.8035462202127652,-0.2352146723031745
2025-03-13,0.6434332459333658,-1.4131066160574577,-2.918116660710695,-4.514203778221382,-2.5464011138486464,-3.3643624218424817,-2.5278040793703034,-0.9732949361930011,-3.536521670080504,-3.3503202879178184,0.6383231961267721,-0.13312086305280282,-0.0883863057387857,-1.1133252180138897,1.278492265509441,-3.339963281426661
2025-03-14,3.408663973593387,4.946669376309928,3.6744825598184847,3.1980524925592744,2.5404368981768766,1.8170600884615862,2.3638339720910784,3.3245492663222054,0.15926534582972884,2.9223446404490536,3.4351777475082668,-0.052776000454046734,-0.5378937914190174,3.0509051452945846,0.19552668883642932,1.7629994654103975
2025-03-17,1.3835832241621238,1.9217191701337362,-0.31978052034473364,0.8122568357412948,-0.3476203829172242,0.23888377184630993,1.3596287597351726,3.048665360153577,1.1371170149852359,6.298388783889892,5.552607733685589,1.1203933840231772,1.658415699369322,1.0985253659942051,0.8538281335855924,0.7959006550642633
2025-03-18,-1.5596873880967232,-1.4434563557210807,-2.4092503963187712,-1.640126938318755,-1.4203216612915615,-0.6121524714690185,-0.8625869179787063,-1.9428486481464358,0.2407165048953702,-4.38672756574919,-0.40848693608894204,0.17969981008612948,-0.7873990475345938,0.36252596883000976,0.28210489073390743,-1.2327757284386343
2025-03-19,0.7695853273389552,0.9153341292191882,1.3585227424825723,0.868984709169566,1.541875856788999,1.1989259503216054,1.2573806542951556,1.7712315113674613,2.3861758464831535,1.495577826192085,0.4003635599041766,-0.09517054019593425,-0.6736639981388871,1.6343733555534754,1.9218340132792158,1.205923320694724
2025-03-20,-0.05023866824888423,-0.18867655859486168,0.19163861343466687,-0.22361715856854536,-0.02493149920979043,-0.5296311389961117,-0.3987677686230688,-0.908963894062451,-4.920498748919449,-0.025034463814663233,-2.8248994120124604,0.2984711932480381,-0.738168209886576,0.35159919470174383,-0.5258415904449065,-0.39843759574596516
2025-03-21,-1.3470350132990538,-3.357662410342366,1.1748212440960502,0.33205146499132127,0.8737146721402489,1.9476821228993524,0.39307678210984315,-0.664052729930038,1.8303214210650491,-0.08271221280906627,-0.09675859609465376,-0.238319558383863,-0.17442042164853788,0.3465304993795426,-0.9714676570074188,0.20474506166172635
2025-03-24,2.5226180714037114,1.4738782035602416,3.074172596752086,1.9395579136639955,2.6553864367226865,1.127043423393781,1.5128617739020929,1.9839571951312585,2.2841945681176017,-0.7711703832698591,-0.8046172759212933,0.20509082400451684,0.3467719875011599,2.4019574795008936,0.8143632651620836,3.4052388803632483
2025-03-25,-0.7760991339341606,-1.952734624433335,0.6761127767637409,0.7226990860026298,1.2248686531380981,1.3681926441879266,-0.07959694282926681,-0.8822001898955879,0.1990747433960031,1.5938201605144753,-0.4324806794182401,-2.783031325811208,-1.525791084447492,0.6517657916211728,1.2479336328897217,2.0165107667108773
2025-03-26,-3.4046902427852865,-1.4421511757712964,-3.1382063929923274,-2.321398247381495,-2.728512427584917,-0.9921916468981329,-1.3230911856734973,-1.8254525098757177,-2.267331202776381,-5.0716633774289805,-2.5313572968425344,-0.6018702775973624,0.49588264653099845,-1.1685826044065362,-0.3253247995396724,-1.6911258444290367
2025-03-27,-1.7154776441192277,-0.9556944826033531,-1.1950887032807762,-0.962706485458026,-1.0590189861496602,1.0472666089927918,0.5703076764071188,1.0380218633240723,0.0954329254819714,-0.7849281431017735,-1.8899134941685602,-0.15567786682366136,0.011068803112614933,-1.5795191804039632,0.055650593870943954,-0.3338103549091753
2025-03-28,-2.945828581850706,-3.0034596233374273,-3.6540732392847386,-3.25142799521295,-3.8611580770277376,-2.658027683405173,-3.409831017811323,-3.7090091512994467,-3.825135226231105,0.11253627268384137,-2.1436264914008962,1.0479114226297919,-0.4330825236585145,-2.468835490385726,-1.0335605802323555,-3.3435507249594485
2025-03-31,-0.335433942019675,-0.6857009651012028,-0.7861862461424618,-0.997469310544615,-1.3767637661933296,1.9412605542204586,-0.01555060108617464,-1.1036923638654672,1.4151152614255498,0.17125325651914658,-0.7391765549760176,1.0834533523447283,-0.29259651091507743,1.0501346829743197,0.2834501847691562,0.30035424526538845
2025-04-01,0.3875761654268495,0.916582458967663,1.2442577198164915,1.363983555447092,1.8669583627964805,0.4771951175297495,0.5756615855202188,1.4705154056663572,3.213292374232413,3.8304021184396904,0.26386753660708195,-3.3509987894067836,-1.6843073646262787,-0.4301577792612665,0.02323454156506477,0.17970126058373115
2025-04-02,0.6949590744430756,1.0705914112406845,0.8035699719365764,1.3961172364014232,1.6503312734054412,0.313635061160511,1.434036885264837,-0.044393466320562514,-1.2123130389672128,1.8273946657695994,-0.05019584318183834,0.43424979835778865,0.14977582644231546,1.497408781684082,0.38286844648780294,1.4865155777845418
2025-04-03,-9.218802208859113,-16.905289902661,-6.077202352474077,-5.709169123092717,-6.928159119364426,-9.245610910922164,-14.312716321306892,-7.001239421984513,-3.5019846600248723,-3.052757679070836,-4.431847432623126,-1.2180812839721924,-0.1887720551002725,-9.700171425727572,-2.7968546911749437,-5.3860166272026495
2025-04-04,-8.79739980222673,-10.074006134324152,-5.809048422827876,-5.695849853177435,-5.481028719593386,-7.288740460316124,-6.48664518817349,-7.33432863465003,-6.211827921820453,-1.663152904254622,-9.496478912808925,-5.382748749266773,-4.701418468026081,-7.587760731596743,-7.461424695252892,-6.869127948118276
2025-04-07,3.0386246900983487,3.5206857481024705,2.1645824113007626,-0.01175104874991395,0.8880064630307105,-3.673428915114274,1.4789585659091944,-2.6449535784910427,-2.24306268099731,-4.208455164823966,-2.982662950594717,-0.9876007956015305,-1.2841705013747196,1.5005957025493142,-0.10041355146037878,1.4453785445719958
2025-04-08,-3.0846769108504533,-1.9917781973748159,-1.1711033074669857,-0.4164533084761131,-0.7967976778875174,-4.981818543870231,-4.870299552447366,-3.947851319077602,-5.974624272044939,-9.907405524793017,-10.808491010317134,-2.662709552540791,-2.6050813770649506,-0.28001977341386874,2.1683272975289336,-2.5460940941278043
2025-04-09,18.724966998936544,15.171846280710577,13.278687636589277,10.831962910123975,12.102138071518453,15.328851458133851,14.092651041403743,8.47768825220848,10.005471499780368,11.590828900104864,15.71773827292855,2.4651414412561428,3.4370241465380276,8.38623974373815,7.4221448464882425,12.493666683247417
2025-04-10,-7.950974745115239,-6.702138158122639,-4.461471383725486,-3.958308890349386,-4.385355236992142,-4.239370658828934,-5.427502219332655,-3.5740631050861404,-0.6168337777885854,-9.926505953884037,-7.833116703790132,-4.07105129083223,-3.9110691356287903,-4.133414538862799,-0.6376753956315628,-5.726920200652258
2025-04-11,2.578279213364616,-0.49124863690820736,1.3194651532354504,0.39791938690208656,1.553351084543939,4.059432148267916,3.4464872935309714,1.8257953983653485,3.712687925789265,5.565982175591522,4.04216262456173,1.3678531794784992,1.7327366381702802,0.8718378056562504,2.0021293517182803,0.2472893196676096
2025-04-14,0.20961821477465165,3.277932919863891,0.22474148109126654,0.41076649036318286,0.022381557280009012,2.205412997037559,2.914716088085075,2.548718766045046,2.78732205414672,6.718929521826933,2.028135974075518,1.5384555108940325,2.908154135785903,1.3625564022890946,0.6894239402863267,0.5291351202029781
2025-04-15,0.43029959225413084,-0.1955742578356512,0.3144381188389683,0.4006930111740803,-0.07964379082152861,-0.18763720389342042,-0.36113852504751814,-0.8364029954188433,-1.8873522161685916,-4.145182778650941,-4.230044790699944,-0.4374548818566082,-0.7150264512523297,1.5471955026886142,-1.150694632323379,-0.26900310651702397
2025-04-16,-4.16879539716008,-0.7103335936919549,-3.8328905878632105,-2.214748678780711,-1.6868395509297591,-3.8933437517184477,-2.507393086733974,-3.0517197648608034,-4.190208536955997,-2.176400242533499,-1.7489086378563334,-1.8623718269968983,-2.190566134376455,-1.8643823902194523,0.8075604172704253,-1.7695073121258176
2025-04-17,-1.178382088019524,1.9329893572619457,-0.906768295185578,-1.0819795211839753,-1.3505542080643074,1.3949632775603904,1.5520952212079238,0.07090360634951942,0.501669356375715,2.650684520540625,0.8149891336381776,3.262727852982602,0.7700450097995248,1.2645163605076126,0.16076957328093666,1.0616480637770542
2025-04-21,-2.354228231622827,-2.313969439743213,-3.317344665974531,-3.248289824897732,-3.515457193691115,-1.9392881061038092,-1.7056597912210483,-1.0955324089500529,-1.5990753542153755,-3.607945498863463,-0.8124351495412296,-0.9717089220756739,-1.1908580995601081,-1.2306081407534908,-1.5392698353351864,-2.647285402431737
2025-04-22,2.4340116057563588,3.0452576873272483,2.859540273129827,2.416913487175213,3.036048866350014,3.4065159439442327,2.64090742678571,3.3524786920317107,3.053227141081127,6.652742362707459,3.1380743137596423,1.5466856835282445,2.3804411297245176,3.3650617647271908,-3.8116196785002905,2.762775609460111
2025-04-23,4.204367732634622,3.4258276174889226,3.8497451667904192,3.319941802440755,3.9247626504149387,2.4331664923032736,3.445357391673472,2.975003927799455,4.132831585486974,-7.660832898058628,0.27015246534018433,-0.4825802332021604,0.16800270882409984,2.0905729294680686,2.1331328532658085,2.113724017580576
2025-04-24,5.219900840507528,6.34905809970098,3.9921465089154107,6.575405502626519,4.45892916054599,1.8426065698558647,3.520579074001629,1.542274077067174,2.6286578542883894,2.4295128829920993,3.576148055238937,1.4514119155473792,0.7304066551438337,2.3853774655272586,0.9177247853017878,3.8858410823221945
2025-04-25,1.126510815042283,1.385806091868802,2.421659403571673,0.9188895553611428,1.159755366285422,0.4367266581964069,0.25279995960219753,1.0294527724827995,1.291712943096962,4.592191933934414,-0.43400562134296994,1.4064733122873427,-0.45045023485851043,0.07587763553296378,1.6453358053222942,0.6034791834378217
2025-04-28,-0.29003606273943383,-0.6211291608484807,-0.3516776133605491,-0.006987442033214626,-0.26773385347511836,0.4109335285442661,0.13448018272874673,-0.22789571125130914,2.6227019555885582,0.2395555613847994,-0.7981779922403343,0.8889876787529375,1.2019992776478183,-0.05510806723997286,0.7903879383337609,-0.4267609779841086
2025-04-29,-0.6844026663081593,-1.1763260008122962,0.49399099862562795,0.68237011731103,0.43638038008341873,0.5091803503481929,0.0969388305573693,0.4398921428759017,-0.718373871412718,0.07595907509735655,1.1227345487994311,1.412711486916396,-0.9289511501194282,0.9697491840310857,0.05913494667123098,0.31071962883155724
2025-04-30,0.5394078910520916,6.541270670522799,-0.11564249724115294,0.407535343839599,-0.7694180338917311,0.6107713788649161,-0.4490968208133402,-0.9024831920870513,-1.0953310265849154,-6.678850545643698,-1.8521763462879925,1.3011978665772823,2.049906182191883,-0.27542626567702566,0.46395631635101964,0.09442234939173177
2025-05-01,-0.45921583902327023,0.05009955130618934,2.4815271158587584,2.5234673969364443,3.505887998699051,0.38588679064202047,-0.037001932779704795,1.4509937518403948,-0.1638296312867086,1.8383429051379436,0.30668117112741533,-3.1946608509283845,-1.8435143295103829,0.7155407305939954,0.12566724315309585,0.4365838007626577
2025-05-02,3.1916540475722543,2.958864268426442,2.844713883942483,2.1902990920982024,1.3223044056680866,-3.736171359938467,0.4468530411180967,3.227037089492044,2.2120477941147243,2.8150629911466165,0.8996444751387278,1.7354658949666792,0.9538333892684969,2.6198061434110853,0.8217598872752419,2.0802801129292114
2025-05-05,-0.4943278117580885,0.31237366531037997,-0.4449328443396231,-0.23262883771902332,-0.22824506784394183,-3.1458498670887347,-1.1938940954401882,-0.6791534730655968,-1.7758139583897306,-2.6794716508483165,-2.1774081540101466,-0.8282980069046967,-0.6357631796283414,-0.12922686443993303,-0.18089980271110306,0.2641204406061193
2025-05-06,-0.8968029589635151,-0.39648722547841464,-2.28459142891048,-0.31855931708503576,-0.7023048308792523,-0.19106952436467317,-0.5560234473574973,-0.8117628965279564,-0.6999532990921171,2.7040736327036488,-0.4030962375263736,-4.040196977574162,-5.962511505279007,-1.0823208557503006,-0.6121982516421354,-0.28347202872298083
2025-05-07,1.3435886865896007,1.431353996792913,0.39098537248231413,1.0935925267555786,-0.8944487255621159,-1.1384769833375663,0.5594683981052673,-0.6389170865512228,-1.8995991225817077,2.380282465619427,-1.6572836806373503,0.39228706818910664,0.08487926638375498,0.29140987589157064,-0.15798285309302829,6.487727860751324
2025-05-08,1.3605445907336224,1.3175718940848717,1.952855023785197,0.5212286987730241,1.7898632062335686,0.6318494633554828,0.9792046907462307,0.9374781540416999,3.702930687515231,13.5211700230108,2.2734244120197977,-1.3754263320477855,-0.9359827362038864,1.5851949172866409,1.100594125810992,1.6123748888256184
2025-05-09,0.7169834914379791,-0.07677335379036032,-0.7124562531779954,-0.15091370140154306,1.2407314162093286,0.5266076204561099,0.23271999899743637,-0.6434644136882395,2.6364451532643844,6.881992597869774,1.2873390299710463,-1.3222930330844205,-1.6878785116193007,-0.06916237729703179,0.18292636909112092,0.4578798120376204
2025-05-12,6.650359920762577,6.536508147419233,4.775518051550415,3.7410480122622194,5.090978335130587,6.31462266329994,6.982530066862883,8.026723152815837,5.624745408529564,4.715855711926673,4.819865732299644,3.1668005097316154,5.639984075408239,3.7963856901558564,0.857584329402512,3.167057462492884
2025-05-13,3.359442011391381,4.573248125647988,2.635169438062465,1.0034528157181366,1.5684878375707423,1.0152256278603833,2.3795981710172054,1.959436643608705,0.4337116237061289,5.285529677973338,0.027346514582377024,-2.5038666429821848,-1.3600569413522101,1.5464421538867912,-0.633816632941202,1.6804989249340818
2025-05-14,0.5622499130379344,-0.5129295919258406,1.544992011583987,0.26858607611458346,1.3922457024233492,-0.2817828490408347,0.7352595096881168,0.04897986619726513,1.9206046584515672,3.0041210935373623,-0.6722665854398457,-4.041391309670675,-2.2580299228030087,0.6680161068280044,-1.1059904354959738,0.01922962070735057
2025-05-15,-0.3237533003630122,1.1279135639042333,-1.0490399473417866,0.16875266789147156,-0.6598845148968979,-0.4144455183460405,-0.03193409187109605,-3.169210078951652,-1.0106407400213995,4.227964111003257,-1.696047939808376,2.5604337896893017,2.7741967868689166,0.11603356324407788,2.7190503207418626,-0.4480313660384927
2025-05-16,-0.6030107334188006,1.1630247148758672,0.4166010791845293,0.7811002021310168,0.9499070278334765,-0.08985807760553133,1.5936455694701257,-0.4369166190136342,2.4905305807599865,-0.45157805284497243,-0.4475100943970134,1.7816740810064051,1.4819179209034594,0.339489871159806,0.42375675637384314,0.4895478687157673
2025-05-19,-0.35747225695087037,1.0944085088381887,-0.290268093865152,-0.30413791586050287,0.2295597090379986,-1.1739103087880398,-0.6151456384225059,-0.09721448594550264,-1.886543716644238,-6.090059177884072,-1.178755282097388,0.7786843009795245,1.7461633111697814,-0.3051755424532976,0.36132025721154815,-0.10003155880042303
2025-05-20,-0.34597342046883917,-0.8777850249104638,-0.6482130068890599,-0.039730251548928765,-0.46220818977685596,-0.9196227967492532,-0.45858027413414604,-0.36069038706571854,1.8452777085616876,0.9030270223178233,-0.4242367066805752,0.6378451704008248,1.6046038261638529,-0.3665423116102784,0.5964357729157754,-0.41579448342597414
2025-05-21,-1.8161916823814785,-2.3099745675483008,-1.1487973727392742,-1.464561813079829,-0.5005063677608823,-2.3059151208633444,-1.8653798782410689,-1.6901233300379779,0.5089140371727957,-4.354760454470208,-3.4938264067116256,-1.6739009722484097,-1.9543969458824129,-2.6949298510246567,-1.3756942665404193,-1.9311599385339384
2025-05-22,-0.4032599992327402,1.2984855912970865,0.8046826319996203,2.432813956421298,3.4745975088324244,-0.3612269777481525,-0.2426141522223313,0.6884447109913805,-2.602907479161876,-21.41184525684032,1.0303302771410783,-0.021503245011977867,-0.5389720182611968,0.21479906929067205,-0.19480878464042783,0.34842797199716724
2025-05-23,-1.4543612000330708,0.9022707736364118,-1.2746101842934074,-1.6294587115434578,-1.0240666782964314,-3.024421041472658,-1.5686858019942853,-0.9712473078624996,-1.5276807730478887,4.974191301178276,-0.7652516105346896,0.15014318927594936,-0.17158900564937074,-0.2798669352528793,-0.5505809028431607,-0.4124477827173345
2025-05-27,3.370707542581093,3.4383097093936725,2.0940525694771006,2.3996206808694076,2.593967508119137,2.52982519087801,1.831130413127502,-1.8825142137763826,-0.11153341248283007,1.8446737714330723,0.6147894643371288,0.8931020093516873,2.269947829423713,2.3677698789454915,0.9827907553621351,2.2224679376947387
2025-05-28,-0.2500870738159444,0.3543285366846412,-0.29969091225984235,-0.28191726635566905,-0.49503055719154254,0.10488493588676207,-1.37023732031419,-2.102596494210065,-0.5099544497448242,-2.6330506894983206,-2.7388065700561235,-1.0393068207078417,-0.7469198602368876,-0.6317376970470745,-0.847791654803045,0.08996276469486197
2025-05-29,0.21165988265674063,0.5694900260373448,-0.07274964522140223,-0.822377645451892,0.16011298334543067,-0.2345059699954133,-2.876536881611154,1.2263695040124656,-0.7723620922269675,-0.002667374382497867,-0.2748736199332469,0.9864341561626411,2.227291199126289,0.3756869686264075,1.399737323051169,0.7088533686067988
2025-05-30,-2.6380200646973817,-1.4965349156746521,0.6536419734384077,0.5119323309238033,0.5351349596631549,0.4501165153201203,-0.6090650664061892,-1.4102779208031513,-3.7058775728787907,5.944587237548083,-3.1416086965685097,0.8433672996377983,-4.332361455863583,-0.10771184988896731,0.9970935297833616,-0.20835733161275183
2025-06-02,1.9109831572425098,2.068547144959454,0.5194968013081614,-0.16041654724380794,0.8112813211440507,0.42319709002895944,-0.8011809568437575,0.4562112236795812,-1.3419313454921775,-3.6075216162826247,-1.258034349228071,0.33951929659665386,0.19012791741315427,0.08112787112490194,0.37159665230023675,0.3601225856792456
2025-06-03,2.4384772829123214,3.5323661000079998,0.3160190003048632,0.7492006939563072,-0.1437233865876597,0.7783811173800226,2.0665289231157256,-0.20301048283389633,1.7002217346983628,8.56222637391767,3.0579497037699244,-0.12301746206050031,0.187084878168291,0.9925231894599396,0.4717718449813102,-0.2341434898902539
2025-06-04,1.2654370392887615,1.9909108005802034,0.4077086905615765,-0.028098307986473836,0.2635216700336751,-0.2213711137626917,-0.09815721547791201,1.4722014284336726,0.9340553023858332,-1.5139308380584275,4.306028175357712,0.4369919589819064,-0.37882585785238954,-0.5422526100824165,0.15440538790639113,0.9111707752217257
2025-06-05,-0.18877541976664025,1.376796200810319,-0.97990946553229,0.8613998144451407,0.9296989201141015,-1.0797728543074925,-1.2556255027231085,0.2227549534688822,-4.402013470689707,0.6134468897730394,-0.45054930397498416,-0.3130886032224889,-0.12484677821344325,0.0031394064344625328,-0.5509850245247816,0.2622882478456101
2025-06-06,1.047000924342131,0.7635457347123528,2.7102031927514085,1.1707800342462882,1.7595831790925545,1.6398234140678536,1.7697115481189278,1.9365042174608527,0.8217456856669451,1.3323481961285466,1.7267414048939833,1.104083885107221,1.7333596578983013,1.7385700285885441,0.5307528028185482,0.5096984310794306
2025-06-09,2.064471092238489,2.51773341858638,0.9006549711504687,0.16674430557448439,0.5149594716299277,-1.2112531599563048,-0.3454508923434056,0.7210470783337186,2.6373557003287247,0.355848175880888,3.254659618823441,0.7672353593592917,1.0206394459450885,0.02696141472282587,1.010953366963494,-2.772995861499783
2025-06-10,2.365744555927127,-0.22536536694176545,0.36435214158029305,-0.7715535502043033,0.1913957751139317,0.6056021902935083,0.502647386017759,0.6434792210048212,1.2892991804185698,6.482902295133235,2.3298879318578436,1.8659167614962113,0.3925446594035398,-0.01848016175762357,-0.7759991838395175,0.4619671092968458
2025-06-11,-0.3253650646356821,-0.005520593075277376,-0.3550195871498393,-0.3761611297040039,-0.39629494618798944,-1.919373183369144,-1.8262866943740945,0.1572068129708848,-0.45080941247558903,0.03204228078217408,0.5679918550851704,0.054254591790203754,-0.7602208703411772,0.06118772966923203,-0.6616520609204813,-0.7064919785402524
2025-06-12,0.5120144691713313,-0.0017210701357776397,0.18770949431000977,2.7994498010778277,-0.6523436142495154,0.21128663073402,0.6102377457933331,-1.1662507586660165,-2.6811862814981864,-0.7575775343000329,-2.95343034269141,1.0333031008055344,1.2278507287855,-0.29618597834613514,0.1322482170803995,-0.8852451119967464
2025-06-13,-2.219332346746259,0.1030677132687267,-1.013361715230546,-0.8270263644374461,-0.54509358219478,-1.3805194198080128,-2.8015314492841186,-2.5156631691340303,-2.7835375450562823,8.828830079039957,-1.9459964601828972,-0.45156852812229253,-0.5370742880817714,-1.77700384359192,2.071159961443332,-1.2009796157780972
2025-06-16,3.562067732117497,3.2333458481584496,1.9744983606835933,0.9616345680041717,1.7329429273084695,1.0028022576847206,2.5568023989729496,2.37900594443591,1.7573205654535757,0.017672144886604624,0.7620019876604545,-0.9061406409251737,-0.20995630423864098,1.6862357054035737,-1.5590601536732884,1.6843132431226815
2025-06-17,-0.44823241971932876,0.769347583795954,-0.7243762795452137,-1.1072207364412001,-0.0069322275005956335,-1.4010737856372857,-0.13787534606890528,-0.8542168490990809,-2.290280216628171,-28.836507098309298,-2.5348821936575447,-2.4266994979347625,-2.491764984800624,-0.6050562647056146,1.0621180539306252,-1.26733113529377
2025-06-18,0.9184908330211117,0.8723326444255219,-0.16878431976921865,-0.2600654601148296,-0.15114339182216385,0.4804711390223648,0.1903409259424523,-1.0456200262305468,0.9332245671169543,4.116874787073538,1.2340726597510288,-0.3162925490430087,0.44344646877272575,1.9180584496239341,-1.6241495250836735,-0.03889516761140799
2025-06-20,-1.0401352037097544,0.4570617943306117,-1.4702081993740868,-0.7140277786779929,-1.3954493153778167,2.2484522595249024,1.456579437919429,-1.1254916663013725,-1.0376546244115195,-0.40221550756733004,-3.861817578178134,-0.5728712281993731,-0.33527738963346376,0.6484075514862875,0.438758348932371,-0.07646016756339691
2025-06-23,0.3012224661053564,0.7424803518526812,0.8454304843916548,1.0608856963314373,0.7419248117855126,0.24876265304227818,-0.5705673984608121,0.8123771057811947,3.4489138248574527,-1.612476447788025,2.317287707572846,0.499521005484684,-1.7448218687359307,1.438280461172745,0.5582909409521619,0.9389642332246595
2025-06-24,4.5481306051117905,3.3338723694789736,1.960085343676069,2.397852453548758,1.9339220773172534,-0.5955336870606232,1.4056480298310154,3.562055118986591,1.0785219414106428,12.202060013249971,3.6208821975961536,0.6856181971822991,1.5172466474916524,1.5755495038235257,-1.816102484069857,1.1060345653111758
2025-06-25,0.9798495492147541,0.8110042346340237,0.6815042915160916,-0.2344169649991142,0.7343926615489771,0.6290573788700682,0.1601699007006759,-0.369177181358864,-1.857190645331974,0.5645673526136236,0.6374523335352156,0.00689092602723836,-0.1459427264827684,1.1280189859993994,0.1185334554408457,-0.6724343645266473
2025-06-26,1.2041075110103086,0.7014478338611019,1.446042230407087,0.5493749994424498,1.1540494049344163,-0.2778400695995997,1.6794622552283958,0.1665544131885488,-0.8256003983551102,6.578376310417255,4.2204773685248,-0.04454708388981025,0.08807509643690592,1.753111533519185,1.1913234451523125,1.7838193197519558
2025-06-27,-0.3128879372459481,-0.2658104045364003,-0.022580902178629052,0.18319314769474163,1.469458024920236,0.03980202448676806,-0.4323343184815605,0.46857797985536465,-1.0467402775182784,-3.1556200920655613,0.6007493388000162,-0.8526586885806413,0.1978412845079247,-0.26332766650966066,1.4600168991948803,0.528331190548248
2025-06-30,0.01669528724329239,0.6463219540775741,0.28831200624018305,0.8944838198752562,-0.2609064104106218,2.0340156705265455,-0.11285085665125501,-0.5198600280210064,-0.8072482117598959,4.730848118807782,-1.3838733709116036,0.4529862045964765,0.4388251079640826,1.1017513131024748,0.22389892787475718,1.2451367551812087
2025-07-01,-1.2143844981230445,-0.5524352723449274,-1.5370964549869417,-0.8206543322343348,-1.9705466269915248,1.291615425542747,1.611277382435235,-0.07299938561222241,-1.277936790206737,4.822396094102024,0.09844603245449668,2.207905354717982,2.368905804334158,0.9610352082028006,0.22360220868798075,0.4706819053790612
2025-07-02,0.9939228262039201,2.8330955609881343,0.43604899645344514,0.13208379995111783,0.43194697060721543,2.2230762139012317,1.6777490658375822,-0.6771510648357125,-0.22081909776138042,3.0481208577540246,7.212815186796517,0.4474180833432706,1.571250073320185,0.9361916410703719,-0.10134743625804354,0.8524162723662299
2025-07-03,0.8174376107438264,-0.24584543463557207,1.2203208745973773,1.908738587083688,1.721097455518987,0.522506774348952,0.8372979481918064,-0.060245978265729416,1.5923094849943291,11.476478942182927,-0.9608992523644777,-0.3382613604658635,0.1881045041269469,1.4325449851502503,0.9083626188297543,0.9896084104491165
2025-07-07,-1.6814566977451695,-1.2832627681224247,0.02474359640503814,-0.47213754728041196,0.2087145585116268,-1.6857955249283796,-1.527874196877373,-0.12838603769768975,-2.7206693359509164,-0.6966980744052413,-2.887202652191828,-0.6417189497959089,-1.1089314200902112,-1.288943800451483,0.6972435266951238,-2.0689522244636773
2025-07-08,1.9535597023280071,-0.24304055174883357,-0.02120085078587091,0.233774021149874,-0.8939310348954898,0.028578971805215403,0.5131073687349552,-0.13458361591494716,2.825036755073658,-5.6526354480969125,6.384690353300471,0.8941294345664116,1.474011872856864,-2.279792091184978,-0.3915872119732189,-0.80797443100592
2025-07-09,0.30684486428529056,-0.8288214130091213,1.2948428662330147,-0.49859710135485474,0.7540033773131216,0.538068961510163,0.5470619212047204,-1.0725703911950426,-0.39604501259386155,3.8315854847914332,1.0646273624067004,0.9854623163012018,0.8632104351907754,-0.024820377891110468,1.2625303087265882,0.3906969555670381
2025-07-10,1.0888525292943307,1.038290363071918,-0.42504359104194034,-1.9156146630606719,-1.8626653494971237,0.6014977043711456,0.6805549830986024,0.4168405485715265,2.115325230887638,1.246062454326774,3.329233850553459,1.1182503108267072,1.119850624570593,1.2115264428905048,0.5005947277782052,0.49225814953674507
2025-07-11,-0.043888852494808894,1.5560364513563425,-0.042631845993710914,-1.7716930714191206,0.2189326146706172,-0.5884853456365136,-0.8792115274700474,-0.35464005505325913,0.7484812141237938,-4.563251021378518,-4.119284909529542,-1.0368790545073947,-1.521010301673056,-0.34635096284736155,0.21901803367314177,-1.602226066670387
2025-07-14,-1.0580491039284476,-0.7561641196347724,0.9347774366616347,0.788660363937475,0.6204018594600469,-1.202881464197092,-1.4795042843623725,0.4971077836708626,1.6567696178396691,1.5169995918673211,1.0122672767587715,0.08177252343875747,0.6519048130590588,0.9014615772259349,1.339394214120344,0.44226209333890765
2025-07-15,1.6048305285547273,0.7136629027278222,0.35441406115580076,0.10206514115840466,0.5949597496455228,0.23488288655426626,-0.33256028926185915,2.7087548165448156,0.6973427357865103,2.1341997312123357,-3.1594123279219897,-2.292133231122747,-2.8261892181587784,-1.2019142454704501,-0.6974095440910966,0.09068985962251697
2025-07-16,-0.6417174453473551,-1.9465227851585922,0.021251303515146258,0.4652447573084935,0.043374502879423016,0.502133715468478,-0.3404756945005157,0.13289797686113047,-0.276046047177884,-4.554519324727102,-0.06396965215030859,2.248352574244794,0.9699802232440223,0.18865970602326865,0.30411097014148014,0.7728852358762195
2025-07-17,0.12451025492423495,-0.7526740218853837,0.767418311229998,0.8922004098722699,0.48676260384305614,-0.06662490332222104,0.31928394639455143,2.658347009422184,9.166367161243233,0.19802913936766153,7.509113581664739,-0.5973954210726643,-0.39879302288007734,1.263578167517916,0.3414692155944765,1.028611561376791
2025-07-18,0.201048919189184,1.3538792896418423,0.3162368355864063,0.34759609429670935,1.4375935206344703,0.5523280640275852,2.582034255399305,1.6981258984104521,1.4188493520936263,2.9288834729146505,0.53140856062594,-0.5255325730110468,-1.3370480486264522,0.6013802663974888,-0.623945036250253,0.16958048419559724
2025-07-21,0.4295658893825694,0.14994634560786535,0.5141021510690926,-0.20526825132148688,0.7526575132667523,0.6155827878369324,-0.6798314675982834,0.6825487236872396,-1.5163001169004449,3.015718163072651,0.07775066097810424,-1.0412736122071997,-0.2296756989616311,-0.2772890155874963,-0.41528402123163444,-0.9840042578950103
2025-07-22,-2.471367530747551,-2.6723825221765343,-0.8657291562569193,-0.42967465946196864,-1.2614730639064953,0.90362347501034,0.014447145422447072,0.07135655975652791,5.095004711641049,6.323443764768911,7.112233051465811,2.440260731813681,2.928083990526602,0.8100018236207074,-0.6314721968527357,-0.08113702475397999
2025-07-23,1.109675491542751,2.712544280015868,1.2136361573330916,0.4177426852974046,-0.13791118105042965,-0.1166074880693091,1.3525034291184828,0.7635189990988134,-0.9234023402704867,-6.925873831829521,-4.617102698295428,1.8674924478356392,2.0347404848481387,1.7531327840280664,3.3421323703996153,-0.26762302318211195
2025-07-24,0.6243394469871311,0.425845426310593,0.8526594128866678,1.1101895211457788,1.2356183591397718,-0.18212004700020046,-0.009346031311067518,-0.2227705250863088,-2.5850294467805104,-1.1827559199035607,5.771938485945316,0.21188086127094108,-0.3279390988377995,0.051588693415360876,-0.5012735578187222,-1.4656926763220668
2025-07-25,-0.8303823161359837,-0.6383919265146624,0.4822237572397906,0.1844613036361853,1.2795662204337033,0.056146331546491623,0.7510983171640525,-0.000622153473459619,0.5918791009337768,-0.0573531978238202,0.028441693146480373,-0.16338689152043764,0.075438621989381,0.6868190521072925,0.4285018013299502,0.9533794235250692
2025-07-28,1.798338205838789,-0.01564918260510047,0.3498861156623662,0.37835231378738715,0.03068786686238001,0.07948587409902785,0.9177875496012492,0.5960312097354437,-1.0640604080482636,0.14249610985127004,-8.381072325065508,-1.2212773502292293,-1.7657028504984784,-0.6645595673413052,0.09437650331234115,-0.5398545536828225
2025-07-29,0.16559967302416045,1.4872881800399806,-0.6228854629057772,0.16693704995188927,0.18925483875980031,-1.2987668901023652,-0.7521902668012337,-1.7551020537992756,-4.392223661989486,-4.137410539055189,-2.515954021733285,-1.0215875591658357,0.4613186091824195,-0.29411758255753373,-0.5327845896091056,-0.003556100974483334
2025-07-30,1.4050957716201264,0.0664085448100445,0.3120401730200276,-0.5469134910602524,0.31621630324515815,-1.0507862911703691,-1.0829340953206683,-1.4224605286195513,-2.1499539027679053,-0.9632349015920889,-3.7600521963591094,-1.140002863876886,-0.3444229495626594,0.21596521312381878,-0.1017840396140457,-0.01657894021033779
2025-07-31,-3.6639691192619734,3.929470150283173,1.5936163855349241,-0.1702537463757888,1.631369933747413,-0.7079609380583052,-0.846563313371466,0.6943657497718926,0.2422728056422981,-1.2668788665568864,-1.5843659440453683,-2.7872708038645087,-1.4845940035882599,-1.4316796352988503,-0.2530030740765943,-1.8659930139237113
2025-08-01,-1.7000179627526482,-2.674653966456612,-3.19289963418504,-3.7440705182260174,-4.677326805672337,-2.5003594915492977,-2.6528923353801748,-3.8009349542562925,-1.4269641628243013,-0.5026355259834192,-1.2556755748936776,2.0567861882476723,1.6182997004214261,-2.6385939606281843,0.19549161856112107,-0.814009363962459
2025-08-04,2.2751537333837826,1.240737891053952,2.2547229679224357,1.0343781803131817,1.982293182133199,0.4792936108565904,1.630550809172478,1.7186265462771222,0.03759002440049667,-0.17036618282420812,1.2960685536952177,1.27260984736914,1.50604636281793,1.0200554681699492,0.48433002735632336,0.8463135128325194
2025-08-05,-0.693220504388482,-0.8873737168668202,0.3763717495834945,-0.9022240390177201,-0.4889060764776154,-0.21146353111312077,0.10029769135681359,0.3324947404712564,-0.37569202259579343,0.3960071783339847,-0.5696722460950765,1.243045770818313,-4.5543536347970655,-0.48764067638127573,0.3769927285170338,-1.2519062388789193
2025-08-06,-0.503271859966865,-1.9729366576236476,1.4667330396161924,0.9311953496212112,2.0469461173964265,5.090679602505532,1.0458772960328266,6.081820059745997,-2.2291113565256557,-2.8998033856478367,-0.5022223629512879,-1.8346576604786,-1.8982667394668962,0.10879420263302908,0.3065402338393497,-2.812506976792639
2025-08-07,1.6419272187224088,1.432912696421007,-0.371717712690505,-2.5220893878799058,-0.9041776284310042,3.1793629657992595,3.019102118926087,-0.09866243080561166,1.4899309573403314,8.222653832087767,5.35902576119639,-1.4420179845431147,-0.5951477228104984,-1.0220350304140922,-0.19208569096542893,0.14808393551288823
2025-08-08,1.5824438741626623,2.8579605465877713,1.0048118035183748,-1.0214116207681239,-1.4712222268732986,4.235791290787305,3.3271748867309774,-0.483453424494118,0.8449694408947884,0.603052010910804,8.45824806299278,0.23534329530511452,1.9912499979781881,1.3098886782290053,-0.31976302030505055,0.12494928231510105
2025-08-11,0.6268258835291596,1.4821990907697646,-1.0322052192498725,-1.0397675934204729,-0.5048703060270188,-0.8337431911761617,-0.8719166084388016,-1.103149210176526,1.872207628418008,-0.8085220583975705,7.855738134808165,0.2081194422830631,-0.6228996829184587,-0.09305926958512512,-0.23299101407298295,-0.33239669315516807
2025-08-12,2.675398642881217,2.509965931141315,1.1910760478396438,0.5344254550989987,0.7812435567603915,1.0872426196794072,2.5867646840683176,2.099390744931098,-1.8086627825999828,0.9296620189745003,-1.8736567241047386,0.33941354430860327,1.1624656771530284,2.7094224549736046,0.8872969616818448,2.1865650934053904
2025-08-13,1.003342883300563,-0.5528311004683021,-0.30073817294923316,0.6222489529578915,-0.08481277495262285,1.6024457949132653,0.6224946656064582,1.3874364694673602,2.1403848600254034,0.7884446340856333,3.119921780760182,2.2550591781239158,1.896384242865836,-0.8604749935137779,0.869956102980054,1.7977392701683526
2025-08-14,0.8136214575537648,0.09530800647425212,0.12108813463044107,-0.6684344887452971,0.14438564544575927,-0.23571835446725142,-0.40357264307645896,-1.8220375280091392,-3.1620353761838307,-3.8846781977836002,-1.1264787403482746,0.8613319226471517,-0.28354931769590364,1.077735786240419,-0.3815320888562579,-0.7611762478367035
2025-08-15,-3.8505251724574188,-1.9701165717881646,0.1922979289319631,1.778045853612318,1.0055298294530801,-0.5112168105708581,-0.5448145052396436,0.25916933303477885,1.4132038374333222,17.27754504800844,-0.03839109995623646,1.3249665675295546,1.4968873343091427,-1.966051953325427,0.020436540329147324,-0.4192206711233937
2025-08-18,0.1489845498168596,2.2069922472415535,-0.44835608081578,0.5785765473174942,-0.056502320367322056,-0.3022532209291606,-0.02471630469432773,0.23636385166607932,0.7440558457665022,6.842923886718127,1.7121065221431309,-0.25250370383089193,-1.0542198539293746,0.6970670096407661,0.10394516015986399,0.3774763046498375
2025-08-19,-1.464849140510015,-0.7543097569130778,-2.5660525954898574,-1.4577997673174303,-1.9189618499808159,-0.1429256279357305,-0.5434988225814378,-1.282672314627733,0.3405421568786131,0.017244912214836594,-2.6990658352982644,0.5977013737936465,0.6035942186200693,-0.3336786741911091,-0.6253637953544257,-0.11544949110329217
2025-08-20,-1.6555551809444993,-1.319331761796801,-0.7585443490959337,-0.16854725783422472,-0.862123425474206,-1.9734624185850147,-2.968947839241775,-0.9577942650512705,-1.352924609298049,-0.8927385127448673,-2.2741992120234533,0.3485251424344323,1.063659175805487,0.24252688014400947,0.9421868319907301,-0.43579180992880384
2025-08-21,-0.5765109684327074,-1.6353631874518217,-0.3255669353374418,-0.4569898011112535,-0.20564859796218915,-0.4911252928377019,-0.1938235853221837,0.35768933898477906,3.3379958249001156,-5.141743988550157,1.5279920421334636,0.7144292732123655,-0.06495349234482584,-0.4301337490548174,0.014277803860467397,-1.114734336988532
2025-08-22,2.1021685153853906,2.5693903778096474,1.9077318395786003,1.2716639817671942,1.9458207393906868,1.2716733406805902,2.66351157804691,3.3608483534122735,5.457115986395382,9.802098649240149,2.7577060946777032,0.3296213014768919,-0.5934015493809719,2.4606198850073424,0.4842286356048109,2.3868616534603704
2025-08-25,-0.2719065719887892,1.6203744415303145,-0.021051203137021992,-0.45029150982063465,-0.2088741530800875,-0.2634317288807808,-0.3328920510060618,0.17044783849194944,-0.41695584351774667,-1.7241568362303341,0.2711898921115341,-1.8468835509792243,-1.782027895089422,0.046978723413446666,-0.3853909563026514,-0.9843485599572821
2025-08-26,1.2026264160288036,0.48111709563469773,0.16203403500836266,-1.1345571421163492,0.08872459059836357,0.946469850209164,-0.28353653923262795,-0.6959385552869124,3.642376974581248,0.03671072608316672,-0.902760838058625,0.7986418535944803,0.6779395259300269,1.315978289767581,1.8270606008619825,1.435570865229474
2025-08-27,0.5235845809932449,1.1625584230874637,0.04987965628270308,1.743966561314562,1.5513598442948728,0.5145899965004919,0.6791944804494632,-1.3113338099794514,-3.720637887596595,-1.529109310061247,5.162031591913696,0.03039221548171526,-0.23385547040222887,0.6017227327291641,0.04507876741941974,-1.2374353484651435
2025-08-28,1.2231548072809684,2.7936873365194645,0.8587888353483246,4.733491182739496,5.5821526807962,0.8980857430412437,2.2139520385357234,-0.26190522822643114,0.6303896213221823,1.7930374500935486,-2.916047425727725,-0.9330999852128596,-1.0445958312240733,0.06825892970406144,0.23388080773891762,0.2754506796291689
2025-08-29,-4.289183872565589,-2.4706520845829583,-0.8991723147114129,-1.200700549139557,-0.8558499113656982,-0.18060207961334562,-2.795896385756894,2.4398886473181847,-2.338884860339574,-0.33468436564126347,-0.18607922778769992,0.7736256261417015,0.14013946116899545,0.06670189364255341,-0.3540255696557426,-0.8733007247752389
2025-09-02,-0.9379767831808096,1.1202400346369028,-0.8798934882661194,-1.3136331689844478,-1.0154429436210368,-1.0424709383172748,-0.20504827975967124,0.4620167924189045,-0.56846028628475,-2.1572894179536752,-5.4968426014495195,0.7623014972149345,1.43394177051821,-1.0947738306219224,0.20623305714946305,-1.260705155552544
2025-09-03,-0.43691352917553106,2.8697750018225943,1.3809109668664061,0.08666443031435007,1.3035714289446854,3.8089871578786294,1.8364828186431408,0.12737924606427864,-1.1978778594794013,2.9919547373839226,0.6924884538830445,-0.29908224029177216,-0.5857044889517393,-0.42124706925928956,-0.9400849405166278,-2.8515481142075414
2025-09-04,2.1286550241370183,4.770708486353496,0.5214718285387855,-1.873419861392626,0.8706204985368338,0.5493288226302795,1.1508760041420467,0.4935007436111195,-2.174696736075184,0.308882792977172,0.1396370902839228,-0.20243628399554958,-0.40346819961388114,1.772967931268008,0.21280739974523621,1.984304854812391
2025-09-05,1.3287681718830169,3.2497696266308167,-0.5974490019376937,1.5525786127126222,0.1930468627223192,-0.037531045761318715,-0.012612608642178133,1.1247366264876169,2.8198786452966083,5.4007180718213865,3.239322422326185,0.10500742327244628,0.9378479110666627,-2.1809275052461414,0.12554675488746891,1.050332378044988
2025-09-08,1.0716871459679713,0.666869821626063,0.7350338917303174,1.6126303462086284,0.7764164932638296,-0.7551402650500583,-0.7290159350281286,1.9958965505853077,0.9105160280956722,-3.209307435883213,-0.132236835153704,-0.474796610410988,-0.5673457679581673,0.01829707706779038,-0.47957753312649176,1.0588635347154374
2025-09-09,0.7102258374903492,1.8190349568384685,1.5160178873119203,-0.17991223372366508,0.6636306323794572,-1.4839412310012845,-1.3101353105652858,1.4447403286369822,1.555427216427683,-4.435754597430863,-10.152432254254478,0.604293980370361,0.2757813522568209,1.9839947871603592,-0.9725849249766606,-0.5112164512514672
2025-09-10,2.471894136484594,1.594735382761144,-0.3043529444587824,5.087070176023326,-0.1945141376240822,-3.225948363240483,-0.6485989334940231,-1.811646711542305,-2.140704604934466,-0.7013036463501349,0.9679438014236985,-0.16143198867034636,-0.7554747580743881,0.11633417477141528,0.947405350843824,-2.3969389784498194
2025-09-11,1.7186852741264722,3.5640662446383273,0.04836098187333152,-0.5762633984574254,0.12583599740004336,1.4286344459361722,0.6873821056903595,2.7795123112715903,3.162689202264087,-0.1579124314021907,2.087766044040351,1.525991925632649,2.528777494250982,1.5513658628873062,0.48876694589585323,2.294902324032211
2025-09-12,0.6212530932157445,1.859003471356587,0.7191784004319824,-1.2643706695450987,-0.3625523368171524,1.7562991653877313,0.062498748758673305,-0.901952194513318,0.8298146212519786,-0.3530620231999376,0.1432382139373245,-1.7944921289240467,-1.9765401773064561,0.07951941439377608,-1.0222686807097503,-1.476958287254343
2025-09-15,1.2088294365460528,4.3021843772558315,1.1338233598646068,1.3031994791100547,2.2429730519520774,1.1235905200573493,0.5815287449664567,1.5821990879939563,3.4968464513128255,2.894541925456479,5.116816377257649,-0.3516102557692728,-0.18837760198692433,0.36353622057202495,0.3897007879328429,-1.5256875481369225
2025-09-16,0.6195452070044849,0.45130946447310044,-0.27088142873672927,-0.9032984283708966,-1.5253085289185742,0.6125886829152938,0.3994961143374313,1.5727866004597901,2.668853001555515,2.193818851176252,0.14534061849533209,0.13842406681661332,-0.35235887327961013,0.1806218935906756,0.1363760991708185,-0.5445162435041451
2025-09-17,-0.04816585899254271,-0.09754672763658083,-0.6122744453574381,0.9034039077079928,-0.601750266458867,0.3527257682534257,1.028468733832762,1.574468764380581,1.9717713351092219,0.7389759143413249,-0.8254820412308794,0.3672755132351213,0.6855435226181839,1.169414209208548,-0.2682597419402355,0.25394629077328257
2025-09-18,5.302242013609968,3.7569781945572926,1.5130144362224485,0.34559046573302,1.392054636091169,-0.4644576907642972,0.7040581587935709,-0.10664008908670475,-0.37006317434422814,0.7436485772497919,0.2150037857988618,-0.18469060894553505,0.6266686889613626,1.0081661070812231,-0.05710881866568318,0.8159664361686247
2025-09-19,-0.7342516967961032,-0.040371768580701094,1.0367462441876298,1.9721136529794459,1.5736809160945375,3.2032913063739787,0.9304393556935205,-0.46454355346451814,0.6009161440711971,1.2905073791119688,0.9680582289090189,-0.3075792087397537,0.16455097695830423,0.4879435156407741,-0.07861300538831273,0.22540455601698373
2025-09-22,1.7830093390029647,3.414469304850172,-0.21773735508003242,0.7330734606472306,-0.5134088363298317,4.3095700465100695,2.5022963545504298,-0.4630726191278246,0.908352352092919,5.899796054937312,-1.0990228073301467,-0.3475427357898649,-0.37219326731025015,0.01956713927203868,0.15655559383003892,0.3107971717249747
2025-09-23,-0.0329370438808152,-0.4524829774101254,-1.2507041047692464,-2.133422080660959,-1.842437209306611,-0.644325892472386,-0.22794360237653835,-2.255753489428367,-0.5117424148239531,-5.695013387200385,-0.24257592570630093,-0.002468004543467369,-0.9067825734476708,-0.3268984645260442,0.8672282428368305,-0.020844030958167004
2025-09-24,1.0066877403753396,-1.7580557403538328,-0.4368516847375587,-0.526393293676436,-0.964894118365236,-0.833236483994404,-2.039446266455247,2.972342866556892,2.282794205789455,1.2838449033404364,1.4895678065878548,-0.6666444253004647,-0.7354857422632978,-0.6248083911026048,0.31724261481151705,-0.45635000499957834
2025-09-25,0.6015875763938383,-2.3332384781312427,-0.7836073264913456,-1.65654458386937,-0.44791565658833354,1.8072960876120314,-0.4705998865029278,-0.8171550553511908,1.0967645314323982,1.4701989623437273,2.838201092687298,-1.6792907587362516,-1.8034046496858047,0.2591869002239644,-0.29935994257866083,-1.0187362438534298
2025-09-26,0.5178903497090148,-0.36387543703689423,0.24033829302059376,0.7033229765474509,0.48909159362466426,-0.5489082840644866,-0.4076867581766101,-1.2391933946624212,-0.3149546980964442,1.4153653374797404,1.6799704355743295,1.167383834871738,1.0881334910040108,0.9206704214264905,1.868987354739278,0.8643813876456852
2025-09-29,0.20040426743620943,6.262623989273464,0.5872616587880789,0.2631858611169065,0.3996710558095451,-0.40319598450592187,0.8906875864066947,3.160308518989181,1.1374285619632347,-0.854884627625871,-0.7376055136242454,0.49380669409864186,0.7172045855350051,-0.037820205674210516,-0.0643091351974645,-0.07710863430218096
2025-09-30,0.895116762799033,2.7584259107307663,-0.11931773910520217,-1.1833736632069398,-0.5201524089565979,0.07861004710238984,2.406849004687772,-0.557259463185138,0.39834787252148174,-1.9537752715010792,-4.718025038445267,4.444092653859325,0.40687809713717105,-1.0443341174790466,1.6788150826342885,1.6374733922400297
2025-10-01,3.628117154155113,8.812233145337368,0.061510532627227575,0.22562203900934516,0.9861659816302115,0.3220330351537015,1.318368283309342,1.6967797464138012,1.1968357063569968,4.257990566195502,2.7070921621718647,5.568194750069818,5.1829224922210715,-2.1779352346537384,-0.22500907723478125,-1.0574756964285725
2025-10-02,2.11876112419656,0.1912789733289899,0.7270320881183243,1.1409019358980161,1.630770662063383,0.6576638338942287,-0.5698669475828496,1.1304308364496807,-1.4008872134579926,1.9686619913654446,3.1342147652032137,-1.4437108165523886,0.18529465520489508,-0.8075001012967874,0.157561172247902,0.47712603890922023
2025-10-03,-0.9177495439434213,0.5190079859668351,-1.5607045220421445,-0.5580770033416801,-1.381880056555782,0.34612513299712155,-1.18284098839988,0.43276347717533736,-1.208633921095907,-2.0230673196842157,-1.343927776331677,0.7031779638683991,0.7432287351413458,0.6210998109922894,0.3959792696407294,1.1559564237769937
2025-10-06,3.4251323600381576,-2.2886013645063152,1.4955926690861716,1.753672155736833,2.009053235416154,-0.5154611713502621,0.979594285033288,0.7575711698564747,0.4472739897193286,0.9532476759705283,2.2289581995461605,-0.9636323950234006,-1.328292354260141,0.1839501122981413,1.432500409229469,-0.4127915375239821
2025-10-07,-1.7646760340813805,-4.789547795830948,-0.5645386382822287,-1.7484030174994167,-1.4321536175664296,-0.08180341665524615,1.0661634153789772,-1.6356632742807478,-3.003462314582622,-1.5470034605784222,-0.5601420834356552,-0.2736717010877669,0.7109800824989154,-0.254500346711799,0.04599386536156658,-1.59686943308181
2025-10-08,3.2900225193010186,2.197343514438114,0.7387362967695361,1.6339377798239128,1.8024741366087718,0.616028826380699,3.8260288887546365,1.0207390309078512,1.822371441192951,0.21661129495661458,1.9658635069855879,-0.651226000431776,-0.10811735301389902,-1.3221678729556618,1.0486693972214645,1.3758079339825535
2025-10-09,-0.4477521394278572,-1.514859715450408,0.9257201171263592,0.8073227689953334,0.0009183329846340627,-1.557785637436715,-2.3315386778910057,-1.8596486639181564,-3.1913483491788295,4.042133847958978,1.1411541543872916,0.25128038250183393,-0.46504103889221327,0.04628194987254641,-2.1330217883585796,-1.2458486569073723
2025-10-10,-5.893860663914063,-4.1521036067818615,-3.552017000826608,-2.41122942073464,-3.170779454761805,-3.4522058162621327,-4.055711570732449,-6.5679169246873474,-5.380927213447705,-6.725597501602568,-6.274750601115725,-1.3310220934563428,-1.2155886667466476,-2.144886583454519,-1.9981873465560838,-2.9165957209227877
2025-10-13,4.537971122870128,3.8414135164085135,1.9635602169038258,2.541123115309611,2.3424817979758794,0.9744341420789837,3.299652593088775,3.0797056607468014,3.539130189196231,4.577667133358048,6.769694238047519,-0.5295514984940944,-0.1892636631634681,1.9405761597900817,0.49517086716132086,1.5311154338659594
2025-10-14,-1.8115043587500934,-3.790897144106209,-1.2575160678460429,-1.9293283302448982,-1.217725178374356,0.04441586446859436,0.4590610176422298,-1.3049286460719987,-1.2296544792979518,1.2651533667020458,1.4359938693905727,-0.468913477303462,1.0019080064352837,1.9213983358989026,0.33246623807121845,0.7847596006176794
2025-10-15,3.7075417070465164,4.244146824130479,0.2306828364249336,-0.3802816613643549,0.3602965246213863,0.6336529564029414,1.3975869447622635,1.0728512130374135,0.6796037963094989,5.571906640609359,2.431196771901789,-0.050109557871865405,-0.09748074802247375,1.4773654254957336,-1.338044937952012,1.0850087185687918
2025-10-16,0.4313566750730414,4.3661998290073525,0.39864458261313906,0.8355293749699161,-0.755310617792937,-0.7580006053321764,-2.4137751834753605,-0.4322684359254958,-2.0368852353520706,-2.2722935294291506,-3.0733980253565885,-0.24533010248025863,-0.589298081521139,-2.70256908138361,-0.851659500288131,-0.6916109499617185
2025-10-17,-0.26179499138352824,-0.04347365126661599,0.1052193247092635,-0.8676392052473983,0.015156033187833096,1.9559441912186948,0.4813999294875286,0.6351516814575575,-0.5373331287045535,-3.998079454003925,-2.193105068634149,0.4147149168381566,1.8620107449603964,0.07116566433978289,0.17505025244681116,1.2724265857655737
2025-10-20,1.5146483152501555,-2.1371688026790605,1.6959816308917186,1.1693942060240843,1.4026850625236875,3.943876231500254,1.2845417328227748,2.8694111437321324,1.5774063614092393,3.6711777530507,2.4168719230289515,0.7590184426072399,0.9246803343641142,2.0708394555605913,1.7652168757283349,2.120795504827777
2025-10-21,-0.7349345632991255,-0.7287014467533437,0.46352569303689567,1.7517219094120868,0.21663609195522904,0.20210237725979407,1.1416036695100458,-1.2027626133955271,-1.1849215187286968,-1.4026076472200804,-4.533020914021485,0.3223626338708818,0.3885401586661197,-1.1665834114780171,1.0462314257704697,0.6598450939791056
2025-10-22,-2.0942461690648884,-0.81296969465157,-1.0205086226436582,-1.1452040368310843,-0.8420048101212396,-1.6440156296572916,-0.9837107825926136,-0.8670516149503271,-1.6917479899382526,-2.7649514777822404,-0.038316567653223776,0.019710435205505528,-0.36544216167494037,-1.3471815823945477,0.17326896741036268,6.401716951155884
2025-10-23,2.641337624658373,4.597393471600508,0.7634258762242551,1.1951190878247013,1.9464360543446666,0.4372103072468825,1.2609234653756445,2.576495962708001,1.3188956152072124,0.6664965790749794,5.848643537968123,-0.22107823527909667,-0.49605904676806034,0.6728475778400433,0.8136372099905209,3.281682397871122
2025-10-24,2.499441705038725,4.10384168409923,1.3939659002210043,0.4154177347226932,1.394830898542656,1.2481878875396424,1.165567799183805,1.4234260009702826,-0.9502330805146064,4.310587889655326,5.409040044797697,0.011355086805842074,-0.04951736629704051,2.48942280834481,0.6701652025394544,-0.5296181392722921
2025-10-27,3.5335448235569067,-1.087469628114605,1.9356943664533077,1.1895772730766512,2.5569190109158635,2.279111912415832,1.818959141454816,2.209937904880497,2.071697942084189,0.6680832848571072,-5.760056884349679,-0.04987524966822051,0.14998552916925645,1.1603929756336573,0.1299510957917338,1.1419707508565247
2025-10-28,0.6230002032622038,-1.2457948440440014,1.019126718167318,0.23648036231910993,0.44589329152595836,0.07068314349076843,0.7554923894780963,0.5743880392328138,0.5928208297818908,-2.805684590714538,0.6283089928062591,-1.0425454841954727,1.930266668895,0.13008131671496503,-0.5118608722356832,-0.46928093437072493
2025-10-29,2.0435839890803043,11.47184677754182,1.3990219542998854,-1.849173801597857,1.104476932287246,0.26023003490212027,-0.6114052364440995,0.3737844822047376,-0.059023862013374284,-4.3337456296865255,2.1001441231999096,-0.6533980483291161,-0.3802892151987769,-0.9827915656884167,-1.6725712967842288,0.13717035265408684
2025-10-30,-1.7446011527539464,-0.8102764004708293,-2.435373679529551,-0.6768719160744654,-1.0454097302945375,0.6303226049785504,-0.5462451669384675,-2.7967351482739984,-2.9597458847117175,-3.622872588422674,2.3902709237728748,2.203615018688798,0.405438612362754,0.8294080759399215,-1.1128020694325236,-1.0422430331175403
2025-10-31,0.3413269227428006,1.3316324785562255,1.3659092322028015,0.3686272396805135,4.635293528168513,-0.37950967413132863,0.2743885668856971,1.1778220514929247,2.832264762550759,5.884421500864862,0.961560318035537,-0.04209904275797779,1.4933772596035988,0.6764783703306598,0.48549449595963523,0.7710643561121722
2025-11-03,0.6834155492067006,4.620991995077306,1.2835558870632258,-0.36836423496882653,0.7053867231137655,-0.48822131615030573,-1.3487432742114283,0.18798461152103707,-0.8976636002384463,-3.467596817062954,-1.273568469613695,-0.7325463272103335,-0.40513685128624966,0.1004949754865847,-0.42388423751932747,0.41077577438791146
2025-11-04,-4.002875687304357,-5.503699779740548,-2.9580557712193953,-2.4413944410796753,-2.9796314060074947,0.36796245826942187,-2.336647198723585,-2.8710473480017207,-3.7889565990842216,-2.64459542585955,-6.747485259338193,0.43250698352037914,-0.7430208886893741,-0.0357830692975436,-0.7646798213238704,-1.1384928296709618
2025-11-05,3.879409809669977,8.091637605253762,-0.16546397851178968,-0.3836225489425101,-0.14566432409578,0.03703577594871277,0.4311723059163275,0.8918034198877667,5.318248648164648,13.382015729661683,3.6002287777836317,0.9791631935313904,2.3361002278950154,-0.09954104764234639,-0.977761011525271,1.2850039004804192
2025-11-06,-2.4125673326860824,1.1715658388669725,-3.3090862977010436,-2.454548444576554,-1.1718321004072974,-0.13697259247742455,-1.3401754404557413,-1.0746519097918703,1.2890734785052131,-2.7979233389491323,-1.767444615228797,0.9652544929413476,0.3455020897510064,-0.08151409403559295,-0.26633614849463916,1.294958718828243
2025-11-07,-0.9456014030419769,-0.08240797849914383,0.11618222460597309,-0.3545708375688868,0.15691647004577813,-0.4818903572332056,-0.5746596769676667,-0.745890168360257,-3.105278848315246,-4.468628255834325,6.009851489618323,-0.13347613976315195,-0.6000340560423179,0.07839761237063092,-0.19175883076612,1.2482919374694035
2025-11-10,3.1712663501383083,6.204920443668997,3.5010364383025356,1.0852329107275405,2.5975203418270842,0.45486792422775313,-2.0152385752660575,1.228499388834443,4.289488023577709,7.777489364459195,6.415939508541479,1.159261232423453,0.6845204754887657,0.6823584386271886,-0.03548117709272436,3.8226659209891323
2025-11-11,-2.574377960339115,-3.092636873623171,-0.3836779458085534,0.24063276012654308,-0.01343239203331903,2.1601185771556786,-0.93614464718312,-0.5700840696194032,2.5396446426596664,-0.7682926074284446,-0.028666663914900248,3.4378452675903373,3.068747720517102,0.20441906220555195,0.5834035914726732,-0.24235807940200527
2025-11-12,1.6384879045063407,-0.785477063700272,-1.2209814929245049,-0.2939198124931393,-1.5077845526640865,-0.6466843884820661,0.8998650325667268,-1.43243604408684,-2.44482930596955,-1.4036743189584588,4.153890617293598,1.5863116274266655,0.6936707291654365,1.6249769463058605,-0.5992062332888226,0.33818498364661664
2025-11-13,-3.5194888340160526,-5.313999098227422,-2.760927098359354,-2.5705450669946743,-3.449208508136099,-0.19014480979659965,-1.9712679930697625,-2.183301259765007,-4.776310610817543,-6.801273224648366,2.3145465587926184,0.15529197585560928,1.0821180242110318,-2.727880870946973,-0.8949176300135587,-2.4881042321782063
2025-11-14,-0.08134425081812835,0.979737844276185,0.5011135604339269,0.7531362515401856,-0.39214191989189295,-0.19784155368063328,-0.7112211306307606,-2.4753345662120907,-3.482489967819832,-0.9970901902791846,1.5175510114164736,-1.0252748045645521,0.4358499564049323,-0.8308243624853052,0.6252079836179902,-1.751772872791485
2025-11-17,-1.548554546356066,0.7259377491930619,-0.7992292640163007,-1.6302352574237604,-0.7596939942447611,-1.8171183658773127,-5.672451641926102,-0.6181739563028453,-4.318650245157714,-2.384029377902411,5.621314153394707,0.42962577971231336,-0.027628462008035815,-1.8352085564350085,-0.0198855992888336,-1.0066001801829816
2025-11-18,-2.643950674445568,-4.77979556365253,-2.0992699395373515,-0.9230933605534268,-1.907722196516044,-0.007473646268785217,-0.17854293142700595,-2.084254959883387,-0.3728176837794417,1.192154007297136,1.508694048783621,1.1376682315681803,1.8017824839951224,0.14929066314723682,-0.0597280662809907,-0.547065713695899
2025-11-19,2.1419815934454776,0.5589775968205424,-0.03193356431092008,-0.7031522365403683,0.18872320921010655,0.4187836924032684,-1.1119610067837387,0.047559640708423334,-3.076374330232477,-1.9886782776112637,4.881507856597778,-0.604499276268731,-1.347391947418639,1.0333679180366007,-0.6842691619314123,2.517997597403099
2025-11-20,-5.579126602958406,-8.9945060908967,-2.220108754992475,-2.7206489804457745,-2.1960512640595082,-0.8601420835542606,-0.6318821514144831,-2.600356855229784,-3.6838699398809243,-3.0948092513140484,-5.728333436145522,-0.5826739947656978,0.24136288807936612,-1.8863686897611263,-0.9984452144974878,-1.6063429050241773
2025-11-21,0.8380645906242655,0.32879597683174905,0.5617312537209683,-0.8599429227594158,-0.6238255807060277,1.9680714495305063,4.097170808290033,1.16488408629847,2.0065285897669223,2.385102378803783,-0.6378543500609624,1.865638155201406,2.06464596515326,0.5955320804428554,-0.5291899747712159,2.209468506253487
2025-11-24,5.1779493918221435,7.70368097159686,2.730203178759557,0.5081023196100912,3.345864000873866,1.6317445772254802,2.4097489945023773,2.6769305421705614,3.053321497024534,1.0781982241582582,-1.2672987542767689,0.9767468429301264,-0.21742570870628475,1.1467814724664116,-0.24047158014465442,1.3562256467394396
2025-11-25,0.08539019701344515,2.198268124540803,1.2660703054431088,1.1811334725521354,1.7801954231572914,0.3805406428931457,-0.2958039461706326,0.24695066469278437,1.1069797381940878,2.083028892895361,6.841689175523824,2.5958835222977297,2.23818509692705,1.2419161623149133,0.618563779102026,1.815315936168127
2025-11-26,2.64798179703706,2.672859932712638,0.03605299047186396,-0.12944443651794293,-0.08665977682838832,0.20940411225383038,1.546821147626287,0.7890765913120279,0.8755956917033273,2.3575255434182707,1.807870838746195,-0.41097917605271705,0.3025348772703462,1.2129235859690946,0.5477778452865034,-0.057055736177963334
2025-11-28,2.055456569653878,2.621581266205227,0.9004917101813456,0.6644271873112598,1.1713234579076381,0.4683906927485104,0.7902698111158069,0.5554847400580343,1.7820466564048953,3.063964911354611,2.0995335148126237,-0.4497808812474376,-0.2398221583222715,1.131016716776747,0.8589078312678256,0.17201020890220686
2025-12-01,-0.06558494468619899,-0.1900426329076388,-0.20855035739809624,0.2938815214290069,-0.7282489586224727,1.5241168753721723,0.15212463209525925,0.1790537222361376,-2.73253049164639,-5.662534756355175,-0.9416824110365818,-1.37734139393534,-2.3153431888348046,-1.0685641499528842,-3.125300445186568,-1.2779235136243516
2025-12-02,1.8597011066948599,-1.256658241300183,0.8198400075844381,0.8121806068318804,1.2598489124166923,1.0914857899228636,2.376591806067485,0.890193300936879,-1.2226924997537802,-0.3167049274446221,0.27009962971326074,-0.7589791933274618,0.39254872808691443,0.43565486326776703,2.5013153662467547,0.18983524873399382
2025-12-03,1.2921305167900665,-2.6827927596768553,0.07314182578988605,1.135544927297133,0.2838600698917171,-0.712816145749029,-0.7534249986705821,-0.5541181523528161,-0.22307601259107793,-1.6446381041369835,-1.6613827935228087,1.647614466481458,1.5467215941823076,2.524743020263074,0.2753832799193745,1.3472995217247319
2025-12-04,-1.274985132301546,1.0145862835180226,1.2665574316560329,-0.43410706959168266,-2.5780931862238554,-1.214141039436356,1.8718369598754798,-0.22554834720353467,2.984963081740325,2.2457493227391434,-4.800390324493242,-0.4659777357234403,-0.8224765077549367,0.7034135162901478,0.5453747114088081,0.34480925833560994
2025-12-05,1.1735724507626375,4.839484761449826,1.5056352715916337,1.9881092576306048,-0.45993639788684426,-0.684009028940924,-0.23431930408272703,0.2414538487744533,-0.21798714392005455,-2.512914321434703,3.0252655379190974,-0.22070527776687499,-1.111979010858395,0.4762780997714344,-0.25349453713752634,0.6395341993390868
2025-12-08,0.40927587493221784,2.3301834181744363,-0.23126749707341107,-0.18222045724433644,-0.17744070017750913,-0.319242461710445,-0.8271339962667749,-0.572171394196499,-0.9280023597990462,1.2773692816008126,0.13350167927366208,-0.9055510629646472,-1.6353914677857495,0.33469931169578304,1.1560645595939367,-0.99035466559107
2025-12-09,0.2549126541376312,0.3975393588311227,0.10104381428485924,0.28668692499576415,0.403430625110488,-0.2555046727945598,-0.19289361650288347,-0.2254860554953142,-1.4237194608502997,-0.394943883338969,2.856615957172892,-1.3609744549817744,-1.80266409513681,-1.004245634215113,-0.6687960174151852,-0.9727787074691074
2025-12-10,1.9179947778342499,5.823411553109584,0.40263863777766995,-0.6784453333444519,-0.1209264275830213,0.577244442526248,0.9180854831690066,1.3942845790681369,0.4398675907345458,3.5552501183227223,2.3585828094551897,1.5118411430834626,1.9441057710071608,1.8378644316776782,0.8529008101528657,1.0026877076214025
2025-12-11,-1.3030439879997724,1.2940056174077341,-0.5859841134176115,-0.8199490830491262,-0.5606873141152047,-0.2690293433115887,-0.27972606189970256,-1.4285676150222515,-1.6324973923180996,2.074883464783839,1.3466170433631963,0.7021951938339098,0.4912786637785671,1.672494550255923,0.9306761866369051,-0.42618796276899795
2025-12-12,-5.0826457040550626,-6.3557978000465996,-1.504450144833734,-0.8785237748659599,-1.5245172654445738,0.08991835452922814,-2.9220596909449337,-0.6482057753382886,1.6620893700194095,-5.2670412566754194,0.08445649284635204,1.0181766328411335,-0.12146789977772743,-0.17454959078612609,0.8450751731788619,-1.4130583089744186
2025-12-15,-0.25807852978280926,-1.5547181550417937,-0.6442604441618196,-3.4319922707552912,-1.3572663140438612,-1.4984955605960026,-0.7004196960469463,-2.249018870280244,-1.281843430040186,-2.169157038274908,-0.8490713056492627,2.182319973721466,1.161371552203887,0.40889107508151223,1.0707697005727024,1.15017199510839
2025-12-16,-0.43008531468299527,0.08942789539454488,0.669935621712273,1.016784247779895,0.5394958656087434,0.18240853187405648,1.3511047616754368,0.056828871214422705,-0.2920693903250837,1.7436511580807612,-1.0505500536266033,-1.6966872614486297,-0.7608568559034712,-1.124391947917416,-0.8589535684458038,-0.512408230863759
2025-12-17,-3.8281022828483726,-3.803100884193448,-1.8760724422623778,-0.6727119139096921,-1.7782354762166985,-1.0086993049891024,-2.333654794242964,-1.4942982885197598,-3.020971552855365,-1.759967299659873,2.7521362501435664,-0.4424317214904716,0.31247632720342366,-0.16702474992143834,-0.658688660454354,-1.2330549492356069
2025-12-18,3.2534991769412303,6.881058737061707,2.1467321816740492,0.5408122189153116,1.9282284180015055,0.1287544541755281,-2.584405539233988,1.444807804457433,4.299899310073955,2.9939058258584312,3.4917538781842783,0.1559133772683093,-0.4579371410748201,-0.13496319258592848,0.004939859712143058,0.7186220313682212
2025-12-19,2.954717723785124,3.983352429062729,1.4619954668908832,1.603996717074559,0.7378082587562451,0.5437418615868328,0.8547164664461223,1.4366652755273224,4.4236541120058535,1.3990616752988683,2.7048545441353156,0.8083979616113846,2.1309036236912027,1.727725634072361,1.5842816732592757,1.4840793269385921
2025-12-22,1.011750990545759,-0.9772838295979969,0.7363841985928433,1.3782616143299065,1.2703055581894307,-0.9865941003960987,-0.40774253583167147,0.8887070857729507,0.5660177609347136,6.139346236249366,0.89028933317567,0.9914790111102708,0.6896881121138065,1.5505413558127978,1.9728730773382128,0.9876440863349378
2025-12-23,0.9474535501400971,0.2365260282967722,0.9494768821919733,-0.8774845410321843,0.5480444064413192,0.5129660569795913,0.0916232001240543,0.36402443340176616,-2.3704590724369368,-3.6511052252428846,0.931050669112099,-0.4174926100319609,0.2869899741387205,0.5304751678175323,-0.2682203221926205,-0.1846131152525632
2025-12-24,0.4004953076590068,1.8803456903651778,0.1502406326826189,-0.060065068028841706,-0.17205225311520467,0.5323881205087977,0.7103192979632134,0.16470443142274194,0.2611723519980032,1.916405508301522,0.6239591172992776,0.7814076977181172,0.5258975229513974,1.037569076043794,0.4893207990047266,-0.09417977827692048
2025-12-26,0.1892073904360403,0.2588163471494931,-0.3301368122161102,0.41028353843433063,0.11149980215687139,-0.14974020881820538,0.3173090188143157,0.8999753672113986,1.2344942313340694,0.031294148926125365,1.0268767752955488,0.07670206738693564,-0.1027231253022709,-0.3830856317890663,-0.7552671723464544,0.2543033163289854
2025-12-29,-0.07293579598302347,0.22069984999567582,-0.6503864661280977,-0.2595317930147741,-0.31508385773211023,0.13168100847762432,-1.1747335682877484,-1.1147086140655271,-0.8748661918406896,-1.973245436910262,-2.905633323332607,-0.1745600507142749,-0.4414841395141278,-1.4090592556594883,0.14932434129021788,-0.6225107574997779
2025-12-30,-0.16501644504805735,-1.0131602715609274,-0.11718007255837445,0.01773418469423656,-0.11014704570403211,-0.24840121606569676,0.28680332044730045,-1.044478131077784,-0.1344151551653924,-2.0340015093867123,-1.666574844369606,-0.17925876013159722,-0.8135009729963304,-0.4198291990476566,-0.13542506790934938,-0.5938134512270765
2025-12-31,-1.4202674964862372,-2.098154312568582,-0.7601491851560989,-0.8230923011148971,-0.8493678832099993,-0.44675599849579584,-1.5829754881845053,-0.6755556108143046,-2.898690246901973,-1.4491824149758554,-0.33116012195419375,-0.43446767308350326,-0.2721371109380444,-0.6221996984070599,-0.6873938149191083,-1.1329747016713132
2026-01-02,4.721871642730573,7.961163150535559,-1.9178965865954452,-2.630578765128912,-1.0348511354075953,-0.31265196488491354,0.1648279231808473,1.4017605767025443,0.7981253178178603,6.168781966437087,1.5561007178724329,0.6028478203940701,0.10315824966245168,2.125583385124288,2.897277981954738,0.831606943639368
2026-01-05,1.624484641371966,-0.048137965122511485,1.2775303803287588,0.42290821582531096,1.5369981585396597,-1.3837127282653072,-2.142951262420323,2.455899927404954,0.4491029737802687,-1.548103478488089,1.0582529335293134,-1.483595457306186,-1.8082508522605754,2.630863205438758,2.3073962403579884,1.1667886259381532
2026-01-06,2.3100392533873504,13.597204960761006,1.3625407236511653,1.8465344849867098,1.7167386422713868,-1.8334297070330852,0.12143113117341435,0.8194957806584702,-1.5324173135231416,-0.15965497286955233,7.242227365662213,1.5047300779296944,3.2418906233503635,0.27160817836752393,1.053039512897247,3.4029074245482183
2026-01-07,-0.6761808346875176,-5.575027732702121,0.7489103936844241,0.5641609682306,1.1437295768090583,-0.7737455757884204,-2.8913209688132153,-1.361454954986765,-0.6742417869451124,-4.108131655749209,1.4636524149465813,2.1807946586351137,3.252112874038122,-1.9405877715216515,-3.540619933367912,-0.5351701871030623
2026-01-08,-2.2870932085266804,-5.837119941632436,-0.769591956949145,-1.9775228103285727,-2.009921278080957,-0.4955164959399183,-0.12687040600896093,2.1735486827274735,0.6017124224742617,2.2079934581787835,-1.7012643727857046,-1.0150949065043213,-2.239229111220255,0.38478625899268426,1.7716648230531937,-1.3007857512797094
2026-01-09,3.8083496211258896,6.401348701657153,0.3950057412044302,-0.27206951357989045,-0.5373786612325215,0.127388264893602,0.7634740416200344,-1.1385646793902793,-0.9575167986362986,0.9662304875999392,1.170736297857311,-0.699316368349856,-0.35667482932620453,0.12754269751529934,2.8037167683462805,0.9500925145160433
2026-01-12,0.10967604428602788,3.9330481093869127,-0.08365617097279802,0.2843460905721129,0.5426992225523586,0.33928553779511983,-0.3785960942386109,2.946901964115815,2.5256535188213785,3.9044656445128805,4.7504726174907645,0.33862102219198537,-0.8565772871908027,-1.0998857219374703,2.062176642767919,-0.7120935126755379
2026-01-13,0.7933792045503918,-0.768893853519074,-1.4630408775121448,-3.845625934322133,-1.0789905032249414,0.3073920434077726,-0.27904021592085604,-1.9211774548411942,-2.282194707283989,-1.0474425687613338,4.299849450073657,0.13108225092549794,-1.4967363047472724,-1.846037214455729,0.6845611462405965,-0.6221465039475571
2026-01-14,-0.9549491772237539,-0.9602662836984965,-1.389306367188183,-2.202041894391419,-1.3204314892436873,-0.4175431483854575,-0.899586227152005,-2.1599378940346092,-2.874299761596701,-0.466072307795809,1.5477515649029772,1.4441454180577538,-0.6927772703763901,-2.657446690075356,1.8801239542617367,-1.3007085656799866
2026-01-15,1.97659878991534,2.286964704025333,-0.16151926639048947,-1.1599065688829087,-0.4692577374176987,-0.6731805114335909,-0.20875562080289548,-0.04241597649855322,-0.9371701254025329,-0.6654250292071839,-3.2256547543794536,-0.855348380801041,-1.2720652816335365,1.8918876056635228,0.8957327125108883,-0.025856496877274537
2026-01-16,1.4123494114786574,3.112879699410405,-0.9238137298547373,-0.9480158525453715,0.30942411129879055,-1.0379120733008063,-0.4917779292867334,-1.3211855394232086,-0.44111051232489557,-0.24879194958572493,-4.3781294904736034,-0.9096330534000442,0.0044644964232820605,0.036410726328726106,0.7472961244521348,-1.2516533597194734
2026-01-20,-1.8063907078441712,0.4019344347060527,-2.6406701351615984,-2.588438320550973,-2.5256931899480906,-3.455563680678142,-4.566441788359376,-3.2856253570373206,-3.3763759737654464,-3.51657813571557,4.6030659190617,-0.3152078202093622,0.08201624476829927,-2.615648686741301,-1.3977102580299205,-2.0927554058636777
2026-01-21,3.994434501182736,6.895867701887991,0.43202547715416467,-0.5951666344610899,-0.8466413909128591,0.38508186461043703,0.3310615043308984,0.7411626663229542,4.88339393934667,3.4040584962086227,3.2147619784820725,1.3254060635295588,3.723717934648576,0.20993270008331288,1.0762635075145743,1.6618345516227984
2026-01-22,-0.1383718415254087,1.1408206197272304,1.902672042511466,2.2845115322587777,1.5503913546395554,0.2826619116832463,1.7569954972942152,1.799847788286706,1.150725945698668,4.938708810072043,3.534361541835218,0.3049834308702537,1.0874361683810685,1.0477264871655878,0.4983941569862149,0.7996041778630003
2026-01-23,-1.8284172486121175,-0.8131841820637716,1.4303397266966755,0.999506619197669,0.7897509917857604,-0.12482899527435087,-1.2089975937942032,-0.03693328045580868,-1.9876574987886346,0.6572608634785926,1.2641852966478684,-0.39378177911146656,0.33598486281008144,-2.0203253740649574,-0.1520315742936451,-1.052406200677447
2026-01-26,-0.6288454464621017,0.922169370017382,0.4294785235705288,1.482334123531522,2.4343824191256496,2.971299216040002,1.1862854325131418,-0.4557665999253069,-1.6329252968681705,0.5758805252409988,-0.7677660585556134,0.20690008435084173,1.3385815871605988,1.0888150894852622,-1.1300585481000414,0.7662702134696664
2026-01-27,2.900880086563363,4.699583085082493,0.7081168232238985,-1.224492759528256,2.934045810546846,1.119762464490659,-0.14606715051358096,0.6785926782606255,-0.3823189745892777,0.6861956403967168,1.3815840631607568,0.8690913463300642,0.7853521414217823,0.10792857521953136,1.5891716799271904,-0.43376918251169516
2026-01-28,2.2118638089415987,11.983315097554444,-0.6221367374085978,-0.1052973070558368,-1.7461280214940889,-0.7085556394896275,-0.013568096497795779,-0.5395763757310901,0.1080813664463202,3.4089575384737785,-3.0104082201105107,-1.241820834484057,-0.9778368968938068,-0.21096077007465963,-0.5818321249716774,-0.8634180938751235
2026-01-29,0.48550919610794824,0.15925344623573348,-1.2156214132231131,-6.427631803875644,-3.996182732536215,0.7175153331668849,1.1665213225661386,0.282769515768333,0.7311265361083082,-7.073114867463765,-2.1393691953220384,0.38364708810956216,0.03385643164466989,1.7047334689423586,0.06541456188778438,0.03782300331292565
2026-01-30,-4.6099654525842855,-7.8754372389547145,-1.3995673364051195,-1.1258048152011924,-1.370082901135601,0.46461677741320706,-0.8985061968552088,-3.1945288509492964,-1.6895791624765748,-3.8924730473169826,-5.726121441966803,1.1543104685296235,0.2470584763718442,-0.03413530434875023,0.43021046304460686,-0.9232713164828599
