ts_code,name,market,publisher,category,base_date,base_point,list_date
000001.SH,上证指数,SSE,中证指数有限公司,综合指数,19901219,100.0,19910715
000002.SH,A股指数,SSE,中证指数有限公司,规模指数,19901219,100.0,19920221
000003.SH,B股指数,SSE,中证指数有限公司,规模指数,19920221,100.0,19920817
000004.SH,工业指数,SSE,中证指数有限公司,行业指数,19930430,1358.78,19930503
000005.SH,商业指数,SSE,中证指数有限公司,行业指数,19930430,1358.78,19930503
000006.SH,地产指数,SSE,中证指数有限公司,行业指数,19930430,1358.78,19930503
000007.SH,公用指数,SSE,中证指数有限公司,行业指数,19930430,1358.78,19930503
000008.SH,综合指数,SSE,中证指数有限公司,行业指数,19930430,1358.78,19930503
000009.SH,上证380,SSE,中证指数有限公司,规模指数,20031231,1000.0,20101129
000010.SH,上证180,SSE,中证指数有限公司,规模指数,20020628,3299.06,20020701
000015.SH,红利指数,SSE,中证指数有限公司,策略指数,20041231,1000.0,20050104
000016.SH,上证50,SSE,中证指数有限公司,规模指数,20031231,1000.0,20040102
000017.SH,新综指,SSE,中证指数有限公司,规模指数,20051230,1000.0,20060104
000018.SH,180金融,SSE,中证指数有限公司,行业指数,20020628,1000.0,20071210
000019.SH,治理指数,SSE,中证指数有限公司,主题指数,20070629,1000.0,20080102
000020.SH,中型综指,SSE,中证指数有限公司,规模指数,20071228,1000.0,20080512
000021.SH,180治理,SSE,中证指数有限公司,主题指数,20070629,1000.0,20080910
000025.SH,180基建,SSE,中证指数有限公司,主题指数,20020628,1000.0,20081215
000026.SH,180资源,SSE,中证指数有限公司,主题指数,20020628,1000.0,20081215
000027.SH,180运输,SSE,中证指数有限公司,主题指数,20020628,1000.0,20081215
000028.SH,180成长,SSE,中证指数有限公司,风格指数,20020628,1000.0,20090109
000029.SH,180价值,SSE,中证指数有限公司,风格指数,20020628,1000.0,20090109
000030.SH,180R成长,SSE,中证指数有限公司,风格指数,20020628,1000.0,20090109
000031.SH,180R价值,SSE,中证指数有限公司,风格指数,20020628,1000.0,20090109
000032.SH,上证能源,SSE,中证指数有限公司,一级行业指数,20031231,1000.0,20090109
000033.SH,上证材料,SSE,中证指数有限公司,一级行业指数,20031231,1000.0,20090109
000034.SH,上证工业,SSE,中证指数有限公司,一级行业指数,20031231,1000.0,20090109
000035.SH,上证可选,SSE,中证指数有限公司,一级行业指数,20031231,1000.0,20090109
000036.SH,上证消费,SSE,中证指数有限公司,一级行业指数,20031231,1000.0,20090109
000037.SH,上证医药,SSE,中证指数有限公司,一级行业指数,20031231,1000.0,20090109
000038.SH,上证金融,SSE,中证指数有限公司,主题指数,20031231,1000.0,20090109
000039.SH,上证信息,SSE,中证指数有限公司,一级行业指数,20031231,1000.0,20090109
000040.SH,上证通信,SSE,中证指数有限公司,一级行业指数,20031231,1000.0,20090109
000041.SH,上证公用,SSE,中证指数有限公司,一级行业指数,20031231,1000.0,20090109
000042.SH,上证央企,SSE,中证指数有限公司,主题指数,20081231,1000.0,20090330
000043.SH,超大盘,SSE,中证指数有限公司,规模指数,20031231,1000.0,20090423
000044.SH,上证中盘,SSE,中证指数有限公司,规模指数,20031231,1000.0,20090703
000045.SH,上证小盘,SSE,中证指数有限公司,规模指数,20031231,1000.0,20090703
000046.SH,上证中小,SSE,中证指数有限公司,规模指数,20031231,1000.0,20090703
000047.SH,上证全指,SSE,中证指数有限公司,规模指数,20031231,1000.0,20090703
000048.SH,责任指数,SSE,中证指数有限公司,主题指数,20090630,1000.0,20090805
000049.SH,上证民企,SSE,中证指数有限公司,主题指数,20090630,1000.0,20090825
000050.SH,50等权,SSE,中证指数有限公司,策略指数,20031231,1000.0,20110104
000051.SH,180等权,SSE,中证指数有限公司,策略指数,20020628,3299.06,20110524
000052.SH,50基本,SSE,中证指数有限公司,策略指数,20031231,1000.0,20120109
000053.SH,180基本,SSE,中证指数有限公司,策略指数,20020628,3299.06,20120109
000054.SH,上证海外,SSE,中证指数有限公司,主题指数,20061229,1000.0,20100104
000055.SH,上证地企,SSE,中证指数有限公司,主题指数,20090630,1000.0,20100104
000056.SH,上证国企,SSE,中证指数有限公司,主题指数,20090630,1000.0,20100104
000057.SH,全指成长,SSE,中证指数有限公司,风格指数,20031231,1000.0,20100104
000058.SH,全指价值,SSE,中证指数有限公司,风格指数,20031231,1000.0,20100104
000059.SH,全R成长,SSE,中证指数有限公司,风格指数,20031231,1000.0,20100104
000060.SH,全R价值,SSE,中证指数有限公司,风格指数,20031231,1000.0,20100104
000062.SH,上证沪企,SSE,中证指数有限公司,主题指数,20051231,1000.0,20100104
000063.SH,上证周期,SSE,中证指数有限公司,主题指数,20031231,1000.0,20100203
000064.SH,非周期,SSE,中证指数有限公司,主题指数,20031231,1000.0,20100203
000065.SH,上证龙头,SSE,中证指数有限公司,主题指数,20031231,1000.0,20100209
000066.SH,上证商品,SSE,中证指数有限公司,主题指数,20031231,1000.0,20100430
000067.SH,上证新兴,SSE,中证指数有限公司,主题指数,20031231,1000.0,20100430
000068.SH,上证资源,SSE,中证指数有限公司,主题指数,20031231,1000.0,20100528
000069.SH,消费80,SSE,中证指数有限公司,主题指数,20031231,1000.0,20100528
000070.SH,能源等权,SSE,中证指数有限公司,策略指数,20031231,1000.0,20100818
000071.SH,材料等权,SSE,中证指数有限公司,策略指数,20031231,1000.0,20100818
000072.SH,工业等权,SSE,中证指数有限公司,策略指数,20031231,1000.0,20100818
000073.SH,可选等权,SSE,中证指数有限公司,策略指数,20031231,1000.0,20100818
000074.SH,消费等权,SSE,中证指数有限公司,策略指数,20031231,1000.0,20100818
000075.SH,医药等权,SSE,中证指数有限公司,策略指数,20031231,1000.0,20100818
000076.SH,金融等权,SSE,中证指数有限公司,策略指数,20031231,1000.0,20100818
000077.SH,信息等权,SSE,中证指数有限公司,策略指数,20031231,1000.0,20100818
000078.SH,通信等权,SSE,中证指数有限公司,策略指数,20031231,1000.0,20100818
000079.SH,公用等权,SSE,中证指数有限公司,策略指数,20031231,1000.0,20100818
000090.SH,上证流通,SSE,中证指数有限公司,规模指数,20091231,1000.0,20101202
000091.SH,沪财中小,SSE,中证指数有限公司,策略指数,20041231,1000.0,20110406
000092.SH,资源50,SSE,中证指数有限公司,主题指数,20031231,1000.0,20110510
000093.SH,180分层,SSE,中证指数有限公司,策略指数,20020628,3299.06,20110524
000094.SH,上证上游,SSE,中证指数有限公司,主题指数,20031231,1000.0,20110510
000095.SH,上证中游,SSE,中证指数有限公司,主题指数,20031231,1000.0,20110510
000096.SH,上证下游,SSE,中证指数有限公司,主题指数,20031231,1000.0,20110510
000097.SH,高端装备,SSE,中证指数有限公司,主题指数,20041231,1000.0,20110524
000098.SH,上证F200,SSE,中证指数有限公司,策略指数,20041231,1000.0,20110701
000099.SH,上证F300,SSE,中证指数有限公司,策略指数,20041231,1000.0,20110701
000100.SH,上证F500,SSE,中证指数有限公司,策略指数,20041231,1000.0,20110701
000102.SH,沪投资品,SSE,中证指数有限公司,主题指数,20031231,1000.0,20110613
000103.SH,沪消费品,SSE,中证指数有限公司,主题指数,20031231,1000.0,20110613
000104.SH,380能源,SSE,中证指数有限公司,一级行业指数,20031231,1000.0,20110613
000105.SH,380材料,SSE,中证指数有限公司,一级行业指数,20031231,1000.0,20110613
000106.SH,380工业,SSE,中证指数有限公司,一级行业指数,20031231,1000.0,20110613
000107.SH,380可选,SSE,中证指数有限公司,一级行业指数,20031231,1000.0,20110613
000108.SH,380消费,SSE,中证指数有限公司,一级行业指数,20031231,1000.0,20110613
000109.SH,380医药,SSE,中证指数有限公司,一级行业指数,20031231,1000.0,20110613
000110.SH,380金融,SSE,中证指数有限公司,一级行业指数,20031231,1000.0,20110613
000111.SH,380信息,SSE,中证指数有限公司,一级行业指数,20031231,1000.0,20110613
000112.SH,380电信,SSE,中证指数有限公司,一级行业指数,20031231,1000.0,20110613
000113.SH,380公用,SSE,中证指数有限公司,一级行业指数,20031231,1000.0,20110613
000114.SH,持续产业,SSE,中证指数有限公司,主题指数,20110630,1000.0,20110822
000115.SH,380等权,SSE,中证指数有限公司,策略指数,20031231,1000.0,20110812
000117.SH,380成长,SSE,中证指数有限公司,风格指数,20031231,1000.0,20111018
000118.SH,380价值,SSE,中证指数有限公司,风格指数,20031231,1000.0,20111018
000119.SH,380R成长,SSE,中证指数有限公司,风格指数,20031231,1000.0,20111018
000120.SH,380R价值,SSE,中证指数有限公司,风格指数,20031231,1000.0,20111018
000121.SH,医药主题,SSE,中证指数有限公司,主题指数,20031231,1000.0,20111018
000122.SH,上证农业,SSE,中证指数有限公司,主题指数,20110630,1000.0,20111018
000123.SH,上证180动态,SSE,中证指数有限公司,策略指数,20020628,3299.06,20130208
000124.SH,100等权,SSE,中证指数有限公司,策略指数,20031231,1000.0,
000125.SH,上证180稳定,SSE,中证指数有限公司,策略指数,20020628,3299.06,20130208
000126.SH,消费50,SSE,中证指数有限公司,主题指数,20041231,1000.0,20111209
000128.SH,380基本,SSE,中证指数有限公司,策略指数,20031231,1000.0,20120109
000129.SH,180波动,SSE,中证指数有限公司,策略指数,20020628,3299.06,20120109
000130.SH,380波动,SSE,中证指数有限公司,策略指数,20031231,1000.0,20120109
000131.SH,上证高新,SSE,中证指数有限公司,主题指数,20110630,1000.0,20120210
000132.SH,上证100,SSE,中证指数有限公司,规模指数,20031231,1000.0,20120420
000133.SH,上证150,SSE,中证指数有限公司,规模指数,20031231,1000.0,20120420
000134.SH,上证银行,SSE,中证指数有限公司,主题指数,20071231,1000.0,20120529
000135.SH,上证180高贝塔,SSE,中证指数有限公司,策略指数,20020628,3299.06,20120806
000136.SH,上证180低贝塔,SSE,中证指数有限公司,策略指数,20020628,3299.06,20120806
000137.SH,上证380高贝塔,SSE,中证指数有限公司,策略指数,20031231,1000.0,20120806
000138.SH,上证380低贝塔,SSE,中证指数有限公司,策略指数,20031231,1000.0,20120806
000141.SH,上证380动态,SSE,中证指数有限公司,策略指数,20031231,1000.0,20130208
000142.SH,上证380稳定,SSE,中证指数有限公司,策略指数,20031231,1000.0,20130208
000145.SH,优势资源,SSE,中证指数有限公司,主题指数,20031231,1000.0,20120529
000146.SH,优势制造,SSE,中证指数有限公司,主题指数,20031231,1000.0,20120529
000147.SH,优势消费,SSE,中证指数有限公司,主题指数,20031231,1000.0,20120529
000148.SH,消费领先,SSE,中证指数有限公司,主题指数,20041231,1000.0,20120529
000149.SH,上证180红利,SSE,中证指数有限公司,策略指数,20041231,1000.0,20120720
000150.SH,上证380红利,SSE,中证指数有限公司,策略指数,20041231,1000.0,20120720
000151.SH,上国红利,SSE,中证指数有限公司,策略指数,20090630,1000.0,20120720
000152.SH,上证央企红利,SSE,中证指数有限公司,策略指数,20081231,1000.0,20120720
000153.SH,上证民企红利,SSE,中证指数有限公司,策略指数,20090630,1000.0,20120720
000155.SH,上证市值百强,SSE,中证指数有限公司,规模指数,20031231,1000.0,20120720
000158.SH,上证环保,SSE,中证指数有限公司,主题指数,20111230,1000.0,20120925
000159.SH,沪股通,SSE,中证指数有限公司,主题指数,20031231,1000.0,20141117
000160.SH,沪新丝路,SSE,中证指数有限公司,主题指数,20121231,1000.0,20150624
000161.SH,沪中国造,SSE,中证指数有限公司,主题指数,20120629,1000.0,20151029
000162.SH,沪互联+,SSE,中证指数有限公司,主题指数,20120629,1000.0,20151029
000170.SH,50AH优选,SSE,中证指数有限公司,策略指数,20041231,1000.0,20151210
000188.SH,中国波指(退市),SSE,中证指数有限公司,主题指数,,,20161128
000300.SH,沪深300,SSE,中证指数有限公司,规模指数,20041231,1000.0,20050408
000510.SH,中证A500,SSE,中证指数有限公司,规模指数,20041231,1000.0,20240923
000680.SH,科创综指,SSE,中证指数有限公司,综合指数,20191231,1000.0,20250120
000680CNY020.SH,科创综指净收益,SSE,中证指数有限公司,综合指数,20191231,1000.0,20250120
000681.SH,科创价格,SSE,中证指数有限公司,综合指数,20191231,1000.0,20250120
000682.SH,科创信息,SSE,中证指数有限公司,主题指数,20191231,1000.0,20210816
000682CNY01.SH,科创信息全收益,SSE,中证指数有限公司,主题指数,20191231,1000.0,20210816
000683.SH,科创生物,SSE,中证指数有限公司,主题指数,20191231,1000.0,20220509
000683CNY01.SH,科创生物全收益,SSE,中证指数有限公司,主题指数,20191231,1000.0,20220509
000683CNY02.SH,科创生物净收益,SSE,中证指数有限公司,主题指数,20191231,1000.0,20220509
000685.SH,科创芯片,SSE,中证指数有限公司,主题指数,20191231,1000.0,20220613
000685CNY01.SH,科创芯片全收益,SSE,中证指数有限公司,主题指数,20191231,1000.0,20220613
000685CNY02.SH,科创芯片净收益,SSE,中证指数有限公司,主题指数,20191231,1000.0,20220613
000687.SH,科创高装,SSE,中证指数有限公司,主题指数,20191231,1000.0,20220815
000687CNY01.SH,科创高装全收益,SSE,中证指数有限公司,主题指数,20191231,1000.0,20220815
000687CNY02.SH,科创高装净收益,SSE,中证指数有限公司,主题指数,20191231,1000.0,20220815
000688.SH,科创50,SSE,中证指数有限公司,规模指数,20191231,1000.0,20200723
000688CNY01.SH,科创50(全),SSE,中证指数有限公司,规模指数,20191231,1000.0,20200723
000689.SH,科创材料,SSE,中证指数有限公司,主题指数,20191231,1000.0,20220815
000689CNY01.SH,科创材料全收益,SSE,中证指数有限公司,主题指数,20191231,1000.0,20220815
000689CNY02.SH,科创材料净收益,SSE,中证指数有限公司,主题指数,20191231,1000.0,20220815
000690.SH,科创成长,SSE,中证指数有限公司,策略指数,20191231,1000.0,20221104
000690CNY01.SH,科创成长全收益,SSE,中证指数有限公司,策略指数,20191231,1000.0,20221104
000690CNY02.SH,科创成长净收益,SSE,中证指数有限公司,策略指数,20191231,1000.0,20221104
000691.SH,科创ESG,SSE,中证指数有限公司,主题指数,20191231,1000.0,20240321
000691CNY010.SH,科创ESG全收益,SSE,中证指数有限公司,主题指数,20191231,1000.0,20240321
000692.SH,科创新能,SSE,中证指数有限公司,主题指数,20191231,1000.0,20230403
000692CNY01.SH,科创新能全收益,SSE,中证指数有限公司,主题指数,20191231,1000.0,20230403
000692CNY02.SH,科创新能净收益,SSE,中证指数有限公司,主题指数,20191231,1000.0,20230403
000693.SH,科创机械,SSE,中证指数有限公司,主题指数,20191231,1000.0,20230403
000693CNY01.SH,科创机械全收益,SSE,中证指数有限公司,主题指数,20191231,1000.0,20230403
000693CNY02.SH,科创机械净收益,SSE,中证指数有限公司,主题指数,20191231,1000.0,20230403
000695.SH,科长三角,SSE,中证指数有限公司,主题指数,20191231,1000.0,20230403
000695CNY01.SH,科长三角全收益,SSE,中证指数有限公司,主题指数,20191231,1000.0,20230403
000695CNY02.SH,科长三角净收益,SSE,中证指数有限公司,主题指数,20191231,1000.0,20230403
000697.SH,科大湾区,SSE,中证指数有限公司,主题指数,20191231,1000.0,20230403
000697CNY01.SH,科大湾区全收益,SSE,中证指数有限公司,主题指数,20191231,1000.0,20230403
000697CNY02.SH,科大湾区净收益,SSE,中证指数有限公司,主题指数,20191231,1000.0,20230403
000698.SH,科创100,SSE,中证指数有限公司,规模指数,20191231,1000.0,20230807
000698CNY010.SH,科创100(全),SSE,中证指数有限公司,规模指数,20191231,1000.0,20230807
000698CNY020.SH,科创100(净),SSE,中证指数有限公司,规模指数,20191231,1000.0,20230807
000698EUR200.SH,科创100EUR,SSE,中证指数有限公司,规模指数,20191231,1000.0,20230807
000698EUR210.SH,科创100(全)EUR,SSE,中证指数有限公司,规模指数,20191231,1000.0,20230807
000698GBP200.SH,科创100GBP,SSE,中证指数有限公司,规模指数,20191231,1000.0,20230807
000698GBP210.SH,科创100(全)GBP,SSE,中证指数有限公司,规模指数,20191231,1000.0,20230807
000698HKD200.SH,科创100HKD,SSE,中证指数有限公司,规模指数,20191231,1000.0,20230807
000698HKD210.SH,科创100(全)HKD,SSE,中证指数有限公司,规模指数,20191231,1000.0,20230807
000698USD200.SH,科创100USD,SSE,中证指数有限公司,规模指数,20191231,1000.0,20230807
000698USD210.SH,科创100(全)USD,SSE,中证指数有限公司,规模指数,20191231,1000.0,20230807
000698USD300.SH,科创100USD(CNH),SSE,中证指数有限公司,规模指数,20191231,1000.0,20230807
000698USD310.SH,科创100(全)USD(CNH),SSE,中证指数有限公司,规模指数,20191231,1000.0,20230807
000699.SH,科创200,SSE,中证指数有限公司,规模指数,20221230,1000.0,20240820
000699CNY010.SH,科创200(全),SSE,中证指数有限公司,规模指数,20221230,1000.0,20240820
000699CNY020.SH,科创200(净),SSE,中证指数有限公司,规模指数,20221230,1000.0,20240820
000801.SH,资源80(SH),SSE,中证指数有限公司,主题指数,20041231,1000.0,20111108
000802.SH,500沪市,SSE,中证指数有限公司,主题指数,20041231,1000.0,20111108
000803.SH,300波动(SH),SSE,中证指数有限公司,策略指数,20041231,1000.0,20120109
000804.SH,500波动(SH),SSE,中证指数有限公司,策略指数,20041231,1000.0,20120109
000811.SH,细分有色(SH),SSE,中证指数有限公司,主题指数,20041231,1000.0,20120411
000812.SH,细分机械(SH),SSE,中证指数有限公司,主题指数,20041231,1000.0,20120411
000813.SH,细分化工(SH),SSE,中证指数有限公司,主题指数,20041231,1000.0,20120411
000814.SH,细分医药,SSE,中证指数有限公司,主题指数,20041231,1000.0,20120411
000815.SH,细分食品(SH),SSE,中证指数有限公司,主题指数,20041231,1000.0,20120411
000817.SH,兴证海西(退市),SSE,中证指数有限公司,主题指数,20110817,1000.0,20110927
000818.SH,细分金融(SH),SSE,中证指数有限公司,主题指数,20041231,1000.0,20120411
000819.SH,有色金属,SSE,中证指数有限公司,行业指数,20041231,1000.0,20120509
000820.SH,煤炭指数(SH),SSE,中证指数有限公司,行业指数,20041231,1000.0,20120509
000822.SH,中证500红利(SH),SSE,中证指数有限公司,策略指数,20041231,1000.0,20120720
000823.SH,800有色,SSE,中证指数有限公司,二级行业指数,20041231,1000.0,20121221
000824.SH,中证国企红利(SH),SSE,中证指数有限公司,策略指数,20090630,1000.0,20120720
000825.SH,中证央企红利(SH),SSE,中证指数有限公司,策略指数,20081231,1000.0,20120720
000826.SH,中证民企红利(SH),SSE,中证指数有限公司,策略指数,20090630,1000.0,20120720
000827.SH,中证环保,SSE,中证指数有限公司,主题指数,20111230,1000.0,20120925
000829.SH,沪深300低贝塔(SH),SSE,中证指数有限公司,策略指数,20041231,1000.0,20120806
000830.SH,中证500高贝塔(SH),SSE,中证指数有限公司,策略指数,20041231,1000.0,20120806
000831.SH,中证500低贝塔(SH),SSE,中证指数有限公司,策略指数,20041231,1000.0,20120806
000838.SH,中证创业价值(SH),SSE,中证指数有限公司,主题指数,20091231,1000.0,20120926
000839.SH,中证浙企综指(SH),SSE,中证指数有限公司,主题指数,20041231,1000.0,20121109
000840.SH,中证浙江民企(SH),SSE,中证指数有限公司,主题指数,20041231,1000.0,20121109
000843.SH,沪深300动态(SH),SSE,中证指数有限公司,策略指数,20041231,1000.0,20130107
000844.SH,沪深300稳定(SH),SSE,中证指数有限公司,策略指数,20041231,1000.0,20130107
000847.SH,腾讯济安,SSE,中证指数有限公司,策略指数,20130518,1000.0,20131118
000849.SH,300非银,SSE,中证指数有限公司,主题指数,20041231,1000.0,20121221
000851.SH,百发100,SSE,中证指数有限公司,策略指数,20081231,1000.0,20140730
000852.SH,中证1000,SSE,中证指数有限公司,规模指数,20041231,1000.0,20141017
000853.SH,CSSW丝路,SSE,中证指数有限公司,主题指数,20081231,1000.0,20150423
000854.SH,中证500原料,SSE,中证指数有限公司,一级行业指数,20041231,1000.0,20131106
000855.SH,央视500,SSE,中证指数有限公司,主题指数,20091231,1000.0,20141103
000856.SH,中证500工业,SSE,中证指数有限公司,一级行业指数,20041231,1000.0,20131106
000857.SH,中证500医药,SSE,中证指数有限公司,一级行业指数,20041231,1000.0,20131106
000858.SH,中证500信息,SSE,中证指数有限公司,一级行业指数,20041231,1000.0,20131106
000863.SH,CS精准医,SSE,中证指数有限公司,主题指数,20120629,1000.0,20150805
000865.SH,上海国企,SSE,中证指数有限公司,主题指数,20121231,1000.0,20160511
000867.SH,港中小企,SSE,中证指数有限公司,主题指数,20141114,3000.0,20150826
000869.SH,HK银行(HKD),SSE,中证指数有限公司,主题指数,20141114,3000.0,20160422
000888.SH,上证收益,SSE,中证指数有限公司,综合指数,20200721,3320.89,20201009
000901.SH,小康指数,SSE,中证指数有限公司,主题指数,20051230,1000.0,20100402
000902.SH,中证流通(SH),SSE,中证指数有限公司,综合指数,20051230,1000.0,20060227
000903.SH,中证A100,SSE,中证指数有限公司,规模指数,20051230,1000.0,20060529
000905.SH,中证500,SSE,中证指数有限公司,规模指数,20041231,1000.0,20070115
000906.SH,中证800,SSE,中证指数有限公司,规模指数,20041231,1000.0,20070115
000907.SH,中证700(SH),SSE,中证指数有限公司,规模指数,20041231,1000.0,20070115
000913.SH,300医药,SSE,中证指数有限公司,一级行业指数,20041231,1000.0,20070702
000914.SH,300金融,SSE,中证指数有限公司,主题指数,20041231,1000.0,20070702
000915.SH,沪深300信息(SH),SSE,中证指数有限公司,一级行业指数,20041231,1000.0,20070702
000916.SH,沪深300电信(SH),SSE,中证指数有限公司,一级行业指数,20041231,1000.0,20070702
000920.SH,沪深300R成长(SH),SSE,中证指数有限公司,风格指数,20041231,1000.0,20080121
000921.SH,沪深300R价值(SH),SSE,中证指数有限公司,风格指数,20041231,1000.0,20080121
000926.SH,中证央企(SH),SSE,中证指数有限公司,主题指数,20081231,1000.0,20090330
000927.SH,央企100(SH),SSE,中证指数有限公司,主题指数,20081231,1000.0,20090330
000928.SH,800能源,SSE,中证指数有限公司,一级行业指数,20041231,1000.0,20090703
000929.SH,800材料,SSE,中证指数有限公司,一级行业指数,20041231,1000.0,20090703
000930.SH,800工业,SSE,中证指数有限公司,一级行业指数,20041231,1000.0,20090703
000932.SH,800消费,SSE,中证指数有限公司,一级行业指数,20041231,1000.0,20090703
000933.SH,800医卫,SSE,中证指数有限公司,一级行业指数,20041231,1000.0,20090703
000934.SH,800金地,SSE,中证指数有限公司,主题指数,20041231,1000.0,20090703
000935.SH,800信息,SSE,中证指数有限公司,一级行业指数,20041231,1000.0,20090703
000936.SH,800通信(SH),SSE,中证指数有限公司,一级行业指数,20041231,1000.0,20090703
000937.SH,800公用(SH),SSE,中证指数有限公司,一级行业指数,20041231,1000.0,20090703
000938.SH,中证民企(SH),SSE,中证指数有限公司,主题指数,20090630,1000.0,20090825
000941.SH,新能源(SH),SSE,中证指数有限公司,主题指数,20081231,1000.0,20091028
000942.SH,内地消费(SH),SSE,中证指数有限公司,主题指数,20041231,1000.0,20091028
000943.SH,新基建50(SH),SSE,中证指数有限公司,主题指数,20141231,1000.0,20091028
000945.SH,内地运输(SH),SSE,中证指数有限公司,主题指数,20041231,1000.0,20091028
000947.SH,内地银行(SH),SSE,中证指数有限公司,主题指数,20041231,1000.0,20091028
000948.SH,内地地产(SH),SSE,中证指数有限公司,主题指数,20041231,1000.0,20091028
000949.SH,中证农业(SH),SSE,中证指数有限公司,主题指数,20041231,1000.0,20091028
000953.SH,中证地企(SH),SSE,中证指数有限公司,主题指数,20090630,1000.0,20100209
000954.SH,地企100(SH),SSE,中证指数有限公司,主题指数,20090630,1000.0,20100209
000955.SH,中证国企(SH),SSE,中证指数有限公司,主题指数,20090630,1000.0,20100209
000956.SH,国企200(SH),SSE,中证指数有限公司,主题指数,20090630,1000.0,20100209
000962.SH,中证中游(SH),SSE,中证指数有限公司,主题指数,20041231,1000.0,20100416
000965.SH,基本200(SH),SSE,中证指数有限公司,策略指数,20041231,1000.0,20100602
000967.SH,基本600(SH),SSE,中证指数有限公司,策略指数,20041231,1000.0,20100602
000968.SH,300周期(SH),SSE,中证指数有限公司,主题指数,20041231,1000.0,20100528
000970.SH,ESG40(SH),SSE,中证指数有限公司,主题指数,20100630,1000.0,20100917
000972.SH,300沪市(SH),SSE,中证指数有限公司,主题指数,20041231,1000.0,20101202
000973.SH,技术领先(退市),SSE,中证指数有限公司,主题指数,20031231,1000.0,20110104
000974.SH,800金融,SSE,中证指数有限公司,一级行业指数,20041231,1000.0,20130509
000976.SH,新华金牛(退市),SSE,中证指数有限公司,主题指数,20041231,1000.0,20140218
000980.SH,中证超大(SH),SSE,中证指数有限公司,规模指数,20041231,1000.0,20110510
000981.SH,300分层(SH),SSE,中证指数有限公司,策略指数,20041231,1000.0,20110613
000982.SH,500等权,SSE,中证指数有限公司,策略指数,20041231,1000.0,20110613
000985.SH,中证全指(SH),SSE,中证指数有限公司,规模指数,20041231,1000.0,20110802
000986.SH,全指能源,SSE,中证指数有限公司,一级行业指数,20041231,1000.0,20110802
000987.SH,全指材料,SSE,中证指数有限公司,一级行业指数,20041231,1000.0,20110802
000988.SH,全指工业(SH),SSE,中证指数有限公司,一级行业指数,20041231,1000.0,20110802
000989.SH,全指可选,SSE,中证指数有限公司,一级行业指数,20041231,1000.0,20110802
000991.SH,全指医药,SSE,中证指数有限公司,一级行业指数,20041231,1000.0,20110802
000992.SH,金融地产,SSE,中证指数有限公司,主题指数,20041231,1000.0,20110802
000993.SH,全指信息,SSE,中证指数有限公司,一级行业指数,20041231,1000.0,20110802
000994.SH,全指通信(SH),SSE,中证指数有限公司,一级行业指数,20041231,1000.0,20110802
000995.SH,全指公用(SH),SSE,中证指数有限公司,一级行业指数,20041231,1000.0,20110802
000996.SH,领先行业(退市),SSE,中证指数有限公司,主题指数,20041231,1000.0,20110802
000997.SH,大消费(退市),SSE,中证指数有限公司,主题指数,20041231,1000.0,20111111
000999.SH,两岸三地,SSE,中证指数有限公司,规模指数,20041231,1000.0,20100118
921459.SH,中证800(全)USD,SSE,中证指数有限公司,规模指数,20041231,1000.0,20200311
921460.SH,中证1000(全)USD,SSE,中证指数有限公司,规模指数,20041231,1000.0,20200311
931802.SH,中证龙头(SH),SSE,中证指数有限公司,主题指数,20161230,1000.0,20100209
931838.SH,煤炭产业(SH),SSE,中证指数有限公司,主题指数,20101231,1000.0,20120411
931845.SH,生猪产业(SH),SSE,中证指数有限公司,主题指数,20151231,1000.0,20120411
931944.SH,银保主题(SH),SSE,中证指数有限公司,主题指数,20131231,1000.0,20091028
950085.SH,沪物联网,SSE,中证指数有限公司,主题指数,20120629,1000.0,20151029
950086.SH,沪自贸区,SSE,中证指数有限公司,主题指数,20131231,1000.0,20151127
950087.SH,上证海洋,SSE,中证指数有限公司,主题指数,20091231,1000.0,20151127
950088.SH,沪轻资产,SSE,中证指数有限公司,主题指数,20041231,1000.0,20151127
950089.SH,上证电子,SSE,中证指数有限公司,主题指数,20041231,1000.0,20151127
950091.SH,50AH优选(HKD),SSE,中证指数有限公司,策略指数,20041231,1000.0,20151210
950092.SH,上证180优选,SSE,中证指数有限公司,策略指数,20041231,1000.0,20151210
950093.SH,上证180优选(HKD),SSE,中证指数有限公司,策略指数,20041231,1000.0,20151210
950094.SH,上证增持,SSE,中证指数有限公司,策略指数,20111231,1000.0,20160411
950095.SH,上证定增,SSE,中证指数有限公司,策略指数,20111231,1000.0,20160411
950097.SH,沪供给侧,SSE,中证指数有限公司,主题指数,20131231,1000.0,20160624
950098.SH,180SNLV,SSE,中证指数有限公司,策略指数,20041231,1000.0,20160624
950099.SH,380SNLV,SSE,中证指数有限公司,策略指数,20041231,1000.0,20160624
950100.SH,上高股息,SSE,中证指数有限公司,策略指数,20041231,1000.0,20160712
950101.SH,沪智能造,SSE,中证指数有限公司,主题指数,20120629,1000.0,20160720
950125.SH,科创半导体材料设备,SSE,中证指数有限公司,主题指数,20191231,1000.0,20240726
950125CNY010.SH,科创半导体材料设备全收益,SSE,上海证券交易所,主题指数,20191231,1000.0,20240726
950125CNY020.SH,科创半导体材料设备净收益,SSE,上海证券交易所,主题指数,20191231,1000.0,20240726
950161CNY010.SH,科创新药全收益,SSE,中证指数有限公司,主题指数,20221230,1000.0,20240823
950161CNY020.SH,科创新药净收益,SSE,中证指数有限公司,主题指数,20221230,1000.0,20240823
950179.SH,上证回购,SSE,中证指数有限公司,策略指数,20181228,1000.0,20231017
950179CNY010.SH,上证回购全收益,SSE,中证指数有限公司,策略指数,20181228,1000.0,20231017
950179CNY020.SH,上证回购净收益,SSE,中证指数有限公司,策略指数,20181228,1000.0,20231017
950181.SH,上证红利增长,SSE,中证指数有限公司,策略指数,20131231,1000.0,20250124
950181CNY010.SH,上证红利增长全收益,SSE,中证指数有限公司,策略指数,20131231,1000.0,20250124
950181CNY020.SH,上证红利增长净收益,SSE,中证指数有限公司,策略指数,20131231,1000.0,20250124
950182.SH,180红利增长,SSE,中证指数有限公司,策略指数,20131231,1000.0,20250124
950182CNY010.SH,180红利增长全收益,SSE,中证指数有限公司,策略指数,20131231,1000.0,20250124
950182CNY020.SH,180红利增长净收益,SSE,中证指数有限公司,策略指数,20131231,1000.0,20250124
950228.SH,智选科创价值50,SSE,中证指数有限公司,策略指数,20191231,1000.0,20240823
950228CNY010.SH,智选科创价值50全收益,SSE,中证指数有限公司,策略指数,20191231,1000.0,20240823
950228CNY020.SH,智选科创价值50净收益,SSE,中证指数有限公司,策略指数,20191231,1000.0,20240823
950238.SH,上证光伏,SSE,中证指数有限公司,主题指数,20171229,1000.0,20221011
950238CNY01.SH,上证光伏全收益,SSE,中证指数有限公司,主题指数,20171229,1000.0,20221011
950239.SH,上证太阳能,SSE,中证指数有限公司,主题指数,20171229,1000.0,20221011
950239CNY01.SH,上证太阳能全收益,SSE,中证指数有限公司,主题指数,20171229,1000.0,20221011
950255.SH,科创医疗,SSE,中证指数有限公司,主题指数,20221230,1000.0,20240725
950255CNY010.SH,科创医疗全收益,SSE,上海证券交易所,主题指数,20221230,1000.0,20240725
950255CNY020.SH,科创医疗净收益,SSE,上海证券交易所,主题指数,20221230,1000.0,20240725
950258.SH,上证红利质量,SSE,中证指数有限公司,策略指数,20131231,1000.0,20250124
950258CNY010.SH,上证红利质量全收益,SSE,中证指数有限公司,策略指数,20131231,1000.0,20250124
950258CNY020.SH,上证红利质量净收益,SSE,中证指数有限公司,策略指数,20131231,1000.0,20250124
950259.SH,上证180红利质量,SSE,中证指数有限公司,策略指数,20131231,1000.0,20250124
950259CNY010.SH,上证180红利质量全收益,SSE,中证指数有限公司,策略指数,20131231,1000.0,20250124
950259CNY020.SH,上证180红利质量净收益,SSE,中证指数有限公司,策略指数,20131231,1000.0,20250124
950283.SH,科创盈利质量,SSE,中证指数有限公司,策略指数,20191231,1000.0,20240823
950283CNY010.SH,科创盈利质量全收益,SSE,中证指数有限公司,策略指数,20191231,1000.0,20240823
950283CNY020.SH,科创盈利质量净收益,SSE,中证指数有限公司,策略指数,20191231,1000.0,20240823
950332.SH,科创计算机,SSE,中证指数有限公司,主题指数,20221230,1000.0,20250527
950332CNY010.SH,科创计算机全收益,SSE,中证指数有限公司,主题指数,20221230,1000.0,20250527
950333.SH,智选创新价值,SSE,中证指数有限公司,策略指数,20191231,1000.0,20240925
950333CNY010.SH,智选创新价值全收益,SSE,中证指数有限公司,策略指数,20191231,1000.0,20240925
950346.SH,上证红利股债RP,SSE,中证指数有限公司,策略指数,20170630,1000.0,20241121
950347.SH,上证红利股债10/90,SSE,中证指数有限公司,策略指数,20170630,1000.0,20241121
950348.SH,上证红利股债20/80,SSE,中证指数有限公司,策略指数,20170630,1000.0,20241121
950349.SH,上证红利股债30/70,SSE,中证指数有限公司,策略指数,20170630,1000.0,20241121
950350.SH,上证红利股债稳健配置10%,SSE,中证指数有限公司,策略指数,20170630,1000.0,20241121
950351.SH,上证红利股债稳健配置20%,SSE,中证指数有限公司,策略指数,20170630,1000.0,20241121
950352.SH,上证红利股债稳健配置30%,SSE,中证指数有限公司,策略指数,20170630,1000.0,20241121
950393.SH,创新成长策略精选,SSE,中证指数有限公司,策略指数,20221230,1000.0,20251015
950393CNY010.SH,创新成长策略精选全收益,SSE,中证指数有限公司,策略指数,20221230,1000.0,20251015
h00009.SH,上证380全收益,SSE,中证指数有限公司,规模指数,20031231,1000.0,20101129
h00010.SH,180收益,SSE,中证指数有限公司,规模指数,20020628,3299.06,20020701
h00015.SH,红利收益,SSE,中证指数有限公司,策略指数,20041231,1000.0,20050104
h00016.SH,50收益,SSE,中证指数有限公司,规模指数,20031231,1000.0,20040102
h00018.SH,180金收,SSE,中证指数有限公司,行业指数,20020628,1000.0,20071210
h00019.SH,治理收益,SSE,中证指数有限公司,主题指数,20070629,1000.0,20080102
h00020.SH,中企收益,SSE,中证指数有限公司,规模指数,20071228,1000.0,20080512
h00021.SH,180治收,SSE,中证指数有限公司,主题指数,20070629,1000.0,20080910
h00025.SH,180基收,SSE,中证指数有限公司,主题指数,20020628,1000.0,20081215
h00026.SH,180资收,SSE,中证指数有限公司,主题指数,20020628,1000.0,20081215
h00027.SH,180运收,SSE,中证指数有限公司,主题指数,20020628,1000.0,20081215
h00028.SH,180成收,SSE,中证指数有限公司,风格指数,20020628,1000.0,20090109
h00029.SH,180价收,SSE,中证指数有限公司,风格指数,20020628,1000.0,20090109
h00030.SH,180R成收,SSE,中证指数有限公司,风格指数,20020628,1000.0,20090109
h00031.SH,180R价收,SSE,中证指数有限公司,风格指数,20020628,1000.0,20090109
h00032.SH,上证能收,SSE,中证指数有限公司,一级行业指数,20031231,1000.0,20090109
h00033.SH,上证材收,SSE,中证指数有限公司,一级行业指数,20031231,1000.0,20090109
h00034.SH,上证工收,SSE,中证指数有限公司,一级行业指数,20031231,1000.0,20090109
h00035.SH,上证可收,SSE,中证指数有限公司,一级行业指数,20031231,1000.0,20090109
h00036.SH,上证消收,SSE,中证指数有限公司,一级行业指数,20031231,1000.0,20090109
h00037.SH,上证医收,SSE,中证指数有限公司,一级行业指数,20031231,1000.0,20090109
h00038.SH,上证金收,SSE,中证指数有限公司,主题指数,20031231,1000.0,20090109
h00039.SH,上证信收,SSE,中证指数有限公司,一级行业指数,20031231,1000.0,20090109
h00040.SH,上证电收,SSE,中证指数有限公司,一级行业指数,20031231,1000.0,20090109
h00041.SH,上证公收,SSE,中证指数有限公司,一级行业指数,20031231,1000.0,20090109
h00042.SH,上证央收,SSE,中证指数有限公司,主题指数,20081231,1000.0,20090330
h00043.SH,超大收,SSE,中证指数有限公司,规模指数,20031231,1000.0,20090423
h00044.SH,上证中收,SSE,中证指数有限公司,规模指数,20031231,1000.0,20090703
h00045.SH,上证小收,SSE,中证指数有限公司,规模指数,20031231,1000.0,20090703
h00046.SH,上中小收,SSE,中证指数有限公司,规模指数,20031231,1000.0,20090703
h00047.SH,上证全收,SSE,中证指数有限公司,规模指数,20031231,1000.0,20090703
h00048.SH,责任指收,SSE,中证指数有限公司,主题指数,20090630,1000.0,20090805
h00049.SH,上民企收,SSE,中证指数有限公司,主题指数,20090630,1000.0,20090825
h00050.SH,50等权全收益,SSE,中证指数有限公司,策略指数,20031231,1000.0,20110104
h00051.SH,180等收,SSE,中证指数有限公司,策略指数,20020628,3299.06,20110524
h00052.SH,50基本全收益,SSE,中证指数有限公司,策略指数,20031231,1000.0,20120109
h00053.SH,180基本全收益,SSE,中证指数有限公司,策略指数,20020628,3299.06,20120109
h00054.SH,上证海外全收益,SSE,中证指数有限公司,主题指数,20061229,1000.0,20100104
h00055.SH,上证地企全收益,SSE,中证指数有限公司,主题指数,20090630,1000.0,20100104
h00056.SH,上证国企全收益,SSE,中证指数有限公司,主题指数,20090630,1000.0,20100104
h00057.SH,全指成长全收益,SSE,中证指数有限公司,风格指数,20031231,1000.0,20100104
h00058.SH,全指价值全收益,SSE,中证指数有限公司,风格指数,20031231,1000.0,20100104
h00059.SH,全R成长全收益,SSE,中证指数有限公司,风格指数,20031231,1000.0,20100104
h00060.SH,全R价值全收益,SSE,中证指数有限公司,风格指数,20031231,1000.0,20100104
h00062.SH,上证沪企全收益,SSE,中证指数有限公司,主题指数,20051231,1000.0,20100104
h00063.SH,上证周期全收益,SSE,中证指数有限公司,主题指数,20031231,1000.0,20100203
h00064.SH,非周期全收益,SSE,中证指数有限公司,主题指数,20031231,1000.0,20100203
h00065.SH,上证龙头全收益,SSE,中证指数有限公司,主题指数,20031231,1000.0,20100209
h00066.SH,上证商品全收益,SSE,中证指数有限公司,主题指数,20031231,1000.0,20100430
h00067.SH,上证新兴全收益,SSE,中证指数有限公司,主题指数,20031231,1000.0,20100430
h00068.SH,上证资源全收益,SSE,中证指数有限公司,主题指数,20031231,1000.0,20100528
h00069.SH,消费80全收益,SSE,中证指数有限公司,主题指数,20031231,1000.0,20100528
h00070.SH,能源等权全收益,SSE,中证指数有限公司,策略指数,20031231,1000.0,20100818
h00071.SH,材料等权全收益,SSE,中证指数有限公司,策略指数,20031231,1000.0,20100818
h00072.SH,工业等权全收益,SSE,中证指数有限公司,策略指数,20031231,1000.0,20100818
h00073.SH,可选等权全收益,SSE,中证指数有限公司,策略指数,20031231,1000.0,20100818
h00074.SH,消费等权全收益,SSE,中证指数有限公司,策略指数,20031231,1000.0,20100818
h00075.SH,医药等权全收益,SSE,中证指数有限公司,策略指数,20031231,1000.0,20100818
h00076.SH,金融等权全收益,SSE,中证指数有限公司,策略指数,20031231,1000.0,20100818
h00077.SH,信息等权全收益,SSE,中证指数有限公司,策略指数,20031231,1000.0,20100818
h00078.SH,电信等权全收益,SSE,中证指数有限公司,策略指数,20031231,1000.0,20100818
h00079.SH,公用等权全收益,SSE,中证指数有限公司,策略指数,20031231,1000.0,20100818
h00090.SH,上证流通全收益,SSE,中证指数有限公司,规模指数,20091231,1000.0,20101202
h00091.SH,沪财中小全收益,SSE,中证指数有限公司,策略指数,20041231,1000.0,20110406
h00092.SH,资源50全收益,SSE,中证指数有限公司,主题指数,20031231,1000.0,20110510
h00093.SH,180分层全收益,SSE,中证指数有限公司,策略指数,20020628,3299.06,20110524
h00094.SH,上证上游全收益,SSE,中证指数有限公司,主题指数,20031231,1000.0,20110510
h00095.SH,上证中游全收益,SSE,中证指数有限公司,主题指数,20031231,1000.0,20110510
h00096.SH,上证下游全收益,SSE,中证指数有限公司,主题指数,20031231,1000.0,20110510
h00097.SH,高端装备全收益,SSE,中证指数有限公司,主题指数,20041231,1000.0,20110524
h00098.SH,上证F200全收益,SSE,中证指数有限公司,策略指数,20041231,1000.0,20110701
h00099.SH,上证F300全收益,SSE,中证指数有限公司,策略指数,20041231,1000.0,20110701
h00100.SH,上证F500全收益,SSE,中证指数有限公司,策略指数,20041231,1000.0,20110701
h00102.SH,沪投资品全收益,SSE,中证指数有限公司,主题指数,20031231,1000.0,20110613
h00103.SH,沪消费品全收益,SSE,中证指数有限公司,主题指数,20031231,1000.0,20110613
h00104.SH,380能源全收益,SSE,中证指数有限公司,一级行业指数,20031231,1000.0,20110613
h00105.SH,380材料全收益,SSE,中证指数有限公司,一级行业指数,20031231,1000.0,20110613
h00106.SH,380工业全收益,SSE,中证指数有限公司,一级行业指数,20031231,1000.0,20110613
h00107.SH,380可选全收益,SSE,中证指数有限公司,一级行业指数,20031231,1000.0,20110613
h00108.SH,380消费全收益,SSE,中证指数有限公司,一级行业指数,20031231,1000.0,20110613
h00109.SH,380医药全收益,SSE,中证指数有限公司,一级行业指数,20031231,1000.0,20110613
h00110.SH,380金融全收益,SSE,中证指数有限公司,一级行业指数,20031231,1000.0,20110613
h00111.SH,380信息全收益,SSE,中证指数有限公司,一级行业指数,20031231,1000.0,20110613
h00112.SH,380电信全收益,SSE,中证指数有限公司,一级行业指数,20031231,1000.0,20110613
h00113.SH,380公用全收益,SSE,中证指数有限公司,一级行业指数,20031231,1000.0,20110613
h00114.SH,持续产业全收益,SSE,中证指数有限公司,主题指数,20110630,1000.0,20110822
h00115.SH,380等权全收益,SSE,中证指数有限公司,策略指数,20031231,1000.0,20110812
h00117.SH,380成长全收益,SSE,中证指数有限公司,风格指数,20031231,1000.0,20111018
h00118.SH,380价值全收益,SSE,中证指数有限公司,风格指数,20031231,1000.0,20111018
h00119.SH,380R成长全收益,SSE,中证指数有限公司,风格指数,20031231,1000.0,20111018
h00120.SH,380R价值全收益,SSE,中证指数有限公司,风格指数,20031231,1000.0,20111018
h00121.SH,医药主题全收益,SSE,中证指数有限公司,主题指数,20031231,1000.0,20111018
h00122.SH,农业主题全收益,SSE,中证指数有限公司,主题指数,20110630,1000.0,20111018
h00123.SH,上证180动态全收益,SSE,中证指数有限公司,策略指数,20020628,3299.06,20130208
h00125.SH,上证180稳定全收益,SSE,中证指数有限公司,策略指数,20020628,3299.06,20130208
h00126.SH,消费50全收益,SSE,中证指数有限公司,主题指数,20041231,1000.0,20111209
h00128.SH,380基本全收益,SSE,中证指数有限公司,策略指数,20031231,1000.0,20120109
h00129.SH,180波动全收益,SSE,中证指数有限公司,策略指数,20020628,3299.06,20120109
h00130.SH,380波动全收益,SSE,中证指数有限公司,策略指数,20031231,1000.0,20120109
h00131.SH,上证高新全收益,SSE,中证指数有限公司,主题指数,20110630,1000.0,20120210
h00132.SH,上证100全收益,SSE,中证指数有限公司,规模指数,20031231,1000.0,20120420
h00133.SH,上证150全收益,SSE,中证指数有限公司,规模指数,20031231,1000.0,20120420
h00134.SH,上证银行全收益,SSE,中证指数有限公司,主题指数,20071231,1000.0,20120529
h00135.SH,上证180高贝塔全收益,SSE,中证指数有限公司,策略指数,20020628,3299.06,20120806
h00136.SH,上证180低贝塔全收益,SSE,中证指数有限公司,策略指数,20020628,3299.06,20120806
h00137.SH,上证380高贝塔全收益,SSE,中证指数有限公司,策略指数,20031231,1000.0,20120806
h00138.SH,上证380低贝塔全收益,SSE,中证指数有限公司,策略指数,20031231,1000.0,20120806
h00141.SH,上证380动态全收益,SSE,中证指数有限公司,策略指数,20031231,1000.0,20130208
h00142.SH,上证380稳定全收益,SSE,中证指数有限公司,策略指数,20031231,1000.0,20130208
h00145.SH,优势资源全收益,SSE,中证指数有限公司,主题指数,20031231,1000.0,20120529
h00146.SH,优势制造全收益,SSE,中证指数有限公司,主题指数,20031231,1000.0,20120529
h00147.SH,优势消费全收益,SSE,中证指数有限公司,主题指数,20031231,1000.0,20120529
h00148.SH,消费领先全收益,SSE,中证指数有限公司,主题指数,20041231,1000.0,20120529
h00149.SH,上证180红利全收益,SSE,中证指数有限公司,策略指数,20041231,1000.0,20120720
h00150.SH,上证380红利全收益,SSE,中证指数有限公司,策略指数,20041231,1000.0,20120720
h00151.SH,上证国企红利全收益,SSE,中证指数有限公司,策略指数,20090630,1000.0,20120720
h00152.SH,上证央企红利全收益,SSE,中证指数有限公司,策略指数,20081231,1000.0,20120720
h00153.SH,上证民企红利全收益,SSE,中证指数有限公司,策略指数,20090630,1000.0,20120720
h00155.SH,上证市值百强全收益,SSE,中证指数有限公司,规模指数,20031231,1000.0,20120720
h00158.SH,上证环保全收益,SSE,中证指数有限公司,主题指数,20111230,1000.0,20120925
h00159.SH,沪股通全收益,SSE,中证指数有限公司,主题指数,20031231,1000.0,20141117
h00160.SH,沪新丝路全收益,SSE,中证指数有限公司,主题指数,20121231,1000.0,20150624
h00161.SH,沪中国造全收益,SSE,中证指数有限公司,主题指数,20120629,1000.0,20151029
h00162.SH,沪互联+全收益,SSE,中证指数有限公司,主题指数,20120629,1000.0,20151029
h00852.SH,中证1000全收益,SSE,中证指数有限公司,规模指数,20041231,1000.0,20141017
h00855.SH,央视500全收益,SSE,中证指数有限公司,主题指数,20091231,1000.0,20141103
h00976.SH,新华金牛全收益(退市),SSE,中证指数有限公司,主题指数,20041231,1000.0,20140218
h40001.SH,180能源全收益,SSE,中证指数有限公司,一级行业指数,20031231,1000.0,20120629
h40002.SH,180材料全收益,SSE,中证指数有限公司,一级行业指数,20031231,1000.0,20120629
h40003.SH,180工业全收益,SSE,中证指数有限公司,一级行业指数,20031231,1000.0,20120629
h40004.SH,180可选全收益,SSE,中证指数有限公司,一级行业指数,20031231,1000.0,20120629
h40005.SH,180消费全收益,SSE,中证指数有限公司,一级行业指数,20031231,1000.0,20120629
h40006.SH,180医药全收益,SSE,中证指数有限公司,一级行业指数,20031231,1000.0,20120629
h40007.SH,180金地全收益,SSE,中证指数有限公司,主题指数,20031231,1000.0,20120629
h40008.SH,180信息全收益,SSE,中证指数有限公司,一级行业指数,20031231,1000.0,20120629
h40009.SH,180电信全收益,SSE,中证指数有限公司,一级行业指数,20031231,1000.0,20120629
h40010.SH,180公用全收益,SSE,中证指数有限公司,一级行业指数,20031231,1000.0,20120629
h40011.SH,沪环渤海全收益,SSE,中证指数有限公司,主题指数,20031231,1000.0,20120927
h40012.SH,沪长三角全收益,SSE,中证指数有限公司,主题指数,20031231,1000.0,20120927
h40013.SH,沪珠三角全收益,SSE,中证指数有限公司,主题指数,20031231,1000.0,20120927
h40014.SH,沪中部全收益,SSE,中证指数有限公司,主题指数,20031231,1000.0,20120927
h40015.SH,沪西部全收益,SSE,中证指数有限公司,主题指数,20031231,1000.0,20120927
h40016.SH,沪东北全收益,SSE,中证指数有限公司,主题指数,20031231,1000.0,20120927
h40017.SH,沪信息业全收益,SSE,中证指数有限公司,主题指数,20051230,1000.0,20121220
h40018.SH,上证文化全收益,SSE,中证指数有限公司,主题指数,20120629,1000.0,20130326
h40019.SH,上红回报全收益,SSE,中证指数有限公司,主题指数,20051230,1000.0,20130327
h40020.SH,上红潜力全收益,SSE,中证指数有限公司,主题指数,20051230,1000.0,20130702
h40021.SH,沪能源红全收益,SSE,中证指数有限公司,策略指数,20051230,1000.0,20130702
h40022.SH,沪材料红全收益,SSE,中证指数有限公司,策略指数,20051230,1000.0,20130702
h40023.SH,沪工业红全收益,SSE,中证指数有限公司,策略指数,20051230,1000.0,20130702
h40024.SH,沪可选红全收益,SSE,中证指数有限公司,策略指数,20051230,1000.0,20130702
h40025.SH,沪消费红全收益,SSE,中证指数有限公司,策略指数,20051230,1000.0,20130702
h40026.SH,沪医药红全收益,SSE,中证指数有限公司,策略指数,20051230,1000.0,20130702
h40027.SH,沪金融红全收益,SSE,中证指数有限公司,策略指数,20051230,1000.0,20130702
h40028.SH,沪信息红全收益,SSE,中证指数有限公司,策略指数,20051230,1000.0,20130702
h40029.SH,沪电信红全收益,SSE,中证指数有限公司,策略指数,20051230,1000.0,20130702
h40030.SH,沪公用红全收益,SSE,中证指数有限公司,策略指数,20051230,1000.0,20130702
h40031.SH,沪绿色城全收益,SSE,中证指数有限公司,主题指数,20120629,1000.0,20130826
h40032.SH,沪城交通全收益,SSE,中证指数有限公司,主题指数,20120629,1000.0,20130826
h40033.SH,沪城消费全收益,SSE,中证指数有限公司,主题指数,20120629,1000.0,20130826
h40034.SH,沪城基建全收益,SSE,中证指数有限公司,主题指数,20120629,1000.0,20130826
h40035.SH,沪智交通全收益,SSE,中证指数有限公司,主题指数,20120629,1000.0,20130826
h40037.SH,上证城镇全收益,SSE,中证指数有限公司,主题指数,20120629,1000.0,20130826
h40038.SH,沪智慧城全收益,SSE,中证指数有限公司,主题指数,20120629,1000.0,20130826
h40085.SH,沪物联网全收益,SSE,中证指数有限公司,主题指数,20120629,1000.0,20151029
h40086.SH,沪自贸区全收益,SSE,中证指数有限公司,主题指数,20131231,1000.0,20151127
h40087.SH,上证海洋全收益,SSE,中证指数有限公司,主题指数,20091231,1000.0,20151127
h40088.SH,沪轻资产全收益,SSE,中证指数有限公司,主题指数,20041231,1000.0,20151127
h40089.SH,上证电子全收益,SSE,中证指数有限公司,主题指数,20041231,1000.0,20151127
h40090.SH,上证50优选全收益,SSE,中证指数有限公司,策略指数,20041231,1000.0,20151210
h40091.SH,上证50优选(HKD)全收益,SSE,中证指数有限公司,策略指数,20041231,1000.0,20151210
h40092.SH,上证180优选全收益,SSE,中证指数有限公司,策略指数,20041231,1000.0,20151210
h40093.SH,上证180优选(HKD)全收益,SSE,中证指数有限公司,策略指数,20041231,1000.0,20151210
h40097.SH,沪供给侧全收益,SSE,中证指数有限公司,主题指数,20131231,1000.0,20160624
h40098.SH,180SNLV全收益,SSE,中证指数有限公司,策略指数,20041231,1000.0,20160624
h40099.SH,380SNLV全收益,SSE,中证指数有限公司,策略指数,20041231,1000.0,20160624
h40100.SH,上高股息全收益,SSE,中证指数有限公司,策略指数,20041231,1000.0,20160712
h40101.SH,沪智能造全收益,SSE,中证指数有限公司,主题指数,20120629,1000.0,20160720
h40105.SH,上证证券全收益,SSE,中证指数有限公司,行业指数,20121231,1000.0,20161018
h40106.SH,上证创新全收益,SSE,中证指数有限公司,主题指数,20121231,1000.0,20161019
h40107.SH,380创新全收益,SSE,中证指数有限公司,主题指数,20121231,1000.0,20161019
h50001.SH,180能源,SSE,中证指数有限公司,一级行业指数,20031231,1000.0,20120629
h50002.SH,180材料,SSE,中证指数有限公司,一级行业指数,20031231,1000.0,20120629
h50003.SH,180工业,SSE,中证指数有限公司,一级行业指数,20031231,1000.0,20120629
h50004.SH,180可选,SSE,中证指数有限公司,一级行业指数,20031231,1000.0,20120629
h50005.SH,180消费,SSE,中证指数有限公司,一级行业指数,20031231,1000.0,20120629
h50006.SH,180医药,SSE,中证指数有限公司,一级行业指数,20031231,1000.0,20120629
h50007.SH,180金融地产,SSE,中证指数有限公司,主题指数,20031231,1000.0,20120629
h50008.SH,180信息,SSE,中证指数有限公司,一级行业指数,20031231,1000.0,20120629
h50009.SH,上证180通信,SSE,中证指数有限公司,一级行业指数,20031231,1000.0,20120629
h50010.SH,180公用,SSE,中证指数有限公司,一级行业指数,20031231,1000.0,20120629
h50011.SH,沪环渤海,SSE,中证指数有限公司,主题指数,20031231,1000.0,20120927
h50012.SH,沪长三角,SSE,中证指数有限公司,主题指数,20031231,1000.0,20120927
h50013.SH,沪珠三角,SSE,中证指数有限公司,主题指数,20031231,1000.0,20120927
h50014.SH,沪中部,SSE,中证指数有限公司,主题指数,20031231,1000.0,20120927
h50015.SH,沪西部,SSE,中证指数有限公司,主题指数,20031231,1000.0,20120927
h50016.SH,沪东北,SSE,中证指数有限公司,主题指数,20031231,1000.0,20120927
h50017.SH,沪信息业,SSE,中证指数有限公司,主题指数,20051230,1000.0,20121220
h50018.SH,上证文化,SSE,中证指数有限公司,主题指数,20120629,1000.0,20130326
h50019.SH,上红回报,SSE,中证指数有限公司,主题指数,20051230,1000.0,20130327
h50020.SH,上红潜力,SSE,中证指数有限公司,主题指数,20051230,1000.0,20130702
h50021.SH,沪能源红,SSE,中证指数有限公司,策略指数,20051230,1000.0,20130702
h50022.SH,沪材料红,SSE,中证指数有限公司,策略指数,20051230,1000.0,20130702
h50023.SH,沪工业红,SSE,中证指数有限公司,策略指数,20051230,1000.0,20130702
h50024.SH,沪可选红,SSE,中证指数有限公司,策略指数,20051230,1000.0,20130702
h50025.SH,沪消费红,SSE,中证指数有限公司,策略指数,20051230,1000.0,20130702
h50026.SH,沪医药红,SSE,中证指数有限公司,策略指数,20051230,1000.0,20130702
h50027.SH,沪金融红,SSE,中证指数有限公司,策略指数,20051230,1000.0,20130702
h50028.SH,沪信息红,SSE,中证指数有限公司,策略指数,20051230,1000.0,20130702
h50029.SH,沪通信红,SSE,中证指数有限公司,策略指数,20051230,1000.0,20130702
h50030.SH,沪公用红,SSE,中证指数有限公司,策略指数,20051230,1000.0,20130702
h50031.SH,沪绿色城,SSE,中证指数有限公司,主题指数,20120629,1000.0,20130826
h50032.SH,沪城交通,SSE,中证指数有限公司,主题指数,20120629,1000.0,20130826
h50033.SH,沪城消费,SSE,中证指数有限公司,主题指数,20120629,1000.0,20130826
h50034.SH,沪城基建,SSE,中证指数有限公司,主题指数,20120629,1000.0,20130826
h50035.SH,沪智交通,SSE,中证指数有限公司,主题指数,20120629,1000.0,20130826
h50037.SH,上证城镇,SSE,中证指数有限公司,主题指数,20120629,1000.0,20130826
h50038.SH,沪智慧城,SSE,中证指数有限公司,主题指数,20120629,1000.0,20130826
h50039.SH,上证TMT,SSE,中证指数有限公司,主题指数,20110630,1000.0,20131225
IVIX.SH,中国波指,SSE,上海证券交易所,其他,,,20150626
n00009.SH,上证380净收益,SSE,中证指数有限公司,规模指数,20031231,1000.0,20130208
n00010.SH,上证180净收益,SSE,中证指数有限公司,规模指数,20020628,3299.06,20130208
n00016.SH,上证50净收益,SSE,中证指数有限公司,规模指数,20031231,1000.0,20130208
n00043.SH,上证超级大盘净收益,SSE,中证指数有限公司,规模指数,20031231,1000.0,20130208
n00044.SH,上证中盘净收益,SSE,中证指数有限公司,规模指数,20031231,1000.0,20130208
n00045.SH,上证小盘净收益,SSE,中证指数有限公司,规模指数,20031231,1000.0,20130208
n00046.SH,上证中小净收益,SSE,中证指数有限公司,规模指数,20031231,1000.0,20130208
n00047.SH,上证全指净收益,SSE,中证指数有限公司,规模指数,20031231,1000.0,20130208
n00132.SH,上证100净收益,SSE,中证指数有限公司,规模指数,20031231,1000.0,20130208
n00133.SH,上证150净收益,SSE,中证指数有限公司,规模指数,20031231,1000.0,20130208
n00155.SH,市值百强净收益,SSE,中证指数有限公司,规模指数,20031231,1000.0,20200311
n00852.SH,中证1000净收益,SSE,中证指数有限公司,规模指数,20041231,1000.0,20200306
n21459.SH,中证800(净)USD,SSE,中证指数有限公司,规模指数,20041231,1000.0,20200311
n21460.SH,中证1000(净)USD,SSE,中证指数有限公司,规模指数,20041231,1000.0,20200311
T00901.SH,小康指数(旧)(退市),SSE,中证指数有限公司,主题指数,20051230,1000.0,20060109
