Date,FEDFUNDS,DGS2,DGS10,DGS30,MORTGAGE30US,T10Y2Y
2020-01-01,1.55,,,,,
2020-01-02,,1.58,1.88,2.33,3.72,0.3
2020-01-03,,1.53,1.8,2.26,,0.27
2020-01-06,,1.54,1.81,2.28,,0.27
2020-01-07,,1.54,1.83,2.31,,0.29
2020-01-08,,1.58,1.87,2.35,,0.29
2020-01-09,,1.58,1.85,2.38,3.64,0.27
2020-01-10,,1.56,1.83,2.28,,0.27
2020-01-13,,1.58,1.85,2.3,,0.27
2020-01-14,,1.58,1.82,2.27,,0.24
2020-01-15,,1.56,1.79,2.23,,0.23
2020-01-16,,1.58,1.81,2.26,3.65,0.23
2020-01-17,,1.58,1.84,2.29,,0.26
2020-01-21,,1.53,1.78,2.23,,0.25
2020-01-22,,1.53,1.77,2.22,,0.24
2020-01-23,,1.51,1.74,2.18,3.6,0.23
2020-01-24,,1.49,1.7,2.14,,0.21
2020-01-27,,1.44,1.61,2.05,,0.17
2020-01-28,,1.45,1.65,2.1,,0.2
2020-01-29,,1.42,1.6,2.05,,0.18
2020-01-30,,1.41,1.57,2.04,3.51,0.16
2020-01-31,,1.33,1.51,1.99,,0.18
2020-02-01,1.58,,,,,
2020-02-03,,1.36,1.54,2.01,,0.18
2020-02-04,,1.41,1.61,2.08,,0.2
2020-02-05,,1.44,1.66,2.14,,0.22
2020-02-06,,1.44,1.65,2.11,3.45,0.21
2020-02-07,,1.41,1.59,2.05,,0.18
2020-02-10,,1.37,1.56,2.03,,0.19
2020-02-11,,1.41,1.59,2.05,,0.18
2020-02-12,,1.44,1.62,2.09,,0.18
2020-02-13,,1.44,1.61,2.07,3.47,0.17
2020-02-14,,1.42,1.59,2.04,,0.17
2020-02-18,,1.41,1.55,2.0,,0.14
2020-02-19,,1.42,1.56,2.01,,0.14
2020-02-20,,1.39,1.52,1.97,3.49,0.13
2020-02-21,,1.34,1.46,1.9,,0.12
2020-02-24,,1.26,1.38,1.84,,0.12
2020-02-25,,1.2,1.33,1.8,,0.13
2020-02-26,,1.16,1.33,1.81,,0.17
2020-02-27,,1.11,1.3,1.79,3.45,0.19
2020-02-28,,0.86,1.13,1.65,,0.27
2020-03-01,0.65,,,,,
2020-03-02,,0.84,1.1,1.66,,0.26
2020-03-03,,0.71,1.02,1.64,,0.31
2020-03-04,,0.67,1.02,1.67,,0.35
2020-03-05,,0.59,0.92,1.56,3.29,0.33
2020-03-06,,0.49,0.74,1.25,,0.25
2020-03-09,,0.38,0.54,0.99,,0.16
2020-03-10,,0.5,0.76,1.28,,0.26
2020-03-11,,0.5,0.82,1.3,,0.32
2020-03-12,,0.5,0.88,1.49,3.36,0.38
2020-03-13,,0.49,0.94,1.56,,0.45
2020-03-16,,0.36,0.73,1.34,,0.37
2020-03-17,,0.47,1.02,1.63,,0.55
2020-03-18,,0.54,1.18,1.77,,0.64
2020-03-19,,0.44,1.12,1.78,3.65,0.68
2020-03-20,,0.37,0.92,1.55,,0.55
2020-03-23,,0.28,0.76,1.33,,0.48
2020-03-24,,0.38,0.84,1.39,,0.46
2020-03-25,,0.34,0.88,1.45,,0.54
2020-03-26,,0.3,0.83,1.42,3.5,0.53
2020-03-27,,0.25,0.72,1.29,,0.47
2020-03-30,,0.23,0.7,1.31,,0.47
2020-03-31,,0.23,0.7,1.35,,0.47
2020-04-01,0.05,0.23,0.62,1.27,,0.39
2020-04-02,,0.23,0.63,1.26,3.33,0.4
2020-04-03,,0.23,0.62,1.24,,0.39
2020-04-06,,0.27,0.67,1.27,,0.4
2020-04-07,,0.28,0.75,1.32,,0.47
2020-04-08,,0.27,0.77,1.37,,0.5
2020-04-09,,0.23,0.73,1.35,3.33,0.5
2020-04-13,,0.25,0.76,1.39,,0.51
2020-04-14,,0.23,0.76,1.41,,0.53
2020-04-15,,0.2,0.63,1.27,,0.43
2020-04-16,,0.2,0.61,1.21,3.31,0.41
2020-04-17,,0.2,0.65,1.27,,0.45
2020-04-20,,0.2,0.63,1.23,,0.43
2020-04-21,,0.2,0.58,1.17,,0.38
2020-04-22,,0.22,0.63,1.22,,0.41
2020-04-23,,0.22,0.61,1.18,3.33,0.39
2020-04-24,,0.22,0.6,1.17,,0.38
2020-04-27,,0.24,0.67,1.25,,0.43
2020-04-28,,0.2,0.62,1.2,,0.42
2020-04-29,,0.2,0.63,1.24,,0.43
2020-04-30,,0.2,0.64,1.28,3.23,0.44
2020-05-01,0.05,0.2,0.64,1.27,,0.44
2020-05-04,,0.19,0.64,1.29,,0.45
2020-05-05,,0.19,0.66,1.32,,0.47
2020-05-06,,0.17,0.72,1.41,,0.55
2020-05-07,,0.13,0.63,1.31,3.26,0.5
2020-05-08,,0.16,0.69,1.39,,0.53
2020-05-11,,0.17,0.73,1.43,,0.56
2020-05-12,,0.17,0.69,1.38,,0.52
2020-05-13,,0.16,0.64,1.35,,0.48
2020-05-14,,0.16,0.63,1.3,3.28,0.47
2020-05-15,,0.16,0.64,1.32,,0.48
2020-05-18,,0.18,0.73,1.44,,0.55
2020-05-19,,0.17,0.7,1.43,,0.53
2020-05-20,,0.16,0.68,1.4,,0.52
2020-05-21,,0.17,0.68,1.4,3.24,0.51
2020-05-22,,0.17,0.66,1.37,,0.49
2020-05-26,,0.18,0.69,1.43,,0.51
2020-05-27,,0.19,0.68,1.44,,0.49
2020-05-28,,0.17,0.7,1.47,3.15,0.53
2020-05-29,,0.16,0.65,1.41,,0.49
2020-06-01,0.08,0.14,0.66,1.46,,0.52
2020-06-02,,0.17,0.68,1.48,,0.51
2020-06-03,,0.19,0.77,1.56,,0.58
2020-06-04,,0.19,0.82,1.61,3.18,0.63
2020-06-05,,0.22,0.91,1.68,,0.69
2020-06-08,,0.22,0.88,1.65,,0.66
2020-06-09,,0.2,0.84,1.59,,0.64
2020-06-10,,0.17,0.75,1.53,,0.58
2020-06-11,,0.19,0.66,1.41,3.21,0.47
2020-06-12,,0.19,0.71,1.45,,0.52
2020-06-15,,0.19,0.71,1.45,,0.52
2020-06-16,,0.21,0.75,1.54,,0.54
2020-06-17,,0.19,0.74,1.52,,0.55
2020-06-18,,0.19,0.71,1.47,3.13,0.52
2020-06-19,,0.19,0.7,1.47,,0.51
2020-06-22,,0.19,0.71,1.46,,0.52
2020-06-23,,0.18,0.72,1.49,,0.54
2020-06-24,,0.19,0.69,1.44,,0.5
2020-06-25,,0.17,0.68,1.43,3.13,0.51
2020-06-26,,0.17,0.64,1.37,,0.47
2020-06-29,,0.16,0.64,1.39,,0.48
2020-06-30,,0.16,0.66,1.41,,0.5
2020-07-01,0.09,0.17,0.69,1.43,,0.52
2020-07-02,,0.16,0.68,1.43,3.07,0.52
2020-07-06,,0.16,0.69,1.45,,0.53
2020-07-07,,0.16,0.65,1.38,,0.49
2020-07-08,,0.16,0.67,1.39,,0.51
2020-07-09,,0.16,0.62,1.32,3.03,0.46
2020-07-10,,0.16,0.65,1.33,,0.49
2020-07-13,,0.16,0.64,1.33,,0.48
2020-07-14,,0.14,0.63,1.3,,0.49
2020-07-15,,0.16,0.64,1.33,,0.48
2020-07-16,,0.16,0.62,1.31,2.98,0.46
2020-07-17,,0.14,0.64,1.33,,0.5
2020-07-20,,0.16,0.62,1.32,,0.46
2020-07-21,,0.14,0.61,1.31,,0.47
2020-07-22,,0.14,0.6,1.29,,0.46
2020-07-23,,0.16,0.59,1.24,3.01,0.43
2020-07-24,,0.14,0.59,1.23,,0.45
2020-07-27,,0.15,0.62,1.25,,0.47
2020-07-28,,0.14,0.59,1.22,,0.45
2020-07-29,,0.12,0.58,1.24,,0.46
2020-07-30,,0.11,0.55,1.2,2.99,0.44
2020-07-31,,0.11,0.55,1.2,,0.44
2020-08-01,0.1,,,,,
2020-08-03,,0.11,0.56,1.23,,0.45
2020-08-04,,0.11,0.52,1.19,,0.41
2020-08-05,,0.11,0.55,1.22,,0.44
2020-08-06,,0.11,0.55,1.2,2.88,0.44
2020-08-07,,0.13,0.57,1.23,,0.44
2020-08-10,,0.14,0.59,1.25,,0.45
2020-08-11,,0.16,0.64,1.32,,0.48
2020-08-12,,0.16,0.69,1.37,,0.53
2020-08-13,,0.16,0.71,1.42,2.96,0.55
2020-08-14,,0.14,0.71,1.45,,0.57
2020-08-17,,0.14,0.69,1.43,,0.55
2020-08-18,,0.14,0.67,1.4,,0.53
2020-08-19,,0.14,0.68,1.42,,0.54
2020-08-20,,0.13,0.65,1.38,2.99,0.52
2020-08-21,,0.16,0.64,1.35,,0.48
2020-08-24,,0.14,0.65,1.35,,0.51
2020-08-25,,0.15,0.69,1.39,,0.54
2020-08-26,,0.16,0.69,1.41,,0.53
2020-08-27,,0.16,0.74,1.5,2.91,0.58
2020-08-28,,0.14,0.74,1.52,,0.6
2020-08-31,,0.14,0.72,1.49,,0.58
2020-09-01,0.09,0.13,0.68,1.43,,0.55
2020-09-02,,0.14,0.66,1.38,,0.52
2020-09-03,,0.13,0.63,1.34,2.93,0.5
2020-09-04,,0.14,0.72,1.46,,0.58
2020-09-08,,0.14,0.69,1.43,,0.55
2020-09-09,,0.14,0.71,1.45,,0.57
2020-09-10,,0.14,0.68,1.43,2.86,0.54
2020-09-11,,0.13,0.67,1.42,,0.54
2020-09-14,,0.14,0.68,1.42,,0.54
2020-09-15,,0.14,0.68,1.43,,0.54
2020-09-16,,0.14,0.69,1.45,,0.55
2020-09-17,,0.13,0.69,1.43,2.87,0.56
2020-09-18,,0.14,0.7,1.45,,0.56
2020-09-21,,0.14,0.68,1.43,,0.54
2020-09-22,,0.13,0.68,1.42,,0.55
2020-09-23,,0.14,0.68,1.42,,0.54
2020-09-24,,0.14,0.67,1.4,2.9,0.53
2020-09-25,,0.12,0.66,1.4,,0.54
2020-09-28,,0.14,0.67,1.42,,0.53
2020-09-29,,0.11,0.66,1.41,,0.55
2020-09-30,,0.13,0.69,1.46,,0.56
2020-10-01,0.09,0.14,0.68,1.45,2.88,0.54
2020-10-02,,0.13,0.7,1.48,,0.57
2020-10-05,,0.14,0.78,1.57,,0.64
2020-10-06,,0.14,0.76,1.56,,0.62
2020-10-07,,0.16,0.81,1.6,,0.65
2020-10-08,,0.13,0.78,1.57,2.87,0.65
2020-10-09,,0.16,0.79,1.58,,0.63
2020-10-13,,0.16,0.74,1.52,,0.58
2020-10-14,,0.14,0.73,1.5,,0.59
2020-10-15,,0.14,0.74,1.52,2.81,0.6
2020-10-16,,0.14,0.76,1.52,,0.62
2020-10-19,,0.16,0.78,1.55,,0.62
2020-10-20,,0.14,0.81,1.6,,0.67
2020-10-21,,0.14,0.83,1.62,,0.69
2020-10-22,,0.16,0.87,1.67,2.8,0.71
2020-10-23,,0.18,0.85,1.64,,0.67
2020-10-26,,0.16,0.81,1.59,,0.65
2020-10-27,,0.16,0.79,1.57,,0.63
2020-10-28,,0.16,0.79,1.56,,0.63
2020-10-29,,0.16,0.85,1.62,2.81,0.69
2020-10-30,,0.14,0.88,1.65,,0.74
2020-11-01,0.09,,,,,
2020-11-02,,0.16,0.87,1.63,,0.71
2020-11-03,,0.17,0.9,1.66,,0.73
2020-11-04,,0.14,0.78,1.55,,0.64
2020-11-05,,0.14,0.79,1.54,2.78,0.65
2020-11-06,,0.16,0.83,1.6,,0.67
2020-11-09,,0.17,0.96,1.73,,0.79
2020-11-10,,0.19,0.98,1.75,,0.79
2020-11-12,,0.17,0.88,1.64,2.84,0.71
2020-11-13,,0.17,0.89,1.65,,0.72
2020-11-16,,0.19,0.91,1.66,,0.72
2020-11-17,,0.18,0.87,1.62,,0.69
2020-11-18,,0.16,0.88,1.62,,0.72
2020-11-19,,0.18,0.86,1.58,2.72,0.68
2020-11-20,,0.16,0.83,1.53,,0.67
2020-11-23,,0.16,0.86,1.56,,0.7
2020-11-24,,0.16,0.88,1.6,,0.72
2020-11-25,,0.17,0.88,1.62,2.72,0.71
2020-11-27,,0.16,0.84,1.57,,0.68
2020-11-30,,0.16,0.84,1.58,,0.68
2020-12-01,0.09,0.17,0.92,1.66,,0.75
2020-12-02,,0.16,0.95,1.7,,0.79
2020-12-03,,0.16,0.92,1.67,2.71,0.76
2020-12-04,,0.16,0.97,1.73,,0.81
2020-12-07,,0.14,0.94,1.69,,0.8
2020-12-08,,0.14,0.92,1.67,,0.78
2020-12-09,,0.16,0.95,1.69,,0.79
2020-12-10,,0.14,0.92,1.65,2.71,0.78
2020-12-11,,0.11,0.9,1.63,,0.79
2020-12-14,,0.13,0.9,1.63,,0.77
2020-12-15,,0.11,0.92,1.65,,0.81
2020-12-16,,0.13,0.92,1.66,,0.79
2020-12-17,,0.13,0.94,1.68,2.67,0.81
2020-12-18,,0.13,0.95,1.7,,0.82
2020-12-21,,0.13,0.95,1.68,,0.82
2020-12-22,,0.13,0.93,1.65,,0.8
2020-12-23,,0.13,0.96,1.7,,0.83
2020-12-24,,0.13,0.94,1.66,2.66,0.81
2020-12-28,,0.13,0.94,1.67,,0.81
2020-12-29,,0.12,0.94,1.67,,0.82
2020-12-30,,0.12,0.93,1.66,,0.81
2020-12-31,,0.13,0.93,1.65,2.67,0.8
2021-01-01,0.09,,,,,
2021-01-04,,0.11,0.93,1.66,,0.82
2021-01-05,,0.13,0.96,1.7,,0.83
2021-01-06,,0.14,1.04,1.81,,0.9
2021-01-07,,0.14,1.08,1.85,2.65,0.94
2021-01-08,,0.14,1.13,1.87,,0.99
2021-01-11,,0.14,1.15,1.88,,1.01
2021-01-12,,0.14,1.15,1.88,,1.01
2021-01-13,,0.14,1.1,1.82,,0.96
2021-01-14,,0.16,1.15,1.88,2.79,0.99
2021-01-15,,0.13,1.11,1.85,,0.98
2021-01-19,,0.14,1.1,1.84,,0.96
2021-01-20,,0.13,1.1,1.84,,0.97
2021-01-21,,0.13,1.12,1.87,2.77,0.99
2021-01-22,,0.13,1.1,1.85,,0.97
2021-01-25,,0.13,1.05,1.8,,0.92
2021-01-26,,0.11,1.05,1.8,,0.94
2021-01-27,,0.12,1.04,1.79,,0.92
2021-01-28,,0.12,1.07,1.81,2.73,0.95
2021-01-29,,0.11,1.11,1.87,,1.0
2021-02-01,0.08,0.11,1.09,1.84,,0.98
2021-02-02,,0.11,1.12,1.87,,1.01
2021-02-03,,0.11,1.15,1.92,,1.04
2021-02-04,,0.11,1.15,1.93,2.73,1.04
2021-02-05,,0.09,1.19,1.97,,1.1
2021-02-08,,0.11,1.19,1.96,,1.08
2021-02-09,,0.11,1.18,1.95,,1.07
2021-02-10,,0.11,1.15,1.92,,1.04
2021-02-11,,0.11,1.16,1.94,2.73,1.05
2021-02-12,,0.11,1.2,2.01,,1.09
2021-02-16,,0.13,1.3,2.08,,1.17
2021-02-17,,0.11,1.29,2.06,,1.18
2021-02-18,,0.11,1.29,2.08,2.81,1.18
2021-02-19,,0.11,1.34,2.14,,1.23
2021-02-22,,0.11,1.37,2.19,,1.26
2021-02-23,,0.11,1.37,2.21,,1.26
2021-02-24,,0.12,1.38,2.24,,1.26
2021-02-25,,0.17,1.54,2.33,2.97,1.37
2021-02-26,,0.14,1.44,2.17,,1.3
2021-03-01,0.07,0.13,1.45,2.23,,1.32
2021-03-02,,0.13,1.42,2.21,,1.29
2021-03-03,,0.14,1.47,2.25,,1.33
2021-03-04,,0.14,1.54,2.3,3.02,1.4
2021-03-05,,0.14,1.56,2.28,,1.42
2021-03-08,,0.17,1.59,2.31,,1.42
2021-03-09,,0.17,1.55,2.26,,1.38
2021-03-10,,0.16,1.53,2.24,,1.37
2021-03-11,,0.14,1.54,2.29,3.05,1.4
2021-03-12,,0.14,1.64,2.4,,1.5
2021-03-15,,0.14,1.62,2.37,,1.48
2021-03-16,,0.15,1.62,2.38,,1.47
2021-03-17,,0.13,1.63,2.42,,1.5
2021-03-18,,0.16,1.71,2.45,3.09,1.55
2021-03-19,,0.16,1.74,2.45,,1.58
2021-03-22,,0.15,1.69,2.38,,1.54
2021-03-23,,0.15,1.63,2.34,,1.48
2021-03-24,,0.14,1.62,2.31,,1.48
2021-03-25,,0.14,1.63,2.34,3.17,1.49
2021-03-26,,0.14,1.67,2.37,,1.53
2021-03-29,,0.14,1.73,2.43,,1.59
2021-03-30,,0.16,1.73,2.38,,1.57
2021-03-31,,0.16,1.74,2.41,,1.58
2021-04-01,0.07,0.17,1.69,2.34,3.18,1.52
2021-04-02,,0.19,1.72,2.35,,1.53
2021-04-05,,0.17,1.73,2.36,,1.56
2021-04-06,,0.16,1.67,2.32,,1.51
2021-04-07,,0.16,1.68,2.35,,1.52
2021-04-08,,0.14,1.64,2.32,3.13,1.5
2021-04-09,,0.16,1.67,2.34,,1.51
2021-04-12,,0.18,1.69,2.34,,1.51
2021-04-13,,0.16,1.64,2.32,,1.48
2021-04-14,,0.16,1.64,2.32,,1.48
2021-04-15,,0.16,1.56,2.23,3.04,1.4
2021-04-16,,0.16,1.59,2.26,,1.43
2021-04-19,,0.16,1.61,2.29,,1.45
2021-04-20,,0.15,1.58,2.27,,1.43
2021-04-21,,0.15,1.57,2.26,,1.42
2021-04-22,,0.16,1.57,2.24,2.97,1.41
2021-04-23,,0.16,1.58,2.25,,1.42
2021-04-26,,0.18,1.58,2.24,,1.4
2021-04-27,,0.17,1.63,2.29,,1.46
2021-04-28,,0.17,1.63,2.29,,1.46
2021-04-29,,0.16,1.65,2.31,2.98,1.49
2021-04-30,,0.16,1.65,2.3,,1.49
2021-05-01,0.06,,,,,
2021-05-03,,0.16,1.63,2.3,,1.47
2021-05-04,,0.16,1.61,2.27,,1.45
2021-05-05,,0.16,1.59,2.25,,1.43
2021-05-06,,0.16,1.58,2.24,2.96,1.42
2021-05-07,,0.14,1.6,2.28,,1.46
2021-05-10,,0.16,1.63,2.32,,1.47
2021-05-11,,0.16,1.64,2.35,,1.48
2021-05-12,,0.16,1.69,2.4,,1.53
2021-05-13,,0.16,1.66,2.39,2.94,1.5
2021-05-14,,0.16,1.63,2.35,,1.47
2021-05-17,,0.16,1.64,2.36,,1.48
2021-05-18,,0.16,1.64,2.37,,1.48
2021-05-19,,0.16,1.68,2.38,,1.52
2021-05-20,,0.15,1.63,2.34,3.0,1.48
2021-05-21,,0.17,1.63,2.33,,1.46
2021-05-24,,0.15,1.61,2.31,,1.46
2021-05-25,,0.15,1.56,2.26,,1.41
2021-05-26,,0.14,1.58,2.27,,1.44
2021-05-27,,0.14,1.61,2.29,2.95,1.47
2021-05-28,,0.14,1.58,2.26,,1.44
2021-06-01,0.08,0.16,1.62,2.3,,1.46
2021-06-02,,0.13,1.59,2.28,,1.46
2021-06-03,,0.16,1.63,2.3,2.99,1.47
2021-06-04,,0.14,1.56,2.24,,1.42
2021-06-07,,0.16,1.57,2.25,,1.41
2021-06-08,,0.14,1.53,2.21,,1.39
2021-06-09,,0.16,1.5,2.17,,1.34
2021-06-10,,0.14,1.45,2.15,2.96,1.31
2021-06-11,,0.16,1.47,2.15,,1.31
2021-06-14,,0.16,1.51,2.19,,1.35
2021-06-15,,0.16,1.51,2.2,,1.35
2021-06-16,,0.21,1.57,2.2,,1.36
2021-06-17,,0.23,1.52,2.11,2.93,1.29
2021-06-18,,0.26,1.45,2.01,,1.19
2021-06-21,,0.27,1.5,2.11,,1.23
2021-06-22,,0.25,1.48,2.1,,1.23
2021-06-23,,0.26,1.5,2.11,,1.24
2021-06-24,,0.26,1.49,2.1,3.02,1.23
2021-06-25,,0.28,1.54,2.16,,1.26
2021-06-28,,0.25,1.49,2.1,,1.24
2021-06-29,,0.27,1.49,2.1,,1.22
2021-06-30,,0.25,1.45,2.06,,1.2
2021-07-01,0.1,0.25,1.48,2.07,2.98,1.23
2021-07-02,,0.24,1.44,2.05,,1.2
2021-07-06,,0.22,1.37,2.0,,1.15
2021-07-07,,0.22,1.33,1.94,,1.11
2021-07-08,,0.19,1.3,1.91,2.9,1.11
2021-07-09,,0.23,1.37,1.99,,1.14
2021-07-12,,0.23,1.38,2.0,,1.15
2021-07-13,,0.26,1.42,2.04,,1.16
2021-07-14,,0.23,1.37,1.98,,1.14
2021-07-15,,0.23,1.31,1.92,2.88,1.08
2021-07-16,,0.25,1.31,1.93,,1.06
2021-07-19,,0.21,1.19,1.81,,0.98
2021-07-20,,0.2,1.23,1.88,,1.03
2021-07-21,,0.22,1.3,1.94,,1.08
2021-07-22,,0.2,1.27,1.9,2.78,1.07
2021-07-23,,0.22,1.3,1.92,,1.08
2021-07-26,,0.22,1.29,1.93,,1.07
2021-07-27,,0.2,1.25,1.89,,1.05
2021-07-28,,0.2,1.26,1.9,,1.06
2021-07-29,,0.2,1.28,1.91,2.8,1.08
2021-07-30,,0.19,1.24,1.89,,1.05
2021-08-01,0.09,,,,,
2021-08-02,,0.17,1.2,1.86,,1.03
2021-08-03,,0.17,1.19,1.85,,1.02
2021-08-04,,0.17,1.19,1.83,,1.02
2021-08-05,,0.21,1.23,1.86,2.77,1.02
2021-08-06,,0.21,1.31,1.94,,1.1
2021-08-09,,0.23,1.33,1.96,,1.1
2021-08-10,,0.24,1.36,1.99,,1.12
2021-08-11,,0.23,1.35,1.99,,1.12
2021-08-12,,0.23,1.36,2.03,2.87,1.13
2021-08-13,,0.23,1.29,1.94,,1.06
2021-08-16,,0.21,1.26,1.92,,1.05
2021-08-17,,0.23,1.26,1.92,,1.03
2021-08-18,,0.23,1.27,1.91,,1.04
2021-08-19,,0.22,1.24,1.88,2.86,1.02
2021-08-20,,0.23,1.26,1.87,,1.03
2021-08-23,,0.23,1.25,1.87,,1.02
2021-08-24,,0.24,1.29,1.91,,1.05
2021-08-25,,0.23,1.35,1.96,,1.12
2021-08-26,,0.25,1.34,1.94,2.87,1.09
2021-08-27,,0.22,1.31,1.91,,1.09
2021-08-30,,0.2,1.29,1.9,,1.09
2021-08-31,,0.2,1.3,1.92,,1.1
2021-09-01,0.08,0.2,1.31,1.92,,1.11
2021-09-02,,0.2,1.29,1.9,2.87,1.09
2021-09-03,,0.21,1.33,1.94,,1.12
2021-09-07,,0.22,1.38,1.99,,1.16
2021-09-08,,0.22,1.35,1.95,,1.13
2021-09-09,,0.23,1.3,1.9,2.88,1.07
2021-09-10,,0.23,1.35,1.94,,1.12
2021-09-13,,0.21,1.33,1.91,,1.12
2021-09-14,,0.21,1.28,1.85,,1.07
2021-09-15,,0.21,1.31,1.87,,1.1
2021-09-16,,0.23,1.34,1.88,2.86,1.11
2021-09-17,,0.23,1.37,1.91,,1.14
2021-09-20,,0.23,1.31,1.85,,1.08
2021-09-21,,0.22,1.33,1.86,,1.11
2021-09-22,,0.25,1.32,1.84,,1.07
2021-09-23,,0.27,1.41,1.92,2.88,1.14
2021-09-24,,0.29,1.47,1.99,,1.18
2021-09-27,,0.31,1.48,1.99,,1.17
2021-09-28,,0.31,1.54,2.07,,1.23
2021-09-29,,0.3,1.55,2.09,,1.25
2021-09-30,,0.28,1.52,2.08,3.01,1.24
2021-10-01,0.08,0.27,1.48,2.04,,1.21
2021-10-04,,0.27,1.49,2.05,,1.22
2021-10-05,,0.28,1.54,2.1,,1.26
2021-10-06,,0.3,1.53,2.08,,1.23
2021-10-07,,0.32,1.58,2.13,2.99,1.26
2021-10-08,,0.32,1.61,2.16,,1.29
2021-10-12,,0.35,1.59,2.1,,1.24
2021-10-13,,0.37,1.56,2.05,,1.19
2021-10-14,,0.36,1.52,2.02,3.05,1.16
2021-10-15,,0.41,1.59,2.05,,1.18
2021-10-18,,0.44,1.59,2.01,,1.15
2021-10-19,,0.41,1.65,2.09,,1.24
2021-10-20,,0.4,1.65,2.12,,1.25
2021-10-21,,0.45,1.68,2.13,3.09,1.23
2021-10-22,,0.48,1.66,2.08,,1.18
2021-10-25,,0.47,1.64,2.09,,1.17
2021-10-26,,0.47,1.63,2.05,,1.16
2021-10-27,,0.5,1.54,1.95,,1.04
2021-10-28,,0.5,1.57,1.96,3.14,1.07
2021-10-29,,0.48,1.55,1.93,,1.07
2021-11-01,0.08,0.5,1.58,1.98,,1.08
2021-11-02,,0.46,1.56,1.96,,1.1
2021-11-03,,0.47,1.6,2.0,,1.13
2021-11-04,,0.41,1.53,1.96,3.09,1.12
2021-11-05,,0.39,1.45,1.87,,1.06
2021-11-08,,0.45,1.51,1.89,,1.06
2021-11-09,,0.41,1.46,1.83,,1.05
2021-11-10,,0.51,1.56,1.92,2.98,1.05
2021-11-12,,0.53,1.58,1.95,,1.05
2021-11-15,,0.53,1.63,2.01,,1.1
2021-11-16,,0.54,1.63,2.02,,1.09
2021-11-17,,0.52,1.6,2.0,,1.08
2021-11-18,,0.52,1.59,1.97,3.1,1.07
2021-11-19,,0.52,1.54,1.91,,1.02
2021-11-22,,0.63,1.63,1.98,,1.0
2021-11-23,,0.6,1.67,2.02,,1.07
2021-11-24,,0.64,1.64,1.96,3.1,1.0
2021-11-26,,0.5,1.48,1.83,,0.98
2021-11-29,,0.51,1.52,1.87,,1.01
2021-11-30,,0.52,1.43,1.78,,0.91
2021-12-01,0.08,0.56,1.43,1.77,,0.87
2021-12-02,,0.63,1.44,1.76,3.11,0.81
2021-12-03,,0.6,1.35,1.69,,0.75
2021-12-06,,0.65,1.43,1.75,,0.78
2021-12-07,,0.7,1.48,1.8,,0.78
2021-12-08,,0.68,1.52,1.87,,0.84
2021-12-09,,0.7,1.49,1.87,3.1,0.79
2021-12-10,,0.67,1.48,1.88,,0.81
2021-12-13,,0.66,1.42,1.81,,0.76
2021-12-14,,0.67,1.44,1.82,,0.77
2021-12-15,,0.69,1.47,1.86,,0.78
2021-12-16,,0.64,1.44,1.87,3.12,0.8
2021-12-17,,0.66,1.41,1.82,,0.75
2021-12-20,,0.65,1.43,1.85,,0.78
2021-12-21,,0.7,1.48,1.89,,0.78
2021-12-22,,0.68,1.46,1.86,,0.78
2021-12-23,,0.71,1.5,1.91,3.05,0.79
2021-12-27,,0.76,1.48,1.88,,0.72
2021-12-28,,0.74,1.49,1.9,,0.75
2021-12-29,,0.75,1.55,1.96,,0.8
2021-12-30,,0.73,1.52,1.93,3.11,0.79
2021-12-31,,0.73,1.52,1.9,,0.79
2022-01-01,0.08,,,,,
2022-01-03,,0.78,1.63,2.01,,0.85
2022-01-04,,0.77,1.66,2.07,,0.89
2022-01-05,,0.83,1.71,2.09,,0.88
2022-01-06,,0.88,1.73,2.09,3.22,0.85
2022-01-07,,0.87,1.76,2.11,,0.89
2022-01-10,,0.92,1.78,2.11,,0.86
2022-01-11,,0.9,1.75,2.08,,0.85
2022-01-12,,0.92,1.74,2.08,,0.82
2022-01-13,,0.91,1.7,2.05,3.45,0.79
2022-01-14,,0.99,1.78,2.12,,0.79
2022-01-18,,1.06,1.87,2.18,,0.81
2022-01-19,,1.04,1.83,2.14,,0.79
2022-01-20,,1.08,1.83,2.14,3.56,0.75
2022-01-21,,1.01,1.75,2.07,,0.74
2022-01-24,,0.99,1.75,2.1,,0.76
2022-01-25,,1.02,1.78,2.12,,0.76
2022-01-26,,1.13,1.85,2.16,,0.72
2022-01-27,,1.18,1.81,2.09,3.55,0.63
2022-01-28,,1.15,1.78,2.07,,0.63
2022-01-31,,1.18,1.79,2.11,,0.61
2022-02-01,0.08,1.18,1.81,2.12,,0.63
2022-02-02,,1.16,1.78,2.11,,0.62
2022-02-03,,1.19,1.82,2.14,3.55,0.63
2022-02-04,,1.31,1.93,2.23,,0.62
2022-02-07,,1.3,1.92,2.22,,0.62
2022-02-08,,1.35,1.96,2.25,,0.61
2022-02-09,,1.36,1.94,2.25,,0.58
2022-02-10,,1.61,2.03,2.3,3.69,0.42
2022-02-11,,1.5,1.92,2.24,,0.42
2022-02-14,,1.58,1.98,2.29,,0.4
2022-02-15,,1.58,2.05,2.37,,0.47
2022-02-16,,1.52,2.03,2.34,,0.51
2022-02-17,,1.49,1.97,2.31,3.92,0.48
2022-02-18,,1.47,1.92,2.24,,0.45
2022-02-22,,1.56,1.94,2.24,,0.38
2022-02-23,,1.58,1.99,2.29,,0.41
2022-02-24,,1.54,1.96,2.28,3.89,0.42
2022-02-25,,1.55,1.97,2.29,,0.42
2022-02-28,,1.44,1.83,2.17,,0.39
2022-03-01,0.2,1.31,1.72,2.11,,0.41
2022-03-02,,1.5,1.86,2.24,,0.36
2022-03-03,,1.53,1.86,2.24,3.76,0.33
2022-03-04,,1.5,1.74,2.16,,0.24
2022-03-07,,1.55,1.78,2.19,,0.23
2022-03-08,,1.63,1.86,2.24,,0.23
2022-03-09,,1.68,1.94,2.29,,0.26
2022-03-10,,1.72,1.98,2.38,3.85,0.26
2022-03-11,,1.75,2.0,2.36,,0.25
2022-03-14,,1.87,2.14,2.47,,0.27
2022-03-15,,1.85,2.15,2.49,,0.3
2022-03-16,,1.95,2.19,2.46,,0.24
2022-03-17,,1.94,2.2,2.5,4.16,0.26
2022-03-18,,1.97,2.14,2.42,,0.17
2022-03-21,,2.14,2.32,2.55,,0.18
2022-03-22,,2.18,2.38,2.6,,0.2
2022-03-23,,2.13,2.32,2.52,,0.19
2022-03-24,,2.13,2.34,2.51,4.42,0.21
2022-03-25,,2.3,2.48,2.6,,0.18
2022-03-28,,2.35,2.46,2.57,,0.11
2022-03-29,,2.35,2.41,2.53,,0.06
2022-03-30,,2.31,2.35,2.48,,0.04
2022-03-31,,2.28,2.32,2.44,4.67,0.04
2022-04-01,0.33,2.44,2.39,2.44,,-0.05
2022-04-04,,2.43,2.42,2.48,,-0.01
2022-04-05,,2.51,2.54,2.57,,0.03
2022-04-06,,2.5,2.61,2.63,,0.11
2022-04-07,,2.47,2.66,2.69,4.72,0.19
2022-04-08,,2.53,2.72,2.76,,0.19
2022-04-11,,2.5,2.79,2.84,,0.29
2022-04-12,,2.39,2.72,2.82,,0.33
2022-04-13,,2.37,2.7,2.81,,0.33
2022-04-14,,2.47,2.83,2.92,5.0,0.36
2022-04-18,,2.46,2.85,2.95,,0.39
2022-04-19,,2.61,2.93,3.01,,0.32
2022-04-20,,2.6,2.85,2.9,,0.25
2022-04-21,,2.68,2.9,2.94,5.11,0.22
2022-04-22,,2.72,2.9,2.95,,0.18
2022-04-25,,2.63,2.81,2.88,,0.18
2022-04-26,,2.54,2.77,2.86,,0.23
2022-04-27,,2.58,2.82,2.91,,0.24
2022-04-28,,2.63,2.85,2.92,5.1,0.22
2022-04-29,,2.7,2.89,2.96,,0.19
2022-05-01,0.77,,,,,
2022-05-02,,2.73,2.99,3.07,,0.26
2022-05-03,,2.78,2.97,3.03,,0.19
2022-05-04,,2.66,2.93,3.01,,0.27
2022-05-05,,2.71,3.05,3.15,5.27,0.34
2022-05-06,,2.72,3.12,3.23,,0.4
2022-05-09,,2.61,3.05,3.19,,0.44
2022-05-10,,2.62,2.99,3.12,,0.37
2022-05-11,,2.66,2.91,3.05,,0.25
2022-05-12,,2.56,2.84,3.0,5.3,0.28
2022-05-13,,2.61,2.93,3.1,,0.32
2022-05-16,,2.58,2.88,3.09,,0.3
2022-05-17,,2.71,2.98,3.17,,0.27
2022-05-18,,2.68,2.89,3.07,,0.21
2022-05-19,,2.63,2.84,3.05,5.25,0.21
2022-05-20,,2.6,2.78,2.99,,0.18
2022-05-23,,2.65,2.86,3.08,,0.21
2022-05-24,,2.5,2.76,2.98,,0.26
2022-05-25,,2.48,2.75,2.97,,0.27
2022-05-26,,2.46,2.75,2.99,5.1,0.29
2022-05-27,,2.47,2.74,2.97,,0.27
2022-05-31,,2.53,2.85,3.07,,0.32
2022-06-01,1.21,2.66,2.94,3.09,,0.28
2022-06-02,,2.65,2.92,3.09,5.09,0.27
2022-06-03,,2.66,2.96,3.11,,0.3
2022-06-06,,2.73,3.04,3.19,,0.31
2022-06-07,,2.75,2.98,3.13,,0.23
2022-06-08,,2.78,3.03,3.18,,0.25
2022-06-09,,2.83,3.04,3.18,5.23,0.21
2022-06-10,,3.06,3.15,3.2,,0.09
2022-06-13,,3.4,3.43,3.42,,0.03
2022-06-14,,3.45,3.49,3.45,,0.04
2022-06-15,,3.2,3.33,3.39,,0.13
2022-06-16,,3.14,3.28,3.35,5.78,0.14
2022-06-17,,3.17,3.25,3.3,,0.08
2022-06-21,,3.21,3.31,3.39,,0.1
2022-06-22,,3.06,3.16,3.25,,0.1
2022-06-23,,3.01,3.09,3.21,5.81,0.08
2022-06-24,,3.04,3.13,3.26,,0.09
2022-06-27,,3.08,3.2,3.31,,0.12
2022-06-28,,3.1,3.2,3.3,,0.1
2022-06-29,,3.06,3.1,3.22,,0.04
2022-06-30,,2.92,2.98,3.14,5.7,0.06
2022-07-01,1.68,2.84,2.88,3.11,,0.04
2022-07-05,,2.82,2.82,3.05,,0.0
2022-07-06,,2.97,2.93,3.14,,-0.04
2022-07-07,,3.03,3.01,3.2,5.3,-0.02
2022-07-08,,3.12,3.09,3.27,,-0.03
2022-07-11,,3.07,2.99,3.18,,-0.08
2022-07-12,,3.03,2.96,3.13,,-0.07
2022-07-13,,3.13,2.91,3.08,,-0.22
2022-07-14,,3.15,2.96,3.11,5.51,-0.19
2022-07-15,,3.13,2.93,3.1,,-0.2
2022-07-18,,3.15,2.96,3.14,,-0.19
2022-07-19,,3.23,3.01,3.17,,-0.22
2022-07-20,,3.25,3.04,3.17,,-0.21
2022-07-21,,3.1,2.91,3.08,5.54,-0.19
2022-07-22,,2.98,2.77,3.0,,-0.21
2022-07-25,,3.0,2.81,3.04,,-0.19
2022-07-26,,3.02,2.81,3.03,,-0.21
2022-07-27,,2.96,2.78,3.03,,-0.18
2022-07-28,,2.85,2.68,3.02,5.3,-0.17
2022-07-29,,2.89,2.67,3.0,,-0.22
2022-08-01,2.33,2.9,2.6,2.92,,-0.3
2022-08-02,,3.06,2.75,3.0,,-0.31
2022-08-03,,3.1,2.73,2.96,,-0.37
2022-08-04,,3.03,2.68,2.97,4.99,-0.35
2022-08-05,,3.24,2.83,3.06,,-0.41
2022-08-08,,3.21,2.77,3.0,,-0.44
2022-08-09,,3.28,2.8,3.01,,-0.48
2022-08-10,,3.23,2.78,3.04,,-0.45
2022-08-11,,3.23,2.87,3.15,5.22,-0.36
2022-08-12,,3.25,2.84,3.12,,-0.41
2022-08-15,,3.2,2.79,3.1,,-0.41
2022-08-16,,3.25,2.82,3.11,,-0.43
2022-08-17,,3.28,2.89,3.15,,-0.39
2022-08-18,,3.22,2.88,3.14,5.13,-0.34
2022-08-19,,3.25,2.98,3.22,,-0.27
2022-08-22,,3.32,3.03,3.24,,-0.29
2022-08-23,,3.29,3.05,3.26,,-0.24
2022-08-24,,3.36,3.11,3.32,,-0.25
2022-08-25,,3.35,3.03,3.25,5.55,-0.32
2022-08-26,,3.37,3.04,3.21,,-0.33
2022-08-29,,3.42,3.12,3.25,,-0.3
2022-08-30,,3.46,3.11,3.23,,-0.35
2022-08-31,,3.45,3.15,3.27,,-0.3
2022-09-01,2.56,3.51,3.26,3.37,5.66,-0.25
2022-09-02,,3.4,3.2,3.35,,-0.2
2022-09-06,,3.5,3.33,3.49,,-0.17
2022-09-07,,3.45,3.27,3.42,,-0.18
2022-09-08,,3.48,3.29,3.45,5.89,-0.19
2022-09-09,,3.56,3.33,3.47,,-0.23
2022-09-12,,3.58,3.37,3.53,,-0.21
2022-09-13,,3.75,3.42,3.51,,-0.33
2022-09-14,,3.78,3.41,3.47,,-0.37
2022-09-15,,3.87,3.45,3.48,6.02,-0.42
2022-09-16,,3.85,3.45,3.52,,-0.4
2022-09-19,,3.95,3.49,3.52,,-0.46
2022-09-20,,3.96,3.57,3.59,,-0.39
2022-09-21,,4.02,3.51,3.5,,-0.51
2022-09-22,,4.11,3.7,3.65,6.29,-0.41
2022-09-23,,4.2,3.69,3.61,,-0.51
2022-09-26,,4.27,3.88,3.72,,-0.39
2022-09-27,,4.3,3.97,3.87,,-0.33
2022-09-28,,4.07,3.72,3.7,,-0.35
2022-09-29,,4.16,3.76,3.71,6.7,-0.4
2022-09-30,,4.22,3.83,3.79,,-0.39
2022-10-01,3.08,,,,,
2022-10-03,,4.12,3.67,3.73,,-0.45
2022-10-04,,4.1,3.62,3.7,,-0.48
2022-10-05,,4.15,3.76,3.78,,-0.39
2022-10-06,,4.23,3.83,3.81,6.66,-0.4
2022-10-07,,4.3,3.89,3.86,,-0.41
2022-10-11,,4.3,3.93,3.92,,-0.37
2022-10-12,,4.28,3.91,3.9,,-0.37
2022-10-13,,4.47,3.97,3.97,6.92,-0.5
2022-10-14,,4.48,4.0,3.99,,-0.48
2022-10-17,,4.45,4.02,4.04,,-0.43
2022-10-18,,4.43,4.01,4.04,,-0.42
2022-10-19,,4.55,4.14,4.15,,-0.41
2022-10-20,,4.62,4.24,4.24,6.94,-0.38
2022-10-21,,4.49,4.21,4.33,,-0.28
2022-10-24,,4.5,4.25,4.4,,-0.25
2022-10-25,,4.42,4.1,4.26,,-0.32
2022-10-26,,4.39,4.04,4.19,,-0.35
2022-10-27,,4.3,3.96,4.12,7.08,-0.34
2022-10-28,,4.41,4.02,4.15,,-0.39
2022-10-31,,4.51,4.1,4.22,,-0.41
2022-11-01,3.78,4.54,4.07,4.14,,-0.47
2022-11-02,,4.61,4.1,4.15,,-0.51
2022-11-03,,4.71,4.14,4.18,6.95,-0.57
2022-11-04,,4.66,4.17,4.27,,-0.49
2022-11-07,,4.72,4.22,4.34,,-0.5
2022-11-08,,4.67,4.14,4.28,,-0.53
2022-11-09,,4.61,4.12,4.31,,-0.49
2022-11-10,,4.34,3.82,4.03,7.08,-0.52
2022-11-14,,4.4,3.88,4.07,,-0.52
2022-11-15,,4.37,3.8,3.98,,-0.57
2022-11-16,,4.35,3.67,3.85,,-0.68
2022-11-17,,4.43,3.77,3.89,6.61,-0.66
2022-11-18,,4.51,3.82,3.92,,-0.69
2022-11-21,,4.48,3.83,3.91,,-0.65
2022-11-22,,4.47,3.76,3.83,,-0.71
2022-11-23,,4.46,3.71,3.74,6.58,-0.75
2022-11-25,,4.42,3.68,3.74,,-0.74
2022-11-28,,4.46,3.69,3.74,,-0.77
2022-11-29,,4.48,3.75,3.81,,-0.73
2022-11-30,,4.38,3.68,3.8,,-0.7
2022-12-01,4.1,4.25,3.53,3.64,6.49,-0.72
2022-12-02,,4.28,3.51,3.56,,-0.77
2022-12-05,,4.41,3.6,3.62,,-0.81
2022-12-06,,4.34,3.51,3.52,,-0.83
2022-12-07,,4.26,3.42,3.42,,-0.84
2022-12-08,,4.31,3.48,3.44,6.33,-0.83
2022-12-09,,4.33,3.57,3.56,,-0.76
2022-12-12,,4.39,3.61,3.57,,-0.78
2022-12-13,,4.22,3.51,3.53,,-0.71
2022-12-14,,4.23,3.49,3.52,,-0.74
2022-12-15,,4.23,3.44,3.48,6.31,-0.79
2022-12-16,,4.17,3.48,3.53,,-0.69
2022-12-19,,4.25,3.57,3.62,,-0.68
2022-12-20,,4.25,3.69,3.74,,-0.56
2022-12-21,,4.21,3.68,3.74,,-0.53
2022-12-22,,4.24,3.67,3.73,6.27,-0.57
2022-12-23,,4.31,3.75,3.82,,-0.56
2022-12-27,,4.32,3.84,3.93,,-0.48
2022-12-28,,4.31,3.88,3.98,,-0.43
2022-12-29,,4.34,3.83,3.92,6.42,-0.51
2022-12-30,,4.41,3.88,3.97,,-0.53
2023-01-01,4.33,,,,,
2023-01-03,,4.4,3.79,3.88,,-0.61
2023-01-04,,4.36,3.69,3.81,,-0.67
2023-01-05,,4.45,3.71,3.78,6.48,-0.74
2023-01-06,,4.24,3.55,3.67,,-0.69
2023-01-09,,4.19,3.53,3.66,,-0.66
2023-01-10,,4.24,3.61,3.74,,-0.63
2023-01-11,,4.2,3.54,3.67,,-0.66
2023-01-12,,4.12,3.43,3.56,6.33,-0.69
2023-01-13,,4.22,3.49,3.61,,-0.73
2023-01-17,,4.18,3.53,3.64,,-0.65
2023-01-18,,4.06,3.37,3.54,,-0.69
2023-01-19,,4.09,3.39,3.57,6.15,-0.7
2023-01-20,,4.14,3.48,3.66,,-0.66
2023-01-23,,4.21,3.52,3.69,,-0.69
2023-01-24,,4.12,3.46,3.62,,-0.66
2023-01-25,,4.11,3.46,3.62,,-0.65
2023-01-26,,4.17,3.49,3.62,6.13,-0.68
2023-01-27,,4.19,3.52,3.64,,-0.67
2023-01-30,,4.25,3.55,3.66,,-0.7
2023-01-31,,4.21,3.52,3.65,,-0.69
2023-02-01,4.57,4.09,3.39,3.55,,-0.7
2023-02-02,,4.09,3.4,3.55,6.09,-0.69
2023-02-03,,4.3,3.53,3.63,,-0.77
2023-02-06,,4.44,3.63,3.67,,-0.81
2023-02-07,,4.47,3.67,3.72,,-0.8
2023-02-08,,4.45,3.63,3.7,,-0.82
2023-02-09,,4.48,3.67,3.75,6.12,-0.81
2023-02-10,,4.5,3.74,3.83,,-0.76
2023-02-13,,4.52,3.72,3.79,,-0.8
2023-02-14,,4.6,3.77,3.81,,-0.83
2023-02-15,,4.62,3.81,3.85,,-0.81
2023-02-16,,4.62,3.86,3.92,6.32,-0.76
2023-02-17,,4.6,3.82,3.88,,-0.78
2023-02-21,,4.67,3.95,3.98,,-0.72
2023-02-22,,4.66,3.93,3.94,,-0.73
2023-02-23,,4.66,3.88,3.88,6.5,-0.78
2023-02-24,,4.78,3.95,3.93,,-0.83
2023-02-27,,4.78,3.92,3.93,,-0.86
2023-02-28,,4.81,3.92,3.93,,-0.89
2023-03-01,4.65,4.89,4.01,3.97,,-0.88
2023-03-02,,4.89,4.08,4.03,6.65,-0.81
2023-03-03,,4.86,3.97,3.9,,-0.89
2023-03-06,,4.89,3.98,3.92,,-0.91
2023-03-07,,5.0,3.97,3.88,,-1.03
2023-03-08,,5.05,3.98,3.88,,-1.07
2023-03-09,,4.9,3.93,3.88,6.73,-0.97
2023-03-10,,4.6,3.7,3.7,,-0.9
2023-03-13,,4.03,3.55,3.7,,-0.48
2023-03-14,,4.2,3.64,3.77,,-0.56
2023-03-15,,3.93,3.51,3.7,,-0.42
2023-03-16,,4.14,3.56,3.71,6.6,-0.58
2023-03-17,,3.81,3.39,3.6,,-0.42
2023-03-20,,3.92,3.47,3.65,,-0.45
2023-03-21,,4.17,3.59,3.73,,-0.58
2023-03-22,,3.96,3.48,3.68,,-0.48
2023-03-23,,3.76,3.38,3.66,6.42,-0.38
2023-03-24,,3.76,3.38,3.64,,-0.38
2023-03-27,,3.94,3.53,3.77,,-0.41
2023-03-28,,4.02,3.55,3.77,,-0.47
2023-03-29,,4.08,3.57,3.78,,-0.51
2023-03-30,,4.1,3.55,3.74,6.32,-0.55
2023-03-31,,4.06,3.48,3.67,,-0.58
2023-04-01,4.83,,,,,
2023-04-03,,3.97,3.43,3.64,,-0.54
2023-04-04,,3.84,3.35,3.6,,-0.49
2023-04-05,,3.79,3.3,3.56,,-0.49
2023-04-06,,3.82,3.3,3.54,6.28,-0.52
2023-04-07,,3.97,3.39,3.61,,-0.58
2023-04-10,,4.0,3.41,3.62,,-0.59
2023-04-11,,4.03,3.43,3.62,,-0.6
2023-04-12,,3.95,3.41,3.64,,-0.54
2023-04-13,,3.96,3.45,3.69,6.27,-0.51
2023-04-14,,4.08,3.52,3.74,,-0.56
2023-04-17,,4.18,3.6,3.81,,-0.58
2023-04-18,,4.19,3.58,3.79,,-0.61
2023-04-19,,4.24,3.6,3.79,,-0.64
2023-04-20,,4.14,3.54,3.75,6.39,-0.6
2023-04-21,,4.17,3.57,3.78,,-0.6
2023-04-24,,4.12,3.52,3.73,,-0.6
2023-04-25,,3.86,3.4,3.65,,-0.46
2023-04-26,,3.9,3.43,3.7,,-0.47
2023-04-27,,4.07,3.53,3.76,6.43,-0.54
2023-04-28,,4.04,3.44,3.67,,-0.6
2023-05-01,5.06,4.14,3.59,3.84,,-0.55
2023-05-02,,3.97,3.44,3.72,,-0.53
2023-05-03,,3.89,3.38,3.7,,-0.51
2023-05-04,,3.75,3.37,3.73,6.39,-0.38
2023-05-05,,3.92,3.44,3.76,,-0.48
2023-05-08,,4.0,3.52,3.84,,-0.48
2023-05-09,,4.01,3.53,3.85,,-0.48
2023-05-10,,3.9,3.43,3.8,,-0.47
2023-05-11,,3.89,3.39,3.73,6.35,-0.5
2023-05-12,,3.98,3.46,3.78,,-0.52
2023-05-15,,3.99,3.5,3.84,,-0.49
2023-05-16,,4.06,3.54,3.87,,-0.52
2023-05-17,,4.12,3.57,3.88,,-0.55
2023-05-18,,4.24,3.65,3.91,6.39,-0.59
2023-05-19,,4.28,3.7,3.95,,-0.58
2023-05-22,,4.29,3.72,3.97,,-0.57
2023-05-23,,4.26,3.7,3.96,,-0.56
2023-05-24,,4.31,3.73,3.97,,-0.58
2023-05-25,,4.5,3.83,4.01,6.57,-0.67
2023-05-26,,4.54,3.8,3.96,,-0.74
2023-05-30,,4.46,3.69,3.9,,-0.77
2023-05-31,,4.4,3.64,3.85,,-0.76
2023-06-01,5.08,4.33,3.61,3.84,6.79,-0.72
2023-06-02,,4.5,3.69,3.88,,-0.81
2023-06-05,,4.46,3.69,3.89,,-0.77
2023-06-06,,4.51,3.7,3.87,,-0.81
2023-06-07,,4.56,3.79,3.95,,-0.77
2023-06-08,,4.52,3.73,3.89,6.71,-0.79
2023-06-09,,4.59,3.75,3.89,,-0.84
2023-06-12,,4.55,3.73,3.87,,-0.82
2023-06-13,,4.67,3.84,3.94,,-0.83
2023-06-14,,4.74,3.83,3.9,,-0.91
2023-06-15,,4.62,3.72,3.85,6.69,-0.9
2023-06-16,,4.7,3.77,3.86,,-0.93
2023-06-20,,4.68,3.74,3.83,,-0.94
2023-06-21,,4.68,3.72,3.81,,-0.96
2023-06-22,,4.77,3.8,3.88,6.67,-0.97
2023-06-23,,4.71,3.74,3.82,,-0.97
2023-06-26,,4.65,3.72,3.83,,-0.93
2023-06-27,,4.74,3.77,3.84,,-0.97
2023-06-28,,4.71,3.71,3.81,,-1.0
2023-06-29,,4.87,3.85,3.92,6.71,-1.02
2023-06-30,,4.87,3.81,3.85,,-1.06
2023-07-01,5.12,,,,,
2023-07-03,,4.94,3.86,3.87,,-1.08
2023-07-05,,4.94,3.95,3.95,,-0.99
2023-07-06,,4.99,4.05,4.01,6.81,-0.94
2023-07-07,,4.94,4.06,4.05,,-0.88
2023-07-10,,4.85,4.01,4.05,,-0.84
2023-07-11,,4.88,3.99,4.03,,-0.89
2023-07-12,,4.72,3.86,3.96,,-0.86
2023-07-13,,4.59,3.76,3.9,6.96,-0.83
2023-07-14,,4.74,3.83,3.93,,-0.91
2023-07-17,,4.74,3.81,3.94,,-0.93
2023-07-18,,4.74,3.8,3.91,,-0.94
2023-07-19,,4.74,3.75,3.84,,-0.99
2023-07-20,,4.8,3.85,3.91,6.78,-0.95
2023-07-21,,4.82,3.84,3.91,,-0.98
2023-07-24,,4.81,3.86,3.92,,-0.95
2023-07-25,,4.85,3.91,3.95,,-0.94
2023-07-26,,4.82,3.86,3.94,,-0.96
2023-07-27,,4.91,4.01,4.06,6.81,-0.9
2023-07-28,,4.87,3.96,4.03,,-0.91
2023-07-31,,4.88,3.97,4.02,,-0.91
2023-08-01,5.33,4.92,4.05,4.11,,-0.87
2023-08-02,,4.88,4.08,4.17,,-0.8
2023-08-03,,4.9,4.2,4.32,6.9,-0.7
2023-08-04,,4.78,4.05,4.21,,-0.73
2023-08-07,,4.76,4.09,4.27,,-0.67
2023-08-08,,4.74,4.02,4.2,,-0.72
2023-08-09,,4.79,4.0,4.18,,-0.79
2023-08-10,,4.82,4.09,4.24,6.96,-0.73
2023-08-11,,4.89,4.16,4.27,,-0.73
2023-08-14,,4.96,4.19,4.29,,-0.77
2023-08-15,,4.92,4.21,4.32,,-0.71
2023-08-16,,4.97,4.28,4.38,,-0.69
2023-08-17,,4.94,4.3,4.41,7.09,-0.64
2023-08-18,,4.92,4.26,4.38,,-0.66
2023-08-21,,4.97,4.34,4.45,,-0.63
2023-08-22,,5.02,4.34,4.42,,-0.68
2023-08-23,,4.95,4.19,4.27,,-0.76
2023-08-24,,4.98,4.23,4.3,7.23,-0.75
2023-08-25,,5.03,4.25,4.3,,-0.78
2023-08-28,,4.98,4.2,4.29,,-0.78
2023-08-29,,4.87,4.12,4.23,,-0.75
2023-08-30,,4.9,4.12,4.23,,-0.78
2023-08-31,,4.85,4.09,4.2,7.18,-0.76
2023-09-01,5.33,4.87,4.18,4.29,,-0.69
2023-09-05,,4.94,4.27,4.38,,-0.67
2023-09-06,,5.01,4.3,4.37,,-0.71
2023-09-07,,4.94,4.27,4.36,7.12,-0.67
2023-09-08,,4.98,4.26,4.33,,-0.72
2023-09-11,,4.97,4.29,4.37,,-0.68
2023-09-12,,4.98,4.27,4.35,,-0.71
2023-09-13,,4.96,4.25,4.34,,-0.71
2023-09-14,,5.0,4.29,4.39,7.18,-0.71
2023-09-15,,5.02,4.33,4.42,,-0.69
2023-09-18,,5.05,4.32,4.4,,-0.73
2023-09-19,,5.08,4.37,4.43,,-0.71
2023-09-20,,5.12,4.35,4.4,,-0.77
2023-09-21,,5.12,4.49,4.56,7.19,-0.63
2023-09-22,,5.1,4.44,4.53,,-0.66
2023-09-25,,5.09,4.55,4.67,,-0.54
2023-09-26,,5.04,4.56,4.7,,-0.48
2023-09-27,,5.1,4.61,4.73,,-0.49
2023-09-28,,5.04,4.59,4.71,7.31,-0.45
2023-09-29,,5.03,4.59,4.73,,-0.44
2023-10-01,5.33,,,,,
2023-10-02,,5.12,4.69,4.81,,-0.43
2023-10-03,,5.15,4.81,4.95,,-0.34
2023-10-04,,5.05,4.73,4.87,,-0.32
2023-10-05,,5.03,4.72,4.89,7.49,-0.31
2023-10-06,,5.08,4.78,4.95,,-0.3
2023-10-10,,4.96,4.66,4.85,,-0.3
2023-10-11,,4.99,4.58,4.73,,-0.41
2023-10-12,,5.06,4.7,4.86,7.57,-0.36
2023-10-13,,5.04,4.63,4.78,,-0.41
2023-10-16,,5.09,4.71,4.87,,-0.38
2023-10-17,,5.19,4.83,4.94,,-0.36
2023-10-18,,5.19,4.91,5.0,,-0.28
2023-10-19,,5.14,4.98,5.11,7.63,-0.16
2023-10-20,,5.07,4.93,5.09,,-0.14
2023-10-23,,5.05,4.86,5.01,,-0.19
2023-10-24,,5.02,4.83,4.96,,-0.19
2023-10-25,,5.08,4.95,5.09,,-0.13
2023-10-26,,5.02,4.86,5.01,7.79,-0.16
2023-10-27,,4.99,4.84,5.03,,-0.15
2023-10-30,,5.03,4.88,5.04,,-0.15
2023-10-31,,5.07,4.88,5.04,,-0.19
2023-11-01,5.33,4.95,4.77,4.96,,-0.18
2023-11-02,,4.98,4.67,4.82,7.76,-0.31
2023-11-03,,4.83,4.57,4.77,,-0.26
2023-11-06,,4.93,4.67,4.84,,-0.26
2023-11-07,,4.91,4.58,4.75,,-0.33
2023-11-08,,4.93,4.49,4.64,,-0.44
2023-11-09,,5.03,4.62,4.77,7.5,-0.41
2023-11-10,,5.04,4.61,4.73,,-0.43
2023-11-13,,5.02,4.63,4.75,,-0.39
2023-11-14,,4.8,4.44,4.61,,-0.36
2023-11-15,,4.9,4.53,4.68,,-0.37
2023-11-16,,4.83,4.45,4.63,7.44,-0.38
2023-11-17,,4.88,4.44,4.59,,-0.44
2023-11-20,,4.89,4.42,4.57,,-0.47
2023-11-21,,4.86,4.41,4.57,,-0.45
2023-11-22,,4.89,4.42,4.55,7.29,-0.47
2023-11-24,,4.92,4.47,4.6,,-0.45
2023-11-27,,4.84,4.39,4.53,,-0.45
2023-11-28,,4.73,4.34,4.52,,-0.39
2023-11-29,,4.64,4.27,4.44,,-0.37
2023-11-30,,4.73,4.37,4.54,7.22,-0.36
2023-12-01,5.33,4.56,4.22,4.4,,-0.34
2023-12-04,,4.64,4.28,4.43,,-0.36
2023-12-05,,4.57,4.18,4.3,,-0.39
2023-12-06,,4.6,4.12,4.22,,-0.48
2023-12-07,,4.58,4.14,4.25,7.03,-0.44
2023-12-08,,4.71,4.23,4.31,,-0.48
2023-12-11,,4.71,4.23,4.32,,-0.48
2023-12-12,,4.73,4.2,4.3,,-0.53
2023-12-13,,4.46,4.04,4.19,,-0.42
2023-12-14,,4.37,3.92,4.03,6.95,-0.45
2023-12-15,,4.44,3.91,4.0,,-0.53
2023-12-18,,4.43,3.95,4.05,,-0.48
2023-12-19,,4.41,3.93,4.03,,-0.48
2023-12-20,,4.34,3.86,3.98,,-0.48
2023-12-21,,4.33,3.89,4.03,6.67,-0.44
2023-12-22,,4.31,3.9,4.05,,-0.41
2023-12-26,,4.26,3.89,4.04,,-0.37
2023-12-27,,4.2,3.79,3.95,,-0.41
2023-12-28,,4.26,3.84,3.98,6.61,-0.42
2023-12-29,,4.23,3.88,4.03,,-0.35
2024-01-01,5.33,,,,,
2024-01-02,,4.33,3.95,4.08,,-0.38
2024-01-03,,4.33,3.91,4.05,,-0.42
2024-01-04,,4.38,3.99,4.13,6.62,-0.39
2024-01-05,,4.4,4.05,4.21,,-0.35
2024-01-08,,4.36,4.01,4.17,,-0.35
2024-01-09,,4.36,4.02,4.18,,-0.34
2024-01-10,,4.37,4.04,4.2,,-0.33
2024-01-11,,4.26,3.98,4.18,6.66,-0.28
2024-01-12,,4.14,3.96,4.2,,-0.18
2024-01-16,,4.22,4.07,4.3,,-0.15
2024-01-17,,4.34,4.1,4.31,,-0.24
2024-01-18,,4.34,4.14,4.37,6.6,-0.2
2024-01-19,,4.39,4.15,4.36,,-0.24
2024-01-22,,4.37,4.11,4.32,,-0.26
2024-01-23,,4.31,4.14,4.38,,-0.17
2024-01-24,,4.34,4.18,4.41,,-0.16
2024-01-25,,4.28,4.14,4.38,6.69,-0.14
2024-01-26,,4.34,4.15,4.38,,-0.19
2024-01-29,,4.29,4.08,4.31,,-0.21
2024-01-30,,4.36,4.06,4.28,,-0.3
2024-01-31,,4.27,3.99,4.22,,-0.28
2024-02-01,5.33,4.2,3.87,4.1,6.63,-0.33
2024-02-02,,4.36,4.03,4.22,,-0.33
2024-02-05,,4.46,4.17,4.35,,-0.29
2024-02-06,,4.39,4.09,4.29,,-0.3
2024-02-07,,4.41,4.09,4.31,,-0.32
2024-02-08,,4.46,4.15,4.36,6.64,-0.31
2024-02-09,,4.48,4.17,4.37,,-0.31
2024-02-12,,4.46,4.17,4.37,,-0.29
2024-02-13,,4.64,4.31,4.46,,-0.33
2024-02-14,,4.56,4.27,4.45,,-0.29
2024-02-15,,4.56,4.24,4.42,6.77,-0.32
2024-02-16,,4.64,4.3,4.45,,-0.34
2024-02-20,,4.59,4.27,4.44,,-0.32
2024-02-21,,4.64,4.32,4.49,,-0.32
2024-02-22,,4.69,4.33,4.47,6.9,-0.36
2024-02-23,,4.67,4.26,4.37,,-0.41
2024-02-26,,4.69,4.28,4.4,,-0.41
2024-02-27,,4.7,4.31,4.44,,-0.39
2024-02-28,,4.64,4.27,4.4,,-0.37
2024-02-29,,4.64,4.25,4.38,6.94,-0.39
2024-03-01,5.33,4.54,4.19,4.33,,-0.35
2024-03-04,,4.61,4.22,4.36,,-0.39
2024-03-05,,4.54,4.13,4.27,,-0.41
2024-03-06,,4.55,4.11,4.24,,-0.44
2024-03-07,,4.5,4.09,4.25,6.88,-0.41
2024-03-08,,4.48,4.09,4.26,,-0.39
2024-03-11,,4.51,4.1,4.26,,-0.41
2024-03-12,,4.58,4.16,4.31,,-0.42
2024-03-13,,4.61,4.19,4.35,,-0.42
2024-03-14,,4.68,4.29,4.44,6.74,-0.39
2024-03-15,,4.72,4.31,4.43,,-0.41
2024-03-18,,4.73,4.34,4.46,,-0.39
2024-03-19,,4.68,4.3,4.44,,-0.38
2024-03-20,,4.59,4.27,4.45,,-0.32
2024-03-21,,4.62,4.27,4.44,6.87,-0.35
2024-03-22,,4.59,4.22,4.39,,-0.37
2024-03-25,,4.54,4.25,4.42,,-0.29
2024-03-26,,4.56,4.24,4.4,,-0.32
2024-03-27,,4.54,4.2,4.36,,-0.34
2024-03-28,,4.59,4.2,4.34,6.79,-0.39
2024-04-01,5.33,4.72,4.33,4.47,,-0.39
2024-04-02,,4.7,4.36,4.51,,-0.34
2024-04-03,,4.68,4.36,4.51,,-0.32
2024-04-04,,4.65,4.31,4.47,6.82,-0.34
2024-04-05,,4.73,4.39,4.54,,-0.34
2024-04-08,,4.78,4.42,4.55,,-0.36
2024-04-09,,4.74,4.36,4.5,,-0.38
2024-04-10,,4.97,4.55,4.64,,-0.42
2024-04-11,,4.93,4.56,4.65,6.88,-0.37
2024-04-12,,4.88,4.5,4.61,,-0.38
2024-04-15,,4.93,4.63,4.74,,-0.3
2024-04-16,,4.97,4.67,4.77,,-0.3
2024-04-17,,4.93,4.59,4.71,,-0.34
2024-04-18,,4.98,4.64,4.74,7.1,-0.34
2024-04-19,,4.97,4.62,4.72,,-0.35
2024-04-22,,4.97,4.62,4.72,,-0.35
2024-04-23,,4.86,4.61,4.73,,-0.25
2024-04-24,,4.89,4.65,4.78,,-0.24
2024-04-25,,4.96,4.7,4.82,7.17,-0.26
2024-04-26,,4.96,4.67,4.78,,-0.29
2024-04-29,,4.97,4.63,4.75,,-0.34
2024-04-30,,5.04,4.69,4.79,,-0.35
2024-05-01,5.33,4.96,4.63,4.74,,-0.33
2024-05-02,,4.87,4.58,4.72,7.22,-0.29
2024-05-03,,4.81,4.5,4.66,,-0.31
2024-05-06,,4.82,4.49,4.64,,-0.33
2024-05-07,,4.82,4.47,4.61,,-0.35
2024-05-08,,4.84,4.48,4.64,,-0.36
2024-05-09,,4.8,4.45,4.6,7.09,-0.35
2024-05-10,,4.87,4.5,4.64,,-0.37
2024-05-13,,4.85,4.48,4.63,,-0.37
2024-05-14,,4.81,4.45,4.59,,-0.36
2024-05-15,,4.73,4.36,4.52,,-0.37
2024-05-16,,4.78,4.38,4.52,7.02,-0.4
2024-05-17,,4.83,4.42,4.56,,-0.41
2024-05-20,,4.82,4.44,4.58,,-0.38
2024-05-21,,4.82,4.41,4.55,,-0.41
2024-05-22,,4.86,4.43,4.55,,-0.43
2024-05-23,,4.91,4.47,4.58,6.94,-0.44
2024-05-24,,4.93,4.46,4.57,,-0.47
2024-05-28,,4.94,4.54,4.66,,-0.4
2024-05-29,,4.96,4.61,4.74,,-0.35
2024-05-30,,4.92,4.55,4.69,7.03,-0.37
2024-05-31,,4.89,4.51,4.65,,-0.38
2024-06-01,5.33,,,,,
2024-06-03,,4.82,4.41,4.55,,-0.41
2024-06-04,,4.77,4.33,4.48,,-0.44
2024-06-05,,4.72,4.29,4.44,,-0.43
2024-06-06,,4.72,4.28,4.43,6.99,-0.44
2024-06-07,,4.87,4.43,4.55,,-0.44
2024-06-10,,4.87,4.47,4.59,,-0.4
2024-06-11,,4.81,4.39,4.53,,-0.42
2024-06-12,,4.75,4.31,4.47,,-0.44
2024-06-13,,4.68,4.24,4.4,6.95,-0.44
2024-06-14,,4.67,4.2,4.34,,-0.47
2024-06-17,,4.75,4.28,4.4,,-0.47
2024-06-18,,4.69,4.22,4.36,,-0.47
2024-06-20,,4.7,4.25,4.39,6.87,-0.45
2024-06-21,,4.7,4.25,4.39,,-0.45
2024-06-24,,4.71,4.25,4.38,,-0.46
2024-06-25,,4.65,4.23,4.36,,-0.42
2024-06-26,,4.71,4.32,4.45,,-0.39
2024-06-27,,4.7,4.29,4.43,6.86,-0.41
2024-06-28,,4.71,4.36,4.51,,-0.35
2024-07-01,5.33,4.77,4.48,4.64,,-0.29
2024-07-02,,4.74,4.43,4.6,,-0.31
2024-07-03,,4.71,4.36,4.53,6.95,-0.35
2024-07-05,,4.6,4.28,4.47,,-0.32
2024-07-08,,4.62,4.28,4.46,,-0.34
2024-07-09,,4.62,4.3,4.49,,-0.32
2024-07-10,,4.62,4.28,4.47,,-0.34
2024-07-11,,4.5,4.2,4.41,6.89,-0.3
2024-07-12,,4.45,4.18,4.39,,-0.27
2024-07-15,,4.44,4.23,4.46,,-0.21
2024-07-16,,4.43,4.17,4.38,,-0.26
2024-07-17,,4.42,4.16,4.37,,-0.26
2024-07-18,,4.46,4.2,4.41,6.77,-0.26
2024-07-19,,4.49,4.25,4.45,,-0.24
2024-07-22,,4.5,4.26,4.48,,-0.24
2024-07-23,,4.4,4.25,4.48,,-0.15
2024-07-24,,4.37,4.28,4.54,,-0.09
2024-07-25,,4.41,4.27,4.5,6.78,-0.14
2024-07-26,,4.36,4.2,4.45,,-0.16
2024-07-29,,4.36,4.17,4.42,,-0.19
2024-07-30,,4.35,4.15,4.4,,-0.2
2024-07-31,,4.29,4.09,4.35,,-0.2
2024-08-01,5.33,4.16,3.99,4.27,6.73,-0.17
2024-08-02,,3.88,3.8,4.11,,-0.08
2024-08-05,,3.89,3.78,4.06,,-0.11
2024-08-06,,3.99,3.9,4.18,,-0.09
2024-08-07,,4.0,3.96,4.26,,-0.04
2024-08-08,,4.04,3.99,4.28,6.47,-0.05
2024-08-09,,4.05,3.94,4.23,,-0.11
2024-08-12,,4.01,3.9,4.19,,-0.11
2024-08-13,,3.93,3.85,4.16,,-0.08
2024-08-14,,3.94,3.83,4.12,,-0.11
2024-08-15,,4.08,3.92,4.18,6.49,-0.16
2024-08-16,,4.06,3.89,4.15,,-0.17
2024-08-19,,4.06,3.86,4.11,,-0.2
2024-08-20,,3.99,3.82,4.07,,-0.17
2024-08-21,,3.92,3.79,4.06,,-0.13
2024-08-22,,3.99,3.86,4.13,6.46,-0.13
2024-08-23,,3.9,3.81,4.1,,-0.09
2024-08-26,,3.91,3.82,4.11,,-0.09
2024-08-27,,3.83,3.83,4.13,,0.0
2024-08-28,,3.83,3.84,4.13,,0.01
2024-08-29,,3.87,3.87,4.15,6.35,0.0
2024-08-30,,3.91,3.91,4.2,,0.0
2024-09-01,5.13,,,,,
2024-09-03,,3.88,3.84,4.13,,-0.04
2024-09-04,,3.76,3.77,4.06,,0.01
2024-09-05,,3.75,3.73,4.02,6.35,-0.02
2024-09-06,,3.66,3.72,4.03,,0.06
2024-09-09,,3.68,3.7,4.0,,0.02
2024-09-10,,3.59,3.65,3.97,,0.06
2024-09-11,,3.62,3.65,3.96,,0.03
2024-09-12,,3.64,3.68,4.0,6.2,0.04
2024-09-13,,3.57,3.66,3.98,,0.09
2024-09-16,,3.56,3.63,3.94,,0.07
2024-09-17,,3.59,3.65,3.96,,0.06
2024-09-18,,3.61,3.7,4.03,,0.09
2024-09-19,,3.59,3.73,4.06,6.09,0.14
2024-09-20,,3.55,3.73,4.07,,0.18
2024-09-23,,3.57,3.75,4.09,,0.18
2024-09-24,,3.49,3.74,4.09,,0.25
2024-09-25,,3.53,3.79,4.14,,0.26
2024-09-26,,3.6,3.79,4.12,6.08,0.19
2024-09-27,,3.55,3.75,4.1,,0.2
2024-09-30,,3.66,3.81,4.14,,0.15
2024-10-01,4.83,3.61,3.74,4.08,,0.13
2024-10-02,,3.63,3.79,4.14,,0.16
2024-10-03,,3.7,3.85,4.18,6.12,0.15
2024-10-04,,3.93,3.98,4.26,,0.05
2024-10-07,,3.99,4.03,4.3,,0.04
2024-10-08,,3.98,4.04,4.32,,0.06
2024-10-09,,3.99,4.06,4.34,,0.07
2024-10-10,,3.98,4.09,4.38,6.32,0.11
2024-10-11,,3.95,4.08,4.39,,0.13
2024-10-15,,3.95,4.03,4.32,,0.08
2024-10-16,,3.93,4.02,4.3,,0.09
2024-10-17,,3.96,4.09,4.39,6.44,0.13
2024-10-18,,3.95,4.08,4.38,,0.13
2024-10-21,,4.02,4.19,4.49,,0.17
2024-10-22,,4.03,4.2,4.49,,0.17
2024-10-23,,4.07,4.24,4.51,,0.17
2024-10-24,,4.07,4.21,4.47,6.54,0.14
2024-10-25,,4.11,4.25,4.51,,0.14
2024-10-28,,4.12,4.28,4.53,,0.16
2024-10-29,,4.11,4.28,4.52,,0.17
2024-10-30,,4.15,4.29,4.49,,0.14
2024-10-31,,4.16,4.28,4.47,6.72,0.12
2024-11-01,4.64,4.21,4.37,4.57,,0.16
2024-11-04,,4.17,4.31,4.5,,0.14
2024-11-05,,4.19,4.26,4.44,,0.07
2024-11-06,,4.27,4.42,4.6,,0.15
2024-11-07,,4.21,4.31,4.52,6.79,0.1
2024-11-08,,4.26,4.3,4.47,,0.04
2024-11-12,,4.34,4.43,4.58,,0.09
2024-11-13,,4.27,4.44,4.63,,0.17
2024-11-14,,4.34,4.43,4.58,6.78,0.09
2024-11-15,,4.31,4.43,4.6,,0.12
2024-11-18,,4.29,4.42,4.61,,0.13
2024-11-19,,4.27,4.39,4.57,,0.12
2024-11-20,,4.31,4.41,4.59,,0.1
2024-11-21,,4.34,4.43,4.61,6.84,0.09
2024-11-22,,4.37,4.41,4.6,,0.04
2024-11-25,,4.21,4.27,4.45,,0.06
2024-11-26,,4.21,4.3,4.48,,0.09
2024-11-27,,4.19,4.25,4.44,6.81,0.06
2024-11-29,,4.13,4.18,4.36,,0.05
2024-12-01,4.48,,,,,
2024-12-02,,4.17,4.19,4.36,,0.02
2024-12-03,,4.17,4.23,4.4,,0.06
2024-12-04,,4.13,4.19,4.35,,0.06
2024-12-05,,4.15,4.17,4.33,6.69,0.02
2024-12-06,,4.1,4.15,4.34,,0.05
2024-12-09,,4.13,4.2,4.39,,0.07
2024-12-10,,4.15,4.22,4.41,,0.07
2024-12-11,,4.15,4.26,4.48,,0.11
2024-12-12,,4.18,4.32,4.55,6.6,0.14
2024-12-13,,4.25,4.4,4.61,,0.15
2024-12-16,,4.25,4.39,4.6,,0.14
2024-12-17,,4.25,4.4,4.59,,0.15
2024-12-18,,4.35,4.5,4.65,,0.15
2024-12-19,,4.32,4.57,4.74,6.72,0.25
2024-12-20,,4.3,4.52,4.72,,0.22
2024-12-23,,4.3,4.59,4.78,,0.29
2024-12-24,,4.29,4.59,4.76,,0.3
2024-12-26,,4.3,4.58,4.76,6.85,0.28
2024-12-27,,4.31,4.62,4.82,,0.31
2024-12-30,,4.24,4.55,4.77,,0.31
2024-12-31,,4.25,4.58,4.78,,0.33
2025-01-01,4.33,,,,,
2025-01-02,,4.25,4.57,4.79,6.91,0.32
2025-01-03,,4.28,4.6,4.82,,0.32
2025-01-06,,4.28,4.62,4.85,,0.34
2025-01-07,,4.3,4.67,4.91,,0.37
2025-01-08,,4.28,4.67,4.91,,0.39
2025-01-09,,4.27,4.68,4.92,6.93,0.41
2025-01-10,,4.4,4.77,4.96,,0.37
2025-01-13,,4.4,4.79,4.97,,0.39
2025-01-14,,4.37,4.78,4.98,,0.41
2025-01-15,,4.27,4.66,4.88,,0.39
2025-01-16,,4.23,4.61,4.84,7.04,0.38
2025-01-17,,4.27,4.61,4.84,,0.34
2025-01-21,,4.29,4.57,4.8,,0.28
2025-01-22,,4.29,4.6,4.82,,0.31
2025-01-23,,4.29,4.65,4.87,6.96,0.36
2025-01-24,,4.27,4.63,4.85,,0.36
2025-01-27,,4.17,4.53,4.76,,0.36
2025-01-28,,4.19,4.55,4.78,,0.36
2025-01-29,,4.21,4.55,4.79,,0.34
2025-01-30,,4.18,4.52,4.76,6.95,0.34
2025-01-31,,4.22,4.58,4.83,,0.36
2025-02-01,4.33,,,,,
2025-02-03,,4.26,4.54,4.77,,0.28
2025-02-04,,4.21,4.52,4.75,,0.31
2025-02-05,,4.17,4.43,4.64,,0.26
2025-02-06,,4.21,4.45,4.65,6.89,0.24
2025-02-07,,4.29,4.49,4.69,,0.2
2025-02-10,,4.28,4.51,4.71,,0.23
2025-02-11,,4.29,4.54,4.75,,0.25
2025-02-12,,4.36,4.62,4.83,,0.26
2025-02-13,,4.31,4.52,4.72,6.87,0.21
2025-02-14,,4.26,4.47,4.69,,0.21
2025-02-18,,4.29,4.55,4.77,,0.26
2025-02-19,,4.28,4.53,4.76,,0.25
2025-02-20,,4.28,4.5,4.74,6.85,0.22
2025-02-21,,4.19,4.42,4.67,,0.23
2025-02-24,,4.13,4.4,4.66,,0.27
2025-02-25,,4.07,4.3,4.55,,0.23
2025-02-26,,4.05,4.25,4.51,,0.2
2025-02-27,,4.07,4.29,4.56,6.76,0.22
2025-02-28,,3.99,4.24,4.51,,0.25
2025-03-01,4.33,,,,,
2025-03-03,,3.96,4.16,4.45,,0.2
2025-03-04,,3.96,4.22,4.53,,0.26
2025-03-05,,3.99,4.28,4.57,,0.29
2025-03-06,,3.96,4.29,4.58,6.63,0.33
2025-03-07,,3.99,4.32,4.62,,0.33
2025-03-10,,3.89,4.22,4.54,,0.33
2025-03-11,,3.94,4.28,4.59,,0.34
2025-03-12,,4.01,4.32,4.63,,0.31
2025-03-13,,3.94,4.27,4.59,6.65,0.33
2025-03-14,,4.02,4.31,4.62,,0.29
2025-03-17,,4.06,4.31,4.6,,0.25
2025-03-18,,4.04,4.29,4.58,,0.25
2025-03-19,,3.99,4.25,4.56,,0.26
2025-03-20,,3.95,4.24,4.55,6.67,0.29
2025-03-21,,3.94,4.25,4.59,,0.31
2025-03-24,,4.04,4.34,4.66,,0.3
2025-03-25,,3.96,4.31,4.65,,0.35
2025-03-26,,3.98,4.35,4.69,,0.37
2025-03-27,,3.97,4.38,4.73,6.65,0.41
2025-03-28,,3.89,4.27,4.64,,0.38
2025-03-31,,3.89,4.23,4.59,,0.34
2025-04-01,4.33,3.87,4.17,4.52,,0.3
2025-04-02,,3.91,4.2,4.54,,0.29
2025-04-03,,3.71,4.06,4.49,6.64,0.35
2025-04-04,,3.68,4.01,4.41,,0.33
2025-04-07,,3.73,4.15,4.58,,0.42
2025-04-08,,3.71,4.26,4.71,,0.55
2025-04-09,,3.91,4.34,4.72,,0.43
2025-04-10,,3.84,4.4,4.86,6.62,0.56
2025-04-11,,3.96,4.48,4.85,,0.52
2025-04-14,,3.84,4.38,4.8,,0.54
2025-04-15,,3.84,4.35,4.79,,0.51
2025-04-16,,3.77,4.29,4.74,,0.52
2025-04-17,,3.81,4.34,4.8,6.83,0.53
2025-04-21,,3.75,4.42,4.91,,0.67
2025-04-22,,3.76,4.41,4.88,,0.65
2025-04-23,,3.81,4.4,4.83,,0.59
2025-04-24,,3.77,4.32,4.77,6.81,0.55
2025-04-25,,3.74,4.29,4.74,,0.55
2025-04-28,,3.67,4.23,4.69,,0.56
2025-04-29,,3.65,4.19,4.64,,0.54
2025-04-30,,3.6,4.17,4.66,,0.57
2025-05-01,4.33,3.7,4.25,4.74,6.76,0.55
2025-05-02,,3.83,4.33,4.79,,0.5
2025-05-05,,3.83,4.36,4.83,,0.53
2025-05-06,,3.78,4.3,4.81,,0.52
2025-05-07,,3.78,4.26,4.77,,0.48
2025-05-08,,3.9,4.37,4.83,6.76,0.47
2025-05-09,,3.88,4.37,4.83,,0.49
2025-05-12,,3.98,4.45,4.89,,0.47
2025-05-13,,4.02,4.49,4.94,,0.47
2025-05-14,,4.05,4.53,4.97,,0.48
2025-05-15,,3.96,4.45,4.91,6.81,0.49
2025-05-16,,3.98,4.43,4.89,,0.45
2025-05-19,,3.97,4.46,4.92,,0.49
2025-05-20,,3.97,4.48,4.96,,0.51
2025-05-21,,4.0,4.58,5.08,,0.58
2025-05-22,,4.0,4.54,5.05,6.86,0.54
2025-05-23,,4.0,4.51,5.04,,0.51
2025-05-27,,3.92,4.43,4.94,,0.51
2025-05-28,,3.96,4.47,4.97,,0.51
2025-05-29,,3.92,4.43,4.92,6.89,0.51
2025-05-30,,3.89,4.41,4.92,,0.52
2025-06-01,4.33,,,,,
2025-06-02,,3.94,4.46,4.99,,0.52
2025-06-03,,3.96,4.46,4.98,,0.5
2025-06-04,,3.87,4.37,4.89,,0.5
2025-06-05,,3.92,4.4,4.88,6.85,0.48
2025-06-06,,4.04,4.51,4.97,,0.47
2025-06-09,,4.01,4.49,4.95,,0.48
2025-06-10,,4.01,4.47,4.93,,0.46
2025-06-11,,3.94,4.41,4.91,,0.47
2025-06-12,,3.9,4.36,4.84,6.84,0.46
2025-06-13,,3.96,4.41,4.9,,0.45
2025-06-16,,3.97,4.46,4.96,,0.49
2025-06-17,,3.94,4.39,4.88,,0.45
2025-06-18,,3.94,4.38,4.88,6.81,0.44
2025-06-20,,3.9,4.38,4.89,,0.48
2025-06-23,,3.84,4.34,4.87,,0.5
2025-06-24,,3.75,4.3,4.83,,0.55
2025-06-25,,3.74,4.29,4.83,,0.55
2025-06-26,,3.7,4.26,4.81,6.77,0.56
2025-06-27,,3.73,4.29,4.85,,0.56
2025-06-30,,3.72,4.24,4.78,,0.52
2025-07-01,4.33,3.78,4.26,4.78,,0.48
2025-07-02,,3.78,4.3,4.82,,0.52
2025-07-03,,3.88,4.35,4.86,6.67,0.47
2025-07-07,,3.9,4.4,4.92,,0.5
2025-07-08,,3.9,4.42,4.94,,0.52
2025-07-09,,3.86,4.34,4.87,,0.48
2025-07-10,,3.86,4.35,4.86,6.72,0.49
2025-07-11,,3.9,4.43,4.96,,0.53
2025-07-14,,3.9,4.43,4.97,,0.53
2025-07-15,,3.95,4.5,5.01,,0.55
2025-07-16,,3.88,4.46,5.01,,0.58
2025-07-17,,3.91,4.47,5.01,6.75,0.56
2025-07-18,,3.88,4.44,5.0,,0.56
2025-07-21,,3.85,4.38,4.94,,0.53
2025-07-22,,3.83,4.35,4.9,,0.52
2025-07-23,,3.88,4.4,4.95,,0.52
2025-07-24,,3.91,4.43,4.96,6.74,0.52
2025-07-25,,3.91,4.4,4.92,,0.49
2025-07-28,,3.91,4.42,4.96,,0.51
2025-07-29,,3.86,4.34,4.86,,0.48
2025-07-30,,3.94,4.38,4.89,,0.44
2025-07-31,,3.94,4.37,4.89,6.72,0.43
2025-08-01,4.33,3.69,4.23,4.81,,0.54
2025-08-04,,3.69,4.22,4.8,,0.53
2025-08-05,,3.72,4.22,4.78,,0.5
2025-08-06,,3.69,4.22,4.81,,0.53
2025-08-07,,3.72,4.23,4.81,6.63,0.51
2025-08-08,,3.76,4.27,4.85,,0.51
2025-08-11,,3.76,4.27,4.84,,0.51
2025-08-12,,3.72,4.29,4.88,,0.57
2025-08-13,,3.67,4.24,4.83,,0.57
2025-08-14,,3.74,4.29,4.88,6.58,0.55
2025-08-15,,3.75,4.33,4.92,,0.58
2025-08-18,,3.77,4.34,4.94,,0.57
2025-08-19,,3.75,4.3,4.9,,0.55
2025-08-20,,3.74,4.29,4.89,,0.55
2025-08-21,,3.79,4.33,4.92,6.58,0.54
2025-08-22,,3.68,4.26,4.88,,0.58
2025-08-25,,3.73,4.28,4.89,,0.55
2025-08-26,,3.61,4.26,4.9,,0.65
2025-08-27,,3.59,4.24,4.91,,0.65
2025-08-28,,3.62,4.22,4.88,6.56,0.6
2025-08-29,,3.59,4.23,4.92,,0.64
2025-09-01,4.22,,,,,
2025-09-02,,3.66,4.28,4.97,,0.62
2025-09-03,,3.61,4.22,4.9,,0.61
2025-09-04,,3.59,4.17,4.86,6.5,0.58
2025-09-05,,3.51,4.1,4.78,,0.59
2025-09-08,,3.49,4.05,4.69,,0.56
2025-09-09,,3.54,4.08,4.72,,0.54
2025-09-10,,3.54,4.04,4.69,,0.5
2025-09-11,,3.52,4.01,4.65,6.35,0.49
2025-09-12,,3.56,4.06,4.68,,0.5
2025-09-15,,3.54,4.05,4.66,,0.51
2025-09-16,,3.51,4.04,4.65,,0.53
2025-09-17,,3.52,4.06,4.66,,0.54
2025-09-18,,3.57,4.11,4.72,6.26,0.54
2025-09-19,,3.57,4.14,4.75,,0.57
2025-09-22,,3.61,4.15,4.77,,0.54
2025-09-23,,3.53,4.12,4.73,,0.59
2025-09-24,,3.57,4.16,4.76,,0.59
2025-09-25,,3.64,4.18,4.75,6.3,0.54
2025-09-26,,3.63,4.2,4.77,,0.57
2025-09-29,,3.63,4.15,4.71,,0.52
2025-09-30,,3.6,4.16,4.73,,0.56
2025-10-01,4.09,3.55,4.12,4.72,,0.57
2025-10-02,,3.55,4.1,4.69,6.34,0.55
2025-10-03,,3.58,4.13,4.71,,0.55
2025-10-06,,3.6,4.18,4.76,,0.58
2025-10-07,,3.57,4.14,4.73,,0.57
2025-10-08,,3.58,4.13,4.72,,0.55
2025-10-09,,3.6,4.14,4.72,6.3,0.54
2025-10-10,,3.52,4.05,4.63,,0.53
2025-10-14,,3.48,4.03,4.62,,0.55
2025-10-15,,3.5,4.05,4.64,,0.55
2025-10-16,,3.41,3.99,4.58,6.27,0.58
2025-10-17,,3.46,4.02,4.6,,0.56
2025-10-20,,3.46,4.0,4.58,,0.54
2025-10-21,,3.45,3.98,4.55,,0.53
2025-10-22,,3.45,3.97,4.54,,0.52
2025-10-23,,3.48,4.01,4.58,6.19,0.53
2025-10-24,,3.48,4.02,4.59,,0.54
2025-10-27,,3.48,4.01,4.57,,0.53
2025-10-28,,3.47,3.99,4.55,,0.52
2025-10-29,,3.59,4.08,4.61,,0.49
2025-10-30,,3.61,4.11,4.65,6.17,0.5
2025-10-31,,3.6,4.11,4.67,,0.51
2025-11-01,3.88,,,,,
2025-11-03,,3.6,4.13,4.69,,0.53
2025-11-04,,3.58,4.1,4.67,,0.52
2025-11-05,,3.63,4.17,4.74,,0.54
2025-11-06,,3.57,4.11,4.69,6.22,0.54
2025-11-07,,3.55,4.11,4.7,,0.56
2025-11-10,,3.58,4.13,4.71,,0.55
2025-11-12,,3.56,4.08,4.67,,0.52
2025-11-13,,3.58,4.11,4.7,6.24,0.53
2025-11-14,,3.62,4.14,4.74,,0.52
2025-11-17,,3.6,4.13,4.73,,0.53
2025-11-18,,3.58,4.12,4.74,,0.54
2025-11-19,,3.58,4.13,4.75,,0.55
2025-11-20,,3.55,4.1,4.73,6.26,0.55
2025-11-21,,3.51,4.06,4.71,,0.55
2025-11-24,,3.46,4.04,4.68,,0.58
2025-11-25,,3.43,4.01,4.67,,0.58
2025-11-26,,3.45,4.0,4.64,6.23,0.55
2025-11-28,,3.47,4.02,4.67,,0.55
2025-12-01,3.72,3.54,4.09,4.74,,0.55
2025-12-02,,3.51,4.09,4.74,,0.58
2025-12-03,,3.49,4.06,4.73,,0.57
2025-12-04,,3.52,4.11,4.76,6.19,0.59
2025-12-05,,3.56,4.14,4.79,,0.58
2025-12-08,,3.57,4.17,4.81,,0.6
2025-12-09,,3.61,4.18,4.8,,0.57
2025-12-10,,3.54,4.13,4.78,,0.59
2025-12-11,,3.52,4.14,4.79,6.22,0.62
2025-12-12,,3.52,4.19,4.85,,0.67
2025-12-15,,3.51,4.18,4.84,,0.67
2025-12-16,,3.48,4.15,4.82,,0.67
2025-12-17,,3.49,4.16,4.83,,0.67
2025-12-18,,3.46,4.12,4.8,6.21,0.66
2025-12-19,,3.48,4.16,4.82,,0.68
2025-12-22,,3.44,4.17,4.84,,0.73
2025-12-23,,3.48,4.18,4.83,,0.7
2025-12-24,,3.47,4.15,4.79,6.18,0.68
2025-12-26,,3.46,4.14,4.81,,0.68
2025-12-29,,3.45,4.12,4.8,,0.67
2025-12-30,,3.45,4.14,4.81,,0.69
2025-12-31,,3.47,4.18,4.84,6.15,0.71
2026-01-02,,3.47,4.19,4.86,,0.72
2026-01-05,,3.46,4.17,4.85,,0.71
2026-01-06,,3.47,4.18,4.86,,0.71
2026-01-07,,3.47,4.15,4.82,,0.68
2026-01-08,,3.49,4.19,4.85,6.16,0.7
2026-01-09,,3.54,4.18,4.82,,0.64
2026-01-12,,3.54,4.19,4.83,,0.65
2026-01-13,,3.53,4.18,4.83,,0.65
2026-01-14,,3.51,4.15,4.79,,0.64
2026-01-15,,3.56,4.17,4.79,6.06,0.61
2026-01-16,,3.59,4.24,4.83,,0.65
2026-01-20,,3.6,4.3,4.91,,0.7
2026-01-21,,3.6,4.26,4.87,,0.66
2026-01-22,,3.61,4.26,4.84,6.09,0.65
2026-01-23,,3.6,4.24,4.82,,0.64
2026-01-26,,3.56,4.22,4.8,,0.66
2026-01-27,,3.53,4.24,4.83,,0.71
2026-01-28,,3.56,4.26,4.85,,0.7
2026-01-29,,3.53,4.24,4.85,6.1,0.71
2026-01-30,,,,,,0.74
