Date,CPIAUCSL,CPILFESL,FEDFUNDS,DGS10,DGS2,DGS30,MORTGAGE30US,MANEMP,UNRATE,GDPC1,PCEPI,T10Y2Y
2020-01-01,259.127,266.716,1.55,,,,,12745.0,3.6,20709.212,104.49,
2020-01-02,,,,1.88,1.58,2.33,3.72,,,,,0.3
2020-01-03,,,,1.8,1.53,2.26,,,,,,0.27
2020-01-06,,,,1.81,1.54,2.28,,,,,,0.27
2020-01-07,,,,1.83,1.54,2.31,,,,,,0.29
2020-01-08,,,,1.87,1.58,2.35,,,,,,0.29
2020-01-09,,,,1.85,1.58,2.38,3.64,,,,,0.27
2020-01-10,,,,1.83,1.56,2.28,,,,,,0.27
2020-01-13,,,,1.85,1.58,2.3,,,,,,0.27
2020-01-14,,,,1.82,1.58,2.27,,,,,,0.24
2020-01-15,,,,1.79,1.56,2.23,,,,,,0.23
2020-01-16,,,,1.81,1.58,2.26,3.65,,,,,0.23
2020-01-17,,,,1.84,1.58,2.29,,,,,,0.26
2020-01-20,,,,,,,,,,,,
2020-01-21,,,,1.78,1.53,2.23,,,,,,0.25
2020-01-22,,,,1.77,1.53,2.22,,,,,,0.24
2020-01-23,,,,1.74,1.51,2.18,3.6,,,,,0.23
2020-01-24,,,,1.7,1.49,2.14,,,,,,0.21
2020-01-27,,,,1.61,1.44,2.05,,,,,,0.17
2020-01-28,,,,1.65,1.45,2.1,,,,,,0.2
2020-01-29,,,,1.6,1.42,2.05,,,,,,0.18
2020-01-30,,,,1.57,1.41,2.04,3.51,,,,,0.16
2020-01-31,,,,1.51,1.33,1.99,,,,,,0.18
2020-02-01,259.25,267.37,1.58,,,,,12743.0,3.5,,104.573,
2020-02-03,,,,1.54,1.36,2.01,,,,,,0.18
2020-02-04,,,,1.61,1.41,2.08,,,,,,0.2
2020-02-05,,,,1.66,1.44,2.14,,,,,,0.22
2020-02-06,,,,1.65,1.44,2.11,3.45,,,,,0.21
2020-02-07,,,,1.59,1.41,2.05,,,,,,0.18
2020-02-10,,,,1.56,1.37,2.03,,,,,,0.19
2020-02-11,,,,1.59,1.41,2.05,,,,,,0.18
2020-02-12,,,,1.62,1.44,2.09,,,,,,0.18
2020-02-13,,,,1.61,1.44,2.07,3.47,,,,,0.17
2020-02-14,,,,1.59,1.42,2.04,,,,,,0.17
2020-02-17,,,,,,,,,,,,
2020-02-18,,,,1.55,1.41,2.0,,,,,,0.14
2020-02-19,,,,1.56,1.42,2.01,,,,,,0.14
2020-02-20,,,,1.52,1.39,1.97,3.49,,,,,0.13
2020-02-21,,,,1.46,1.34,1.9,,,,,,0.12
2020-02-24,,,,1.38,1.26,1.84,,,,,,0.12
2020-02-25,,,,1.33,1.2,1.8,,,,,,0.13
2020-02-26,,,,1.33,1.16,1.81,,,,,,0.17
2020-02-27,,,,1.3,1.11,1.79,3.45,,,,,0.19
2020-02-28,,,,1.13,0.86,1.65,,,,,,0.27
2020-03-01,258.076,267.054,0.65,,,,,12684.0,4.4,,104.271,
2020-03-02,,,,1.1,0.84,1.66,,,,,,0.26
2020-03-03,,,,1.02,0.71,1.64,,,,,,0.31
2020-03-04,,,,1.02,0.67,1.67,,,,,,0.35
2020-03-05,,,,0.92,0.59,1.56,3.29,,,,,0.33
2020-03-06,,,,0.74,0.49,1.25,,,,,,0.25
2020-03-09,,,,0.54,0.38,0.99,,,,,,0.16
2020-03-10,,,,0.76,0.5,1.28,,,,,,0.26
2020-03-11,,,,0.82,0.5,1.3,,,,,,0.32
2020-03-12,,,,0.88,0.5,1.49,3.36,,,,,0.38
2020-03-13,,,,0.94,0.49,1.56,,,,,,0.45
2020-03-16,,,,0.73,0.36,1.34,,,,,,0.37
2020-03-17,,,,1.02,0.47,1.63,,,,,,0.55
2020-03-18,,,,1.18,0.54,1.77,,,,,,0.64
2020-03-19,,,,1.12,0.44,1.78,3.65,,,,,0.68
2020-03-20,,,,0.92,0.37,1.55,,,,,,0.55
2020-03-23,,,,0.76,0.28,1.33,,,,,,0.48
2020-03-24,,,,0.84,0.38,1.39,,,,,,0.46
2020-03-25,,,,0.88,0.34,1.45,,,,,,0.54
2020-03-26,,,,0.83,0.3,1.42,3.5,,,,,0.53
2020-03-27,,,,0.72,0.25,1.29,,,,,,0.47
2020-03-30,,,,0.7,0.23,1.31,,,,,,0.47
2020-03-31,,,,0.7,0.23,1.35,,,,,,0.47
2020-04-01,256.032,265.746,0.05,0.62,0.23,1.27,,11382.0,14.8,19077.992,103.838,0.39
2020-04-02,,,,0.63,0.23,1.26,3.33,,,,,0.4
2020-04-03,,,,0.62,0.23,1.24,,,,,,0.39
2020-04-06,,,,0.67,0.27,1.27,,,,,,0.4
2020-04-07,,,,0.75,0.28,1.32,,,,,,0.47
2020-04-08,,,,0.77,0.27,1.37,,,,,,0.5
2020-04-09,,,,0.73,0.23,1.35,3.33,,,,,0.5
2020-04-10,,,,,,,,,,,,
2020-04-13,,,,0.76,0.25,1.39,,,,,,0.51
2020-04-14,,,,0.76,0.23,1.41,,,,,,0.53
2020-04-15,,,,0.63,0.2,1.27,,,,,,0.43
2020-04-16,,,,0.61,0.2,1.21,3.31,,,,,0.41
2020-04-17,,,,0.65,0.2,1.27,,,,,,0.45
2020-04-20,,,,0.63,0.2,1.23,,,,,,0.43
2020-04-21,,,,0.58,0.2,1.17,,,,,,0.38
2020-04-22,,,,0.63,0.22,1.22,,,,,,0.41
2020-04-23,,,,0.61,0.22,1.18,3.33,,,,,0.39
2020-04-24,,,,0.6,0.22,1.17,,,,,,0.38
2020-04-27,,,,0.67,0.24,1.25,,,,,,0.43
2020-04-28,,,,0.62,0.2,1.2,,,,,,0.42
2020-04-29,,,,0.63,0.2,1.24,,,,,,0.43
2020-04-30,,,,0.64,0.2,1.28,3.23,,,,,0.44
2020-05-01,255.802,265.412,0.05,0.64,0.2,1.27,,11610.0,13.2,,103.942,0.44
2020-05-04,,,,0.64,0.19,1.29,,,,,,0.45
2020-05-05,,,,0.66,0.19,1.32,,,,,,0.47
2020-05-06,,,,0.72,0.17,1.41,,,,,,0.55
2020-05-07,,,,0.63,0.13,1.31,3.26,,,,,0.5
2020-05-08,,,,0.69,0.16,1.39,,,,,,0.53
2020-05-11,,,,0.73,0.17,1.43,,,,,,0.56
2020-05-12,,,,0.69,0.17,1.38,,,,,,0.52
2020-05-13,,,,0.64,0.16,1.35,,,,,,0.48
2020-05-14,,,,0.63,0.16,1.3,3.28,,,,,0.47
2020-05-15,,,,0.64,0.16,1.32,,,,,,0.48
2020-05-18,,,,0.73,0.18,1.44,,,,,,0.55
2020-05-19,,,,0.7,0.17,1.43,,,,,,0.53
2020-05-20,,,,0.68,0.16,1.4,,,,,,0.52
2020-05-21,,,,0.68,0.17,1.4,3.24,,,,,0.51
2020-05-22,,,,0.66,0.17,1.37,,,,,,0.49
2020-05-25,,,,,,,,,,,,
2020-05-26,,,,0.69,0.18,1.43,,,,,,0.51
2020-05-27,,,,0.68,0.19,1.44,,,,,,0.49
2020-05-28,,,,0.7,0.17,1.47,3.15,,,,,0.53
2020-05-29,,,,0.65,0.16,1.41,,,,,,0.49
2020-06-01,257.042,265.849,0.08,0.66,0.14,1.46,,11950.0,11.0,,104.27,0.52
2020-06-02,,,,0.68,0.17,1.48,,,,,,0.51
2020-06-03,,,,0.77,0.19,1.56,,,,,,0.58
2020-06-04,,,,0.82,0.19,1.61,3.18,,,,,0.63
2020-06-05,,,,0.91,0.22,1.68,,,,,,0.69
2020-06-08,,,,0.88,0.22,1.65,,,,,,0.66
2020-06-09,,,,0.84,0.2,1.59,,,,,,0.64
2020-06-10,,,,0.75,0.17,1.53,,,,,,0.58
2020-06-11,,,,0.66,0.19,1.41,3.21,,,,,0.47
2020-06-12,,,,0.71,0.19,1.45,,,,,,0.52
2020-06-15,,,,0.71,0.19,1.45,,,,,,0.52
2020-06-16,,,,0.75,0.21,1.54,,,,,,0.54
2020-06-17,,,,0.74,0.19,1.52,,,,,,0.55
2020-06-18,,,,0.71,0.19,1.47,3.13,,,,,0.52
2020-06-19,,,,0.7,0.19,1.47,,,,,,0.51
2020-06-22,,,,0.71,0.19,1.46,,,,,,0.52
2020-06-23,,,,0.72,0.18,1.49,,,,,,0.54
2020-06-24,,,,0.69,0.19,1.44,,,,,,0.5
2020-06-25,,,,0.68,0.17,1.43,3.13,,,,,0.51
2020-06-26,,,,0.64,0.17,1.37,,,,,,0.47
2020-06-29,,,,0.64,0.16,1.39,,,,,,0.48
2020-06-30,,,,0.66,0.16,1.41,,,,,,0.5
2020-07-01,258.352,267.389,0.09,0.69,0.17,1.43,,11973.0,10.2,20558.879,104.578,0.52
2020-07-02,,,,0.68,0.16,1.43,3.07,,,,,0.52
2020-07-03,,,,,,,,,,,,
2020-07-06,,,,0.69,0.16,1.45,,,,,,0.53
2020-07-07,,,,0.65,0.16,1.38,,,,,,0.49
2020-07-08,,,,0.67,0.16,1.39,,,,,,0.51
2020-07-09,,,,0.62,0.16,1.32,3.03,,,,,0.46
2020-07-10,,,,0.65,0.16,1.33,,,,,,0.49
2020-07-13,,,,0.64,0.16,1.33,,,,,,0.48
2020-07-14,,,,0.63,0.14,1.3,,,,,,0.49
2020-07-15,,,,0.64,0.16,1.33,,,,,,0.48
2020-07-16,,,,0.62,0.16,1.31,2.98,,,,,0.46
2020-07-17,,,,0.64,0.14,1.33,,,,,,0.5
2020-07-20,,,,0.62,0.16,1.32,,,,,,0.46
2020-07-21,,,,0.61,0.14,1.31,,,,,,0.47
2020-07-22,,,,0.6,0.14,1.29,,,,,,0.46
2020-07-23,,,,0.59,0.16,1.24,3.01,,,,,0.43
2020-07-24,,,,0.59,0.14,1.23,,,,,,0.45
2020-07-27,,,,0.62,0.15,1.25,,,,,,0.47
2020-07-28,,,,0.59,0.14,1.22,,,,,,0.45
2020-07-29,,,,0.58,0.12,1.24,,,,,,0.46
2020-07-30,,,,0.55,0.11,1.2,2.99,,,,,0.44
2020-07-31,,,,0.55,0.11,1.2,,,,,,0.44
2020-08-01,259.316,268.422,0.1,,,,,11999.0,8.4,,104.87,
2020-08-03,,,,0.56,0.11,1.23,,,,,,0.45
2020-08-04,,,,0.52,0.11,1.19,,,,,,0.41
2020-08-05,,,,0.55,0.11,1.22,,,,,,0.44
2020-08-06,,,,0.55,0.11,1.2,2.88,,,,,0.44
2020-08-07,,,,0.57,0.13,1.23,,,,,,0.44
2020-08-10,,,,0.59,0.14,1.25,,,,,,0.45
2020-08-11,,,,0.64,0.16,1.32,,,,,,0.48
2020-08-12,,,,0.69,0.16,1.37,,,,,,0.53
2020-08-13,,,,0.71,0.16,1.42,2.96,,,,,0.55
2020-08-14,,,,0.71,0.14,1.45,,,,,,0.57
2020-08-17,,,,0.69,0.14,1.43,,,,,,0.55
2020-08-18,,,,0.67,0.14,1.4,,,,,,0.53
2020-08-19,,,,0.68,0.14,1.42,,,,,,0.54
2020-08-20,,,,0.65,0.13,1.38,2.99,,,,,0.52
2020-08-21,,,,0.64,0.16,1.35,,,,,,0.48
2020-08-24,,,,0.65,0.14,1.35,,,,,,0.51
2020-08-25,,,,0.69,0.15,1.39,,,,,,0.54
2020-08-26,,,,0.69,0.16,1.41,,,,,,0.53
2020-08-27,,,,0.74,0.16,1.5,2.91,,,,,0.58
2020-08-28,,,,0.74,0.14,1.52,,,,,,0.6
2020-08-31,,,,0.72,0.14,1.49,,,,,,0.58
2020-09-01,259.997,268.933,0.09,0.68,0.13,1.43,,12057.0,7.8,,105.057,0.55
2020-09-02,,,,0.66,0.14,1.38,,,,,,0.52
2020-09-03,,,,0.63,0.13,1.34,2.93,,,,,0.5
2020-09-04,,,,0.72,0.14,1.46,,,,,,0.58
2020-09-07,,,,,,,,,,,,
2020-09-08,,,,0.69,0.14,1.43,,,,,,0.55
2020-09-09,,,,0.71,0.14,1.45,,,,,,0.57
2020-09-10,,,,0.68,0.14,1.43,2.86,,,,,0.54
2020-09-11,,,,0.67,0.13,1.42,,,,,,0.54
2020-09-14,,,,0.68,0.14,1.42,,,,,,0.54
2020-09-15,,,,0.68,0.14,1.43,,,,,,0.54
2020-09-16,,,,0.69,0.14,1.45,,,,,,0.55
2020-09-17,,,,0.69,0.13,1.43,2.87,,,,,0.56
2020-09-18,,,,0.7,0.14,1.45,,,,,,0.56
2020-09-21,,,,0.68,0.14,1.43,,,,,,0.54
2020-09-22,,,,0.68,0.13,1.42,,,,,,0.55
2020-09-23,,,,0.68,0.14,1.42,,,,,,0.54
2020-09-24,,,,0.67,0.14,1.4,2.9,,,,,0.53
2020-09-25,,,,0.66,0.12,1.4,,,,,,0.54
2020-09-28,,,,0.67,0.14,1.42,,,,,,0.53
2020-09-29,,,,0.66,0.11,1.41,,,,,,0.55
2020-09-30,,,,0.69,0.13,1.46,,,,,,0.56
2020-10-01,260.319,269.306,0.09,0.68,0.14,1.45,2.88,12086.0,6.9,20791.917,105.151,0.54
2020-10-02,,,,0.7,0.13,1.48,,,,,,0.57
2020-10-05,,,,0.78,0.14,1.57,,,,,,0.64
2020-10-06,,,,0.76,0.14,1.56,,,,,,0.62
2020-10-07,,,,0.81,0.16,1.6,,,,,,0.65
2020-10-08,,,,0.78,0.13,1.57,2.87,,,,,0.65
2020-10-09,,,,0.79,0.16,1.58,,,,,,0.63
2020-10-12,,,,,,,,,,,,
2020-10-13,,,,0.74,0.16,1.52,,,,,,0.58
2020-10-14,,,,0.73,0.14,1.5,,,,,,0.59
2020-10-15,,,,0.74,0.14,1.52,2.81,,,,,0.6
2020-10-16,,,,0.76,0.14,1.52,,,,,,0.62
2020-10-19,,,,0.78,0.16,1.55,,,,,,0.62
2020-10-20,,,,0.81,0.14,1.6,,,,,,0.67
2020-10-21,,,,0.83,0.14,1.62,,,,,,0.69
2020-10-22,,,,0.87,0.16,1.67,2.8,,,,,0.71
2020-10-23,,,,0.85,0.18,1.64,,,,,,0.67
2020-10-26,,,,0.81,0.16,1.59,,,,,,0.65
2020-10-27,,,,0.79,0.16,1.57,,,,,,0.63
2020-10-28,,,,0.79,0.16,1.56,,,,,,0.63
2020-10-29,,,,0.85,0.16,1.62,2.81,,,,,0.69
2020-10-30,,,,0.88,0.14,1.65,,,,,,0.74
2020-11-01,260.911,269.981,0.09,,,,,12118.0,6.7,,105.258,
2020-11-02,,,,0.87,0.16,1.63,,,,,,0.71
2020-11-03,,,,0.9,0.17,1.66,,,,,,0.73
2020-11-04,,,,0.78,0.14,1.55,,,,,,0.64
2020-11-05,,,,0.79,0.14,1.54,2.78,,,,,0.65
2020-11-06,,,,0.83,0.16,1.6,,,,,,0.67
2020-11-09,,,,0.96,0.17,1.73,,,,,,0.79
2020-11-10,,,,0.98,0.19,1.75,,,,,,0.79
2020-11-11,,,,,,,,,,,,
2020-11-12,,,,0.88,0.17,1.64,2.84,,,,,0.71
2020-11-13,,,,0.89,0.17,1.65,,,,,,0.72
2020-11-16,,,,0.91,0.19,1.66,,,,,,0.72
2020-11-17,,,,0.87,0.18,1.62,,,,,,0.69
2020-11-18,,,,0.88,0.16,1.62,,,,,,0.72
2020-11-19,,,,0.86,0.18,1.58,2.72,,,,,0.68
2020-11-20,,,,0.83,0.16,1.53,,,,,,0.67
2020-11-23,,,,0.86,0.16,1.56,,,,,,0.7
2020-11-24,,,,0.88,0.16,1.6,,,,,,0.72
2020-11-25,,,,0.88,0.17,1.62,2.72,,,,,0.71
2020-11-26,,,,,,,,,,,,
2020-11-27,,,,0.84,0.16,1.57,,,,,,0.68
2020-11-30,,,,0.84,0.16,1.58,,,,,,0.68
2020-12-01,262.045,270.341,0.09,0.92,0.17,1.66,,12153.0,6.7,,105.699,0.75
2020-12-02,,,,0.95,0.16,1.7,,,,,,0.79
2020-12-03,,,,0.92,0.16,1.67,2.71,,,,,0.76
2020-12-04,,,,0.97,0.16,1.73,,,,,,0.81
2020-12-07,,,,0.94,0.14,1.69,,,,,,0.8
2020-12-08,,,,0.92,0.14,1.67,,,,,,0.78
2020-12-09,,,,0.95,0.16,1.69,,,,,,0.79
2020-12-10,,,,0.92,0.14,1.65,2.71,,,,,0.78
2020-12-11,,,,0.9,0.11,1.63,,,,,,0.79
2020-12-14,,,,0.9,0.13,1.63,,,,,,0.77
2020-12-15,,,,0.92,0.11,1.65,,,,,,0.81
2020-12-16,,,,0.92,0.13,1.66,,,,,,0.79
2020-12-17,,,,0.94,0.13,1.68,2.67,,,,,0.81
2020-12-18,,,,0.95,0.13,1.7,,,,,,0.82
2020-12-21,,,,0.95,0.13,1.68,,,,,,0.82
2020-12-22,,,,0.93,0.13,1.65,,,,,,0.8
2020-12-23,,,,0.96,0.13,1.7,,,,,,0.83
2020-12-24,,,,0.94,0.13,1.66,2.66,,,,,0.81
2020-12-25,,,,,,,,,,,,
2020-12-28,,,,0.94,0.13,1.67,,,,,,0.81
2020-12-29,,,,0.94,0.12,1.67,,,,,,0.82
2020-12-30,,,,0.93,0.12,1.66,,,,,,0.81
2020-12-31,,,,0.93,0.13,1.65,2.67,,,,,0.8
2021-01-01,262.639,270.416,0.09,,,,,12145.0,6.4,21082.134,106.147,
2021-01-04,,,,0.93,0.11,1.66,,,,,,0.82
2021-01-05,,,,0.96,0.13,1.7,,,,,,0.83
2021-01-06,,,,1.04,0.14,1.81,,,,,,0.9
2021-01-07,,,,1.08,0.14,1.85,2.65,,,,,0.94
2021-01-08,,,,1.13,0.14,1.87,,,,,,0.99
2021-01-11,,,,1.15,0.14,1.88,,,,,,1.01
2021-01-12,,,,1.15,0.14,1.88,,,,,,1.01
2021-01-13,,,,1.1,0.14,1.82,,,,,,0.96
2021-01-14,,,,1.15,0.16,1.88,2.79,,,,,0.99
2021-01-15,,,,1.11,0.13,1.85,,,,,,0.98
2021-01-18,,,,,,,,,,,,
2021-01-19,,,,1.1,0.14,1.84,,,,,,0.96
2021-01-20,,,,1.1,0.13,1.84,,,,,,0.97
2021-01-21,,,,1.12,0.13,1.87,2.77,,,,,0.99
2021-01-22,,,,1.1,0.13,1.85,,,,,,0.97
2021-01-25,,,,1.05,0.13,1.8,,,,,,0.92
2021-01-26,,,,1.05,0.11,1.8,,,,,,0.94
2021-01-27,,,,1.04,0.12,1.79,,,,,,0.92
2021-01-28,,,,1.07,0.12,1.81,2.73,,,,,0.95
2021-01-29,,,,1.11,0.11,1.87,,,,,,1.0
2021-02-01,263.573,270.776,0.08,1.09,0.11,1.84,,12179.0,6.2,,106.5,0.98
2021-02-02,,,,1.12,0.11,1.87,,,,,,1.01
2021-02-03,,,,1.15,0.11,1.92,,,,,,1.04
2021-02-04,,,,1.15,0.11,1.93,2.73,,,,,1.04
2021-02-05,,,,1.19,0.09,1.97,,,,,,1.1
2021-02-08,,,,1.19,0.11,1.96,,,,,,1.08
2021-02-09,,,,1.18,0.11,1.95,,,,,,1.07
2021-02-10,,,,1.15,0.11,1.92,,,,,,1.04
2021-02-11,,,,1.16,0.11,1.94,2.73,,,,,1.05
2021-02-12,,,,1.2,0.11,2.01,,,,,,1.09
2021-02-15,,,,,,,,,,,,
2021-02-16,,,,1.3,0.13,2.08,,,,,,1.17
2021-02-17,,,,1.29,0.11,2.06,,,,,,1.18
2021-02-18,,,,1.29,0.11,2.08,2.81,,,,,1.18
2021-02-19,,,,1.34,0.11,2.14,,,,,,1.23
2021-02-22,,,,1.37,0.11,2.19,,,,,,1.26
2021-02-23,,,,1.37,0.11,2.21,,,,,,1.26
2021-02-24,,,,1.38,0.12,2.24,,,,,,1.26
2021-02-25,,,,1.54,0.17,2.33,2.97,,,,,1.37
2021-02-26,,,,1.44,0.14,2.17,,,,,,1.3
2021-03-01,264.847,271.453,0.07,1.45,0.13,2.23,,12232.0,6.1,,107.054,1.32
2021-03-02,,,,1.42,0.13,2.21,,,,,,1.29
2021-03-03,,,,1.47,0.14,2.25,,,,,,1.33
2021-03-04,,,,1.54,0.14,2.3,3.02,,,,,1.4
2021-03-05,,,,1.56,0.14,2.28,,,,,,1.42
2021-03-08,,,,1.59,0.17,2.31,,,,,,1.42
2021-03-09,,,,1.55,0.17,2.26,,,,,,1.38
2021-03-10,,,,1.53,0.16,2.24,,,,,,1.37
2021-03-11,,,,1.54,0.14,2.29,3.05,,,,,1.4
2021-03-12,,,,1.64,0.14,2.4,,,,,,1.5
2021-03-15,,,,1.62,0.14,2.37,,,,,,1.48
2021-03-16,,,,1.62,0.15,2.38,,,,,,1.47
2021-03-17,,,,1.63,0.13,2.42,,,,,,1.5
2021-03-18,,,,1.71,0.16,2.45,3.09,,,,,1.55
2021-03-19,,,,1.74,0.16,2.45,,,,,,1.58
2021-03-22,,,,1.69,0.15,2.38,,,,,,1.54
2021-03-23,,,,1.63,0.15,2.34,,,,,,1.48
2021-03-24,,,,1.62,0.14,2.31,,,,,,1.48
2021-03-25,,,,1.63,0.14,2.34,3.17,,,,,1.49
2021-03-26,,,,1.67,0.14,2.37,,,,,,1.53
2021-03-29,,,,1.73,0.14,2.43,,,,,,1.59
2021-03-30,,,,1.73,0.16,2.38,,,,,,1.57
2021-03-31,,,,1.74,0.16,2.41,,,,,,1.58
2021-04-01,266.625,273.626,0.07,1.69,0.17,2.34,3.18,12191.0,6.1,21440.929,107.618,1.52
2021-04-02,,,,1.72,0.19,2.35,,,,,,1.53
2021-04-05,,,,1.73,0.17,2.36,,,,,,1.56
2021-04-06,,,,1.67,0.16,2.32,,,,,,1.51
2021-04-07,,,,1.68,0.16,2.35,,,,,,1.52
2021-04-08,,,,1.64,0.14,2.32,3.13,,,,,1.5
2021-04-09,,,,1.67,0.16,2.34,,,,,,1.51
2021-04-12,,,,1.69,0.18,2.34,,,,,,1.51
2021-04-13,,,,1.64,0.16,2.32,,,,,,1.48
2021-04-14,,,,1.64,0.16,2.32,,,,,,1.48
2021-04-15,,,,1.56,0.16,2.23,3.04,,,,,1.4
2021-04-16,,,,1.59,0.16,2.26,,,,,,1.43
2021-04-19,,,,1.61,0.16,2.29,,,,,,1.45
2021-04-20,,,,1.58,0.15,2.27,,,,,,1.43
2021-04-21,,,,1.57,0.15,2.26,,,,,,1.42
2021-04-22,,,,1.57,0.16,2.24,2.97,,,,,1.41
2021-04-23,,,,1.58,0.16,2.25,,,,,,1.42
2021-04-26,,,,1.58,0.18,2.24,,,,,,1.4
2021-04-27,,,,1.63,0.17,2.29,,,,,,1.46
2021-04-28,,,,1.63,0.17,2.29,,,,,,1.46
2021-04-29,,,,1.65,0.16,2.31,2.98,,,,,1.49
2021-04-30,,,,1.65,0.16,2.3,,,,,,1.49
2021-05-01,268.404,275.457,0.06,,,,,12219.0,5.8,,108.175,
2021-05-03,,,,1.63,0.16,2.3,,,,,,1.47
2021-05-04,,,,1.61,0.16,2.27,,,,,,1.45
2021-05-05,,,,1.59,0.16,2.25,,,,,,1.43
2021-05-06,,,,1.58,0.16,2.24,2.96,,,,,1.42
2021-05-07,,,,1.6,0.14,2.28,,,,,,1.46
2021-05-10,,,,1.63,0.16,2.32,,,,,,1.47
2021-05-11,,,,1.64,0.16,2.35,,,,,,1.48
2021-05-12,,,,1.69,0.16,2.4,,,,,,1.53
2021-05-13,,,,1.66,0.16,2.39,2.94,,,,,1.5
2021-05-14,,,,1.63,0.16,2.35,,,,,,1.47
2021-05-17,,,,1.64,0.16,2.36,,,,,,1.48
2021-05-18,,,,1.64,0.16,2.37,,,,,,1.48
2021-05-19,,,,1.68,0.16,2.38,,,,,,1.52
2021-05-20,,,,1.63,0.15,2.34,3.0,,,,,1.48
2021-05-21,,,,1.63,0.17,2.33,,,,,,1.46
2021-05-24,,,,1.61,0.15,2.31,,,,,,1.46
2021-05-25,,,,1.56,0.15,2.26,,,,,,1.41
2021-05-26,,,,1.58,0.14,2.27,,,,,,1.44
2021-05-27,,,,1.61,0.14,2.29,2.95,,,,,1.47
2021-05-28,,,,1.58,0.14,2.26,,,,,,1.44
2021-05-31,,,,,,,,,,,,
2021-06-01,270.71,277.608,0.08,1.62,0.16,2.3,,12249.0,5.9,,108.76,1.46
2021-06-02,,,,1.59,0.13,2.28,,,,,,1.46
2021-06-03,,,,1.63,0.16,2.3,2.99,,,,,1.47
2021-06-04,,,,1.56,0.14,2.24,,,,,,1.42
2021-06-07,,,,1.57,0.16,2.25,,,,,,1.41
2021-06-08,,,,1.53,0.14,2.21,,,,,,1.39
2021-06-09,,,,1.5,0.16,2.17,,,,,,1.34
2021-06-10,,,,1.45,0.14,2.15,2.96,,,,,1.31
2021-06-11,,,,1.47,0.16,2.15,,,,,,1.31
2021-06-14,,,,1.51,0.16,2.19,,,,,,1.35
2021-06-15,,,,1.51,0.16,2.2,,,,,,1.35
2021-06-16,,,,1.57,0.21,2.2,,,,,,1.36
2021-06-17,,,,1.52,0.23,2.11,2.93,,,,,1.29
2021-06-18,,,,1.45,0.26,2.01,,,,,,1.19
2021-06-21,,,,1.5,0.27,2.11,,,,,,1.23
2021-06-22,,,,1.48,0.25,2.1,,,,,,1.23
2021-06-23,,,,1.5,0.26,2.11,,,,,,1.24
2021-06-24,,,,1.49,0.26,2.1,3.02,,,,,1.23
2021-06-25,,,,1.54,0.28,2.16,,,,,,1.26
2021-06-28,,,,1.49,0.25,2.1,,,,,,1.24
2021-06-29,,,,1.49,0.27,2.1,,,,,,1.22
2021-06-30,,,,1.45,0.25,2.06,,,,,,1.2
2021-07-01,271.965,278.639,0.1,1.48,0.25,2.07,2.98,12303.0,5.4,21617.828,109.256,1.23
2021-07-02,,,,1.44,0.24,2.05,,,,,,1.2
2021-07-05,,,,,,,,,,,,
2021-07-06,,,,1.37,0.22,2.0,,,,,,1.15
2021-07-07,,,,1.33,0.22,1.94,,,,,,1.11
2021-07-08,,,,1.3,0.19,1.91,2.9,,,,,1.11
2021-07-09,,,,1.37,0.23,1.99,,,,,,1.14
2021-07-12,,,,1.38,0.23,2.0,,,,,,1.15
2021-07-13,,,,1.42,0.26,2.04,,,,,,1.16
2021-07-14,,,,1.37,0.23,1.98,,,,,,1.14
2021-07-15,,,,1.31,0.23,1.92,2.88,,,,,1.08
2021-07-16,,,,1.31,0.25,1.93,,,,,,1.06
2021-07-19,,,,1.19,0.21,1.81,,,,,,0.98
2021-07-20,,,,1.23,0.2,1.88,,,,,,1.03
2021-07-21,,,,1.3,0.22,1.94,,,,,,1.08
2021-07-22,,,,1.27,0.2,1.9,2.78,,,,,1.07
2021-07-23,,,,1.3,0.22,1.92,,,,,,1.08
2021-07-26,,,,1.29,0.22,1.93,,,,,,1.07
2021-07-27,,,,1.25,0.2,1.89,,,,,,1.05
2021-07-28,,,,1.26,0.2,1.9,,,,,,1.06
2021-07-29,,,,1.28,0.2,1.91,2.8,,,,,1.08
2021-07-30,,,,1.24,0.19,1.89,,,,,,1.05
2021-08-01,272.752,279.021,0.09,,,,,12349.0,5.1,,109.674,
2021-08-02,,,,1.2,0.17,1.86,,,,,,1.03
2021-08-03,,,,1.19,0.17,1.85,,,,,,1.02
2021-08-04,,,,1.19,0.17,1.83,,,,,,1.02
2021-08-05,,,,1.23,0.21,1.86,2.77,,,,,1.02
2021-08-06,,,,1.31,0.21,1.94,,,,,,1.1
2021-08-09,,,,1.33,0.23,1.96,,,,,,1.1
2021-08-10,,,,1.36,0.24,1.99,,,,,,1.12
2021-08-11,,,,1.35,0.23,1.99,,,,,,1.12
2021-08-12,,,,1.36,0.23,2.03,2.87,,,,,1.13
2021-08-13,,,,1.29,0.23,1.94,,,,,,1.06
2021-08-16,,,,1.26,0.21,1.92,,,,,,1.05
2021-08-17,,,,1.26,0.23,1.92,,,,,,1.03
2021-08-18,,,,1.27,0.23,1.91,,,,,,1.04
2021-08-19,,,,1.24,0.22,1.88,2.86,,,,,1.02
2021-08-20,,,,1.26,0.23,1.87,,,,,,1.03
2021-08-23,,,,1.25,0.23,1.87,,,,,,1.02
2021-08-24,,,,1.29,0.24,1.91,,,,,,1.05
2021-08-25,,,,1.35,0.23,1.96,,,,,,1.12
2021-08-26,,,,1.34,0.25,1.94,2.87,,,,,1.09
2021-08-27,,,,1.31,0.22,1.91,,,,,,1.09
2021-08-30,,,,1.29,0.2,1.9,,,,,,1.09
2021-08-31,,,,1.3,0.2,1.92,,,,,,1.1
2021-09-01,273.942,279.727,0.08,1.31,0.2,1.92,,12391.0,4.7,,110.034,1.11
2021-09-02,,,,1.29,0.2,1.9,2.87,,,,,1.09
2021-09-03,,,,1.33,0.21,1.94,,,,,,1.12
2021-09-06,,,,,,,,,,,,
2021-09-07,,,,1.38,0.22,1.99,,,,,,1.16
2021-09-08,,,,1.35,0.22,1.95,,,,,,1.13
2021-09-09,,,,1.3,0.23,1.9,2.88,,,,,1.07
2021-09-10,,,,1.35,0.23,1.94,,,,,,1.12
2021-09-13,,,,1.33,0.21,1.91,,,,,,1.12
2021-09-14,,,,1.28,0.21,1.85,,,,,,1.07
2021-09-15,,,,1.31,0.21,1.87,,,,,,1.1
2021-09-16,,,,1.34,0.23,1.88,2.86,,,,,1.11
2021-09-17,,,,1.37,0.23,1.91,,,,,,1.14
2021-09-20,,,,1.31,0.23,1.85,,,,,,1.08
2021-09-21,,,,1.33,0.22,1.86,,,,,,1.11
2021-09-22,,,,1.32,0.25,1.84,,,,,,1.07
2021-09-23,,,,1.41,0.27,1.92,2.88,,,,,1.14
2021-09-24,,,,1.47,0.29,1.99,,,,,,1.18
2021-09-27,,,,1.48,0.31,1.99,,,,,,1.17
2021-09-28,,,,1.54,0.31,2.07,,,,,,1.23
2021-09-29,,,,1.55,0.3,2.09,,,,,,1.25
2021-09-30,,,,1.52,0.28,2.08,3.01,,,,,1.24
2021-10-01,276.528,281.649,0.08,1.48,0.27,2.04,,12454.0,4.5,21988.737,110.762,1.21
2021-10-04,,,,1.49,0.27,2.05,,,,,,1.22
2021-10-05,,,,1.54,0.28,2.1,,,,,,1.26
2021-10-06,,,,1.53,0.3,2.08,,,,,,1.23
2021-10-07,,,,1.58,0.32,2.13,2.99,,,,,1.26
2021-10-08,,,,1.61,0.32,2.16,,,,,,1.29
2021-10-11,,,,,,,,,,,,
2021-10-12,,,,1.59,0.35,2.1,,,,,,1.24
2021-10-13,,,,1.56,0.37,2.05,,,,,,1.19
2021-10-14,,,,1.52,0.36,2.02,3.05,,,,,1.16
2021-10-15,,,,1.59,0.41,2.05,,,,,,1.18
2021-10-18,,,,1.59,0.44,2.01,,,,,,1.15
2021-10-19,,,,1.65,0.41,2.09,,,,,,1.24
2021-10-20,,,,1.65,0.4,2.12,,,,,,1.25
2021-10-21,,,,1.68,0.45,2.13,3.09,,,,,1.23
2021-10-22,,,,1.66,0.48,2.08,,,,,,1.18
2021-10-25,,,,1.64,0.47,2.09,,,,,,1.17
2021-10-26,,,,1.63,0.47,2.05,,,,,,1.16
2021-10-27,,,,1.54,0.5,1.95,,,,,,1.04
2021-10-28,,,,1.57,0.5,1.96,3.14,,,,,1.07
2021-10-29,,,,1.55,0.48,1.93,,,,,,1.07
2021-11-01,278.824,283.411,0.08,1.58,0.5,1.98,,12498.0,4.1,,111.5,1.08
2021-11-02,,,,1.56,0.46,1.96,,,,,,1.1
2021-11-03,,,,1.6,0.47,2.0,,,,,,1.13
2021-11-04,,,,1.53,0.41,1.96,3.09,,,,,1.12
2021-11-05,,,,1.45,0.39,1.87,,,,,,1.06
2021-11-08,,,,1.51,0.45,1.89,,,,,,1.06
2021-11-09,,,,1.46,0.41,1.83,,,,,,1.05
2021-11-10,,,,1.56,0.51,1.92,2.98,,,,,1.05
2021-11-11,,,,,,,,,,,,
2021-11-12,,,,1.58,0.53,1.95,,,,,,1.05
2021-11-15,,,,1.63,0.53,2.01,,,,,,1.1
2021-11-16,,,,1.63,0.54,2.02,,,,,,1.09
2021-11-17,,,,1.6,0.52,2.0,,,,,,1.08
2021-11-18,,,,1.59,0.52,1.97,3.1,,,,,1.07
2021-11-19,,,,1.54,0.52,1.91,,,,,,1.02
2021-11-22,,,,1.63,0.63,1.98,,,,,,1.0
2021-11-23,,,,1.67,0.6,2.02,,,,,,1.07
2021-11-24,,,,1.64,0.64,1.96,3.1,,,,,1.0
2021-11-25,,,,,,,,,,,,
2021-11-26,,,,1.48,0.5,1.83,,,,,,0.98
2021-11-29,,,,1.52,0.51,1.87,,,,,,1.01
2021-11-30,,,,1.43,0.52,1.78,,,,,,0.91
2021-12-01,280.806,285.221,0.08,1.43,0.56,1.77,,12532.0,3.9,,112.191,0.87
2021-12-02,,,,1.44,0.63,1.76,3.11,,,,,0.81
2021-12-03,,,,1.35,0.6,1.69,,,,,,0.75
2021-12-06,,,,1.43,0.65,1.75,,,,,,0.78
2021-12-07,,,,1.48,0.7,1.8,,,,,,0.78
2021-12-08,,,,1.52,0.68,1.87,,,,,,0.84
2021-12-09,,,,1.49,0.7,1.87,3.1,,,,,0.79
2021-12-10,,,,1.48,0.67,1.88,,,,,,0.81
2021-12-13,,,,1.42,0.66,1.81,,,,,,0.76
2021-12-14,,,,1.44,0.67,1.82,,,,,,0.77
2021-12-15,,,,1.47,0.69,1.86,,,,,,0.78
2021-12-16,,,,1.44,0.64,1.87,3.12,,,,,0.8
2021-12-17,,,,1.41,0.66,1.82,,,,,,0.75
2021-12-20,,,,1.43,0.65,1.85,,,,,,0.78
2021-12-21,,,,1.48,0.7,1.89,,,,,,0.78
2021-12-22,,,,1.46,0.68,1.86,,,,,,0.78
2021-12-23,,,,1.5,0.71,1.91,3.05,,,,,0.79
2021-12-24,,,,,,,,,,,,
2021-12-27,,,,1.48,0.76,1.88,,,,,,0.72
2021-12-28,,,,1.49,0.74,1.9,,,,,,0.75
2021-12-29,,,,1.55,0.75,1.96,,,,,,0.8
2021-12-30,,,,1.52,0.73,1.93,3.11,,,,,0.79
2021-12-31,,,,1.52,0.73,1.9,,,,,,0.79
2022-01-01,282.542,286.799,0.08,,,,,12560.0,4.0,21932.71,112.805,
2022-01-03,,,,1.63,0.78,2.01,,,,,,0.85
2022-01-04,,,,1.66,0.77,2.07,,,,,,0.89
2022-01-05,,,,1.71,0.83,2.09,,,,,,0.88
2022-01-06,,,,1.73,0.88,2.09,3.22,,,,,0.85
2022-01-07,,,,1.76,0.87,2.11,,,,,,0.89
2022-01-10,,,,1.78,0.92,2.11,,,,,,0.86
2022-01-11,,,,1.75,0.9,2.08,,,,,,0.85
2022-01-12,,,,1.74,0.92,2.08,,,,,,0.82
2022-01-13,,,,1.7,0.91,2.05,3.45,,,,,0.79
2022-01-14,,,,1.78,0.99,2.12,,,,,,0.79
2022-01-17,,,,,,,,,,,,
2022-01-18,,,,1.87,1.06,2.18,,,,,,0.81
2022-01-19,,,,1.83,1.04,2.14,,,,,,0.79
2022-01-20,,,,1.83,1.08,2.14,3.56,,,,,0.75
2022-01-21,,,,1.75,1.01,2.07,,,,,,0.74
2022-01-24,,,,1.75,0.99,2.1,,,,,,0.76
2022-01-25,,,,1.78,1.02,2.12,,,,,,0.76
2022-01-26,,,,1.85,1.13,2.16,,,,,,0.72
2022-01-27,,,,1.81,1.18,2.09,3.55,,,,,0.63
2022-01-28,,,,1.78,1.15,2.07,,,,,,0.63
2022-01-31,,,,1.79,1.18,2.11,,,,,,0.61
2022-02-01,284.525,288.256,0.08,1.81,1.18,2.12,,12608.0,3.9,,113.471,0.63
2022-02-02,,,,1.78,1.16,2.11,,,,,,0.62
2022-02-03,,,,1.82,1.19,2.14,3.55,,,,,0.63
2022-02-04,,,,1.93,1.31,2.23,,,,,,0.62
2022-02-07,,,,1.92,1.3,2.22,,,,,,0.62
2022-02-08,,,,1.96,1.35,2.25,,,,,,0.61
2022-02-09,,,,1.94,1.36,2.25,,,,,,0.58
2022-02-10,,,,2.03,1.61,2.3,3.69,,,,,0.42
2022-02-11,,,,1.92,1.5,2.24,,,,,,0.42
2022-02-14,,,,1.98,1.58,2.29,,,,,,0.4
2022-02-15,,,,2.05,1.58,2.37,,,,,,0.47
2022-02-16,,,,2.03,1.52,2.34,,,,,,0.51
2022-02-17,,,,1.97,1.49,2.31,3.92,,,,,0.48
2022-02-18,,,,1.92,1.47,2.24,,,,,,0.45
2022-02-21,,,,,,,,,,,,
2022-02-22,,,,1.94,1.56,2.24,,,,,,0.38
2022-02-23,,,,1.99,1.58,2.29,,,,,,0.41
2022-02-24,,,,1.96,1.54,2.28,3.89,,,,,0.42
2022-02-25,,,,1.97,1.55,2.29,,,,,,0.42
2022-02-28,,,,1.83,1.44,2.17,,,,,,0.39
2022-03-01,287.467,289.044,0.2,1.72,1.31,2.11,,12676.0,3.7,,114.469,0.41
2022-03-02,,,,1.86,1.5,2.24,,,,,,0.36
2022-03-03,,,,1.86,1.53,2.24,3.76,,,,,0.33
2022-03-04,,,,1.74,1.5,2.16,,,,,,0.24
2022-03-07,,,,1.78,1.55,2.19,,,,,,0.23
2022-03-08,,,,1.86,1.63,2.24,,,,,,0.23
2022-03-09,,,,1.94,1.68,2.29,,,,,,0.26
2022-03-10,,,,1.98,1.72,2.38,3.85,,,,,0.26
2022-03-11,,,,2.0,1.75,2.36,,,,,,0.25
2022-03-14,,,,2.14,1.87,2.47,,,,,,0.27
2022-03-15,,,,2.15,1.85,2.49,,,,,,0.3
2022-03-16,,,,2.19,1.95,2.46,,,,,,0.24
2022-03-17,,,,2.2,1.94,2.5,4.16,,,,,0.26
2022-03-18,,,,2.14,1.97,2.42,,,,,,0.17
2022-03-21,,,,2.32,2.14,2.55,,,,,,0.18
2022-03-22,,,,2.38,2.18,2.6,,,,,,0.2
2022-03-23,,,,2.32,2.13,2.52,,,,,,0.19
2022-03-24,,,,2.34,2.13,2.51,4.42,,,,,0.21
2022-03-25,,,,2.48,2.3,2.6,,,,,,0.18
2022-03-28,,,,2.46,2.35,2.57,,,,,,0.11
2022-03-29,,,,2.41,2.35,2.53,,,,,,0.06
2022-03-30,,,,2.35,2.31,2.48,,,,,,0.04
2022-03-31,,,,2.32,2.28,2.44,4.67,,,,,0.04
2022-04-01,288.582,290.474,0.33,2.39,2.44,2.44,,12725.0,3.7,21967.045,114.812,-0.05
2022-04-04,,,,2.42,2.43,2.48,,,,,,-0.01
2022-04-05,,,,2.54,2.51,2.57,,,,,,0.03
2022-04-06,,,,2.61,2.5,2.63,,,,,,0.11
2022-04-07,,,,2.66,2.47,2.69,4.72,,,,,0.19
2022-04-08,,,,2.72,2.53,2.76,,,,,,0.19
2022-04-11,,,,2.79,2.5,2.84,,,,,,0.29
2022-04-12,,,,2.72,2.39,2.82,,,,,,0.33
2022-04-13,,,,2.7,2.37,2.81,,,,,,0.33
2022-04-14,,,,2.83,2.47,2.92,5.0,,,,,0.36
2022-04-15,,,,,,,,,,,,
2022-04-18,,,,2.85,2.46,2.95,,,,,,0.39
2022-04-19,,,,2.93,2.61,3.01,,,,,,0.32
2022-04-20,,,,2.85,2.6,2.9,,,,,,0.25
2022-04-21,,,,2.9,2.68,2.94,5.11,,,,,0.22
2022-04-22,,,,2.9,2.72,2.95,,,,,,0.18
2022-04-25,,,,2.81,2.63,2.88,,,,,,0.18
2022-04-26,,,,2.77,2.54,2.86,,,,,,0.23
2022-04-27,,,,2.82,2.58,2.91,,,,,,0.24
2022-04-28,,,,2.85,2.63,2.92,5.1,,,,,0.22
2022-04-29,,,,2.89,2.7,2.96,,,,,,0.19
2022-05-01,291.299,292.039,0.77,,,,,12739.0,3.6,,115.525,
2022-05-02,,,,2.99,2.73,3.07,,,,,,0.26
2022-05-03,,,,2.97,2.78,3.03,,,,,,0.19
2022-05-04,,,,2.93,2.66,3.01,,,,,,0.27
2022-05-05,,,,3.05,2.71,3.15,5.27,,,,,0.34
2022-05-06,,,,3.12,2.72,3.23,,,,,,0.4
2022-05-09,,,,3.05,2.61,3.19,,,,,,0.44
2022-05-10,,,,2.99,2.62,3.12,,,,,,0.37
2022-05-11,,,,2.91,2.66,3.05,,,,,,0.25
2022-05-12,,,,2.84,2.56,3.0,5.3,,,,,0.28
2022-05-13,,,,2.93,2.61,3.1,,,,,,0.32
2022-05-16,,,,2.88,2.58,3.09,,,,,,0.3
2022-05-17,,,,2.98,2.71,3.17,,,,,,0.27
2022-05-18,,,,2.89,2.68,3.07,,,,,,0.21
2022-05-19,,,,2.84,2.63,3.05,5.25,,,,,0.21
2022-05-20,,,,2.78,2.6,2.99,,,,,,0.18
2022-05-23,,,,2.86,2.65,3.08,,,,,,0.21
2022-05-24,,,,2.76,2.5,2.98,,,,,,0.26
2022-05-25,,,,2.75,2.48,2.97,,,,,,0.27
2022-05-26,,,,2.75,2.46,2.99,5.1,,,,,0.29
2022-05-27,,,,2.74,2.47,2.97,,,,,,0.27
2022-05-30,,,,,,,,,,,,
2022-05-31,,,,2.85,2.53,3.07,,,,,,0.32
2022-06-01,295.072,294.009,1.21,2.94,2.66,3.09,,12768.0,3.6,,116.638,0.28
2022-06-02,,,,2.92,2.65,3.09,5.09,,,,,0.27
2022-06-03,,,,2.96,2.66,3.11,,,,,,0.3
2022-06-06,,,,3.04,2.73,3.19,,,,,,0.31
2022-06-07,,,,2.98,2.75,3.13,,,,,,0.23
2022-06-08,,,,3.03,2.78,3.18,,,,,,0.25
2022-06-09,,,,3.04,2.83,3.18,5.23,,,,,0.21
2022-06-10,,,,3.15,3.06,3.2,,,,,,0.09
2022-06-13,,,,3.43,3.4,3.42,,,,,,0.03
2022-06-14,,,,3.49,3.45,3.45,,,,,,0.04
2022-06-15,,,,3.33,3.2,3.39,,,,,,0.13
2022-06-16,,,,3.28,3.14,3.35,5.78,,,,,0.14
2022-06-17,,,,3.25,3.17,3.3,,,,,,0.08
2022-06-20,,,,,,,,,,,,
2022-06-21,,,,3.31,3.21,3.39,,,,,,0.1
2022-06-22,,,,3.16,3.06,3.25,,,,,,0.1
2022-06-23,,,,3.09,3.01,3.21,5.81,,,,,0.08
2022-06-24,,,,3.13,3.04,3.26,,,,,,0.09
2022-06-27,,,,3.2,3.08,3.31,,,,,,0.12
2022-06-28,,,,3.2,3.1,3.3,,,,,,0.1
2022-06-29,,,,3.1,3.06,3.22,,,,,,0.04
2022-06-30,,,,2.98,2.92,3.14,5.7,,,,,0.06
2022-07-01,294.94,295.08,1.68,2.88,2.84,3.11,,12800.0,3.5,22125.625,116.631,0.04
2022-07-04,,,,,,,,,,,,
2022-07-05,,,,2.82,2.82,3.05,,,,,,0.0
2022-07-06,,,,2.93,2.97,3.14,,,,,,-0.04
2022-07-07,,,,3.01,3.03,3.2,5.3,,,,,-0.02
2022-07-08,,,,3.09,3.12,3.27,,,,,,-0.03
2022-07-11,,,,2.99,3.07,3.18,,,,,,-0.08
2022-07-12,,,,2.96,3.03,3.13,,,,,,-0.07
2022-07-13,,,,2.91,3.13,3.08,,,,,,-0.22
2022-07-14,,,,2.96,3.15,3.11,5.51,,,,,-0.19
2022-07-15,,,,2.93,3.13,3.1,,,,,,-0.2
2022-07-18,,,,2.96,3.15,3.14,,,,,,-0.19
2022-07-19,,,,3.01,3.23,3.17,,,,,,-0.22
2022-07-20,,,,3.04,3.25,3.17,,,,,,-0.21
2022-07-21,,,,2.91,3.1,3.08,5.54,,,,,-0.19
2022-07-22,,,,2.77,2.98,3.0,,,,,,-0.21
2022-07-25,,,,2.81,3.0,3.04,,,,,,-0.19
2022-07-26,,,,2.81,3.02,3.03,,,,,,-0.21
2022-07-27,,,,2.78,2.96,3.03,,,,,,-0.18
2022-07-28,,,,2.68,2.85,3.02,5.3,,,,,-0.17
2022-07-29,,,,2.67,2.89,3.0,,,,,,-0.22
2022-08-01,295.162,296.582,2.33,2.6,2.9,2.92,,12826.0,3.6,,116.956,-0.3
2022-08-02,,,,2.75,3.06,3.0,,,,,,-0.31
2022-08-03,,,,2.73,3.1,2.96,,,,,,-0.37
2022-08-04,,,,2.68,3.03,2.97,4.99,,,,,-0.35
2022-08-05,,,,2.83,3.24,3.06,,,,,,-0.41
2022-08-08,,,,2.77,3.21,3.0,,,,,,-0.44
2022-08-09,,,,2.8,3.28,3.01,,,,,,-0.48
2022-08-10,,,,2.78,3.23,3.04,,,,,,-0.45
2022-08-11,,,,2.87,3.23,3.15,5.22,,,,,-0.36
2022-08-12,,,,2.84,3.25,3.12,,,,,,-0.41
2022-08-15,,,,2.79,3.2,3.1,,,,,,-0.41
2022-08-16,,,,2.82,3.25,3.11,,,,,,-0.43
2022-08-17,,,,2.89,3.28,3.15,,,,,,-0.39
2022-08-18,,,,2.88,3.22,3.14,5.13,,,,,-0.34
2022-08-19,,,,2.98,3.25,3.22,,,,,,-0.27
2022-08-22,,,,3.03,3.32,3.24,,,,,,-0.29
2022-08-23,,,,3.05,3.29,3.26,,,,,,-0.24
2022-08-24,,,,3.11,3.36,3.32,,,,,,-0.25
2022-08-25,,,,3.03,3.35,3.25,5.55,,,,,-0.32
2022-08-26,,,,3.04,3.37,3.21,,,,,,-0.33
2022-08-29,,,,3.12,3.42,3.25,,,,,,-0.3
2022-08-30,,,,3.11,3.46,3.23,,,,,,-0.35
2022-08-31,,,,3.15,3.45,3.27,,,,,,-0.3
2022-09-01,296.421,298.281,2.56,3.26,3.51,3.37,5.66,12848.0,3.5,,117.371,-0.25
2022-09-02,,,,3.2,3.4,3.35,,,,,,-0.2
2022-09-05,,,,,,,,,,,,
2022-09-06,,,,3.33,3.5,3.49,,,,,,-0.17
2022-09-07,,,,3.27,3.45,3.42,,,,,,-0.18
2022-09-08,,,,3.29,3.48,3.45,5.89,,,,,-0.19
2022-09-09,,,,3.33,3.56,3.47,,,,,,-0.23
2022-09-12,,,,3.37,3.58,3.53,,,,,,-0.21
2022-09-13,,,,3.42,3.75,3.51,,,,,,-0.33
2022-09-14,,,,3.41,3.78,3.47,,,,,,-0.37
2022-09-15,,,,3.45,3.87,3.48,6.02,,,,,-0.42
2022-09-16,,,,3.45,3.85,3.52,,,,,,-0.4
2022-09-19,,,,3.49,3.95,3.52,,,,,,-0.46
2022-09-20,,,,3.57,3.96,3.59,,,,,,-0.39
2022-09-21,,,,3.51,4.02,3.5,,,,,,-0.51
2022-09-22,,,,3.7,4.11,3.65,6.29,,,,,-0.41
2022-09-23,,,,3.69,4.2,3.61,,,,,,-0.51
2022-09-26,,,,3.88,4.27,3.72,,,,,,-0.39
2022-09-27,,,,3.97,4.3,3.87,,,,,,-0.33
2022-09-28,,,,3.72,4.07,3.7,,,,,,-0.35
2022-09-29,,,,3.76,4.16,3.71,6.7,,,,,-0.4
2022-09-30,,,,3.83,4.22,3.79,,,,,,-0.39
2022-10-01,297.979,299.381,3.08,,,,,12883.0,3.6,22278.345,117.919,
2022-10-03,,,,3.67,4.12,3.73,,,,,,-0.45
2022-10-04,,,,3.62,4.1,3.7,,,,,,-0.48
2022-10-05,,,,3.76,4.15,3.78,,,,,,-0.39
2022-10-06,,,,3.83,4.23,3.81,6.66,,,,,-0.4
2022-10-07,,,,3.89,4.3,3.86,,,,,,-0.41
2022-10-10,,,,,,,,,,,,
2022-10-11,,,,3.93,4.3,3.92,,,,,,-0.37
2022-10-12,,,,3.91,4.28,3.9,,,,,,-0.37
2022-10-13,,,,3.97,4.47,3.97,6.92,,,,,-0.5
2022-10-14,,,,4.0,4.48,3.99,,,,,,-0.48
2022-10-17,,,,4.02,4.45,4.04,,,,,,-0.43
2022-10-18,,,,4.01,4.43,4.04,,,,,,-0.42
2022-10-19,,,,4.14,4.55,4.15,,,,,,-0.41
2022-10-20,,,,4.24,4.62,4.24,6.94,,,,,-0.38
2022-10-21,,,,4.21,4.49,4.33,,,,,,-0.28
2022-10-24,,,,4.25,4.5,4.4,,,,,,-0.25
2022-10-25,,,,4.1,4.42,4.26,,,,,,-0.32
2022-10-26,,,,4.04,4.39,4.19,,,,,,-0.35
2022-10-27,,,,3.96,4.3,4.12,7.08,,,,,-0.34
2022-10-28,,,,4.02,4.41,4.15,,,,,,-0.39
2022-10-31,,,,4.1,4.51,4.22,,,,,,-0.41
2022-11-01,298.708,300.316,3.78,4.07,4.54,4.14,,12896.0,3.6,,118.224,-0.47
2022-11-02,,,,4.1,4.61,4.15,,,,,,-0.51
2022-11-03,,,,4.14,4.71,4.18,6.95,,,,,-0.57
2022-11-04,,,,4.17,4.66,4.27,,,,,,-0.49
2022-11-07,,,,4.22,4.72,4.34,,,,,,-0.5
2022-11-08,,,,4.14,4.67,4.28,,,,,,-0.53
2022-11-09,,,,4.12,4.61,4.31,,,,,,-0.49
2022-11-10,,,,3.82,4.34,4.03,7.08,,,,,-0.52
2022-11-11,,,,,,,,,,,,
2022-11-14,,,,3.88,4.4,4.07,,,,,,-0.52
2022-11-15,,,,3.8,4.37,3.98,,,,,,-0.57
2022-11-16,,,,3.67,4.35,3.85,,,,,,-0.68
2022-11-17,,,,3.77,4.43,3.89,6.61,,,,,-0.66
2022-11-18,,,,3.82,4.51,3.92,,,,,,-0.69
2022-11-21,,,,3.83,4.48,3.91,,,,,,-0.65
2022-11-22,,,,3.76,4.47,3.83,,,,,,-0.71
2022-11-23,,,,3.71,4.46,3.74,6.58,,,,,-0.75
2022-11-24,,,,,,,,,,,,
2022-11-25,,,,3.68,4.42,3.74,,,,,,-0.74
2022-11-28,,,,3.69,4.46,3.74,,,,,,-0.77
2022-11-29,,,,3.75,4.48,3.81,,,,,,-0.73
2022-11-30,,,,3.68,4.38,3.8,,,,,,-0.7
2022-12-01,298.808,301.433,4.1,3.53,4.25,3.64,6.49,12889.0,3.5,,118.384,-0.72
2022-12-02,,,,3.51,4.28,3.56,,,,,,-0.77
2022-12-05,,,,3.6,4.41,3.62,,,,,,-0.81
2022-12-06,,,,3.51,4.34,3.52,,,,,,-0.83
2022-12-07,,,,3.42,4.26,3.42,,,,,,-0.84
2022-12-08,,,,3.48,4.31,3.44,6.33,,,,,-0.83
2022-12-09,,,,3.57,4.33,3.56,,,,,,-0.76
2022-12-12,,,,3.61,4.39,3.57,,,,,,-0.78
2022-12-13,,,,3.51,4.22,3.53,,,,,,-0.71
2022-12-14,,,,3.49,4.23,3.52,,,,,,-0.74
2022-12-15,,,,3.44,4.23,3.48,6.31,,,,,-0.79
2022-12-16,,,,3.48,4.17,3.53,,,,,,-0.69
2022-12-19,,,,3.57,4.25,3.62,,,,,,-0.68
2022-12-20,,,,3.69,4.25,3.74,,,,,,-0.56
2022-12-21,,,,3.68,4.21,3.74,,,,,,-0.53
2022-12-22,,,,3.67,4.24,3.73,6.27,,,,,-0.57
2022-12-23,,,,3.75,4.31,3.82,,,,,,-0.56
2022-12-26,,,,,,,,,,,,
2022-12-27,,,,3.84,4.32,3.93,,,,,,-0.48
2022-12-28,,,,3.88,4.31,3.98,,,,,,-0.43
2022-12-29,,,,3.83,4.34,3.92,6.42,,,,,-0.51
2022-12-30,,,,3.88,4.41,3.97,,,,,,-0.53
2023-01-01,300.456,302.685,4.33,,,,,12897.0,3.5,22439.607,119.018,
2023-01-02,,,,,,,,,,,,
2023-01-03,,,,3.79,4.4,3.88,,,,,,-0.61
2023-01-04,,,,3.69,4.36,3.81,,,,,,-0.67
2023-01-05,,,,3.71,4.45,3.78,6.48,,,,,-0.74
2023-01-06,,,,3.55,4.24,3.67,,,,,,-0.69
2023-01-09,,,,3.53,4.19,3.66,,,,,,-0.66
2023-01-10,,,,3.61,4.24,3.74,,,,,,-0.63
2023-01-11,,,,3.54,4.2,3.67,,,,,,-0.66
2023-01-12,,,,3.43,4.12,3.56,6.33,,,,,-0.69
2023-01-13,,,,3.49,4.22,3.61,,,,,,-0.73
2023-01-16,,,,,,,,,,,,
2023-01-17,,,,3.53,4.18,3.64,,,,,,-0.65
2023-01-18,,,,3.37,4.06,3.54,,,,,,-0.69
2023-01-19,,,,3.39,4.09,3.57,6.15,,,,,-0.7
2023-01-20,,,,3.48,4.14,3.66,,,,,,-0.66
2023-01-23,,,,3.52,4.21,3.69,,,,,,-0.69
2023-01-24,,,,3.46,4.12,3.62,,,,,,-0.66
2023-01-25,,,,3.46,4.11,3.62,,,,,,-0.65
2023-01-26,,,,3.49,4.17,3.62,6.13,,,,,-0.68
2023-01-27,,,,3.52,4.19,3.64,,,,,,-0.67
2023-01-30,,,,3.55,4.25,3.66,,,,,,-0.7
2023-01-31,,,,3.52,4.21,3.65,,,,,,-0.69
2023-02-01,301.476,304.097,4.57,3.39,4.09,3.55,,12900.0,3.6,,119.369,-0.7
2023-02-02,,,,3.4,4.09,3.55,6.09,,,,,-0.69
2023-02-03,,,,3.53,4.3,3.63,,,,,,-0.77
2023-02-06,,,,3.63,4.44,3.67,,,,,,-0.81
2023-02-07,,,,3.67,4.47,3.72,,,,,,-0.8
2023-02-08,,,,3.63,4.45,3.7,,,,,,-0.82
2023-02-09,,,,3.67,4.48,3.75,6.12,,,,,-0.81
2023-02-10,,,,3.74,4.5,3.83,,,,,,-0.76
2023-02-13,,,,3.72,4.52,3.79,,,,,,-0.8
2023-02-14,,,,3.77,4.6,3.81,,,,,,-0.83
2023-02-15,,,,3.81,4.62,3.85,,,,,,-0.81
2023-02-16,,,,3.86,4.62,3.92,6.32,,,,,-0.76
2023-02-17,,,,3.82,4.6,3.88,,,,,,-0.78
2023-02-20,,,,,,,,,,,,
2023-02-21,,,,3.95,4.67,3.98,,,,,,-0.72
2023-02-22,,,,3.93,4.66,3.94,,,,,,-0.73
2023-02-23,,,,3.88,4.66,3.88,6.5,,,,,-0.78
2023-02-24,,,,3.95,4.78,3.93,,,,,,-0.83
2023-02-27,,,,3.92,4.78,3.93,,,,,,-0.86
2023-02-28,,,,3.92,4.81,3.93,,,,,,-0.89
2023-03-01,301.643,305.123,4.65,4.01,4.89,3.97,,12890.0,3.5,,119.538,-0.88
2023-03-02,,,,4.08,4.89,4.03,6.65,,,,,-0.81
2023-03-03,,,,3.97,4.86,3.9,,,,,,-0.89
2023-03-06,,,,3.98,4.89,3.92,,,,,,-0.91
2023-03-07,,,,3.97,5.0,3.88,,,,,,-1.03
2023-03-08,,,,3.98,5.05,3.88,,,,,,-1.07
2023-03-09,,,,3.93,4.9,3.88,6.73,,,,,-0.97
2023-03-10,,,,3.7,4.6,3.7,,,,,,-0.9
2023-03-13,,,,3.55,4.03,3.7,,,,,,-0.48
2023-03-14,,,,3.64,4.2,3.77,,,,,,-0.56
2023-03-15,,,,3.51,3.93,3.7,,,,,,-0.42
2023-03-16,,,,3.56,4.14,3.71,6.6,,,,,-0.58
2023-03-17,,,,3.39,3.81,3.6,,,,,,-0.42
2023-03-20,,,,3.47,3.92,3.65,,,,,,-0.45
2023-03-21,,,,3.59,4.17,3.73,,,,,,-0.58
2023-03-22,,,,3.48,3.96,3.68,,,,,,-0.48
2023-03-23,,,,3.38,3.76,3.66,6.42,,,,,-0.38
2023-03-24,,,,3.38,3.76,3.64,,,,,,-0.38
2023-03-27,,,,3.53,3.94,3.77,,,,,,-0.41
2023-03-28,,,,3.55,4.02,3.77,,,,,,-0.47
2023-03-29,,,,3.57,4.08,3.78,,,,,,-0.51
2023-03-30,,,,3.55,4.1,3.74,6.32,,,,,-0.55
2023-03-31,,,,3.48,4.06,3.67,,,,,,-0.58
2023-04-01,302.858,306.49,4.83,,,,,12889.0,3.4,22580.499,119.951,
2023-04-03,,,,3.43,3.97,3.64,,,,,,-0.54
2023-04-04,,,,3.35,3.84,3.6,,,,,,-0.49
2023-04-05,,,,3.3,3.79,3.56,,,,,,-0.49
2023-04-06,,,,3.3,3.82,3.54,6.28,,,,,-0.52
2023-04-07,,,,3.39,3.97,3.61,,,,,,-0.58
2023-04-10,,,,3.41,4.0,3.62,,,,,,-0.59
2023-04-11,,,,3.43,4.03,3.62,,,,,,-0.6
2023-04-12,,,,3.41,3.95,3.64,,,,,,-0.54
2023-04-13,,,,3.45,3.96,3.69,6.27,,,,,-0.51
2023-04-14,,,,3.52,4.08,3.74,,,,,,-0.56
2023-04-17,,,,3.6,4.18,3.81,,,,,,-0.58
2023-04-18,,,,3.58,4.19,3.79,,,,,,-0.61
2023-04-19,,,,3.6,4.24,3.79,,,,,,-0.64
2023-04-20,,,,3.54,4.14,3.75,6.39,,,,,-0.6
2023-04-21,,,,3.57,4.17,3.78,,,,,,-0.6
2023-04-24,,,,3.52,4.12,3.73,,,,,,-0.6
2023-04-25,,,,3.4,3.86,3.65,,,,,,-0.46
2023-04-26,,,,3.43,3.9,3.7,,,,,,-0.47
2023-04-27,,,,3.53,4.07,3.76,6.43,,,,,-0.54
2023-04-28,,,,3.44,4.04,3.67,,,,,,-0.6
2023-05-01,303.316,307.623,5.06,3.59,4.14,3.84,,12874.0,3.6,,120.15,-0.55
2023-05-02,,,,3.44,3.97,3.72,,,,,,-0.53
2023-05-03,,,,3.38,3.89,3.7,,,,,,-0.51
2023-05-04,,,,3.37,3.75,3.73,6.39,,,,,-0.38
2023-05-05,,,,3.44,3.92,3.76,,,,,,-0.48
2023-05-08,,,,3.52,4.0,3.84,,,,,,-0.48
2023-05-09,,,,3.53,4.01,3.85,,,,,,-0.48
2023-05-10,,,,3.43,3.9,3.8,,,,,,-0.47
2023-05-11,,,,3.39,3.89,3.73,6.35,,,,,-0.5
2023-05-12,,,,3.46,3.98,3.78,,,,,,-0.52
2023-05-15,,,,3.5,3.99,3.84,,,,,,-0.49
2023-05-16,,,,3.54,4.06,3.87,,,,,,-0.52
2023-05-17,,,,3.57,4.12,3.88,,,,,,-0.55
2023-05-18,,,,3.65,4.24,3.91,6.39,,,,,-0.59
2023-05-19,,,,3.7,4.28,3.95,,,,,,-0.58
2023-05-22,,,,3.72,4.29,3.97,,,,,,-0.57
2023-05-23,,,,3.7,4.26,3.96,,,,,,-0.56
2023-05-24,,,,3.73,4.31,3.97,,,,,,-0.58
2023-05-25,,,,3.83,4.5,4.01,6.57,,,,,-0.67
2023-05-26,,,,3.8,4.54,3.96,,,,,,-0.74
2023-05-29,,,,,,,,,,,,
2023-05-30,,,,3.69,4.46,3.9,,,,,,-0.77
2023-05-31,,,,3.64,4.4,3.85,,,,,,-0.76
2023-06-01,304.099,308.291,5.08,3.61,4.33,3.84,6.79,12877.0,3.6,,120.469,-0.72
2023-06-02,,,,3.69,4.5,3.88,,,,,,-0.81
2023-06-05,,,,3.69,4.46,3.89,,,,,,-0.77
2023-06-06,,,,3.7,4.51,3.87,,,,,,-0.81
2023-06-07,,,,3.79,4.56,3.95,,,,,,-0.77
2023-06-08,,,,3.73,4.52,3.89,6.71,,,,,-0.79
2023-06-09,,,,3.75,4.59,3.89,,,,,,-0.84
2023-06-12,,,,3.73,4.55,3.87,,,,,,-0.82
2023-06-13,,,,3.84,4.67,3.94,,,,,,-0.83
2023-06-14,,,,3.83,4.74,3.9,,,,,,-0.91
2023-06-15,,,,3.72,4.62,3.85,6.69,,,,,-0.9
2023-06-16,,,,3.77,4.7,3.86,,,,,,-0.93
2023-06-19,,,,,,,,,,,,
2023-06-20,,,,3.74,4.68,3.83,,,,,,-0.94
2023-06-21,,,,3.72,4.68,3.81,,,,,,-0.96
2023-06-22,,,,3.8,4.77,3.88,6.67,,,,,-0.97
2023-06-23,,,,3.74,4.71,3.82,,,,,,-0.97
2023-06-26,,,,3.72,4.65,3.83,,,,,,-0.93
2023-06-27,,,,3.77,4.74,3.84,,,,,,-0.97
2023-06-28,,,,3.71,4.71,3.81,,,,,,-1.0
2023-06-29,,,,3.85,4.87,3.92,6.71,,,,,-1.02
2023-06-30,,,,3.81,4.87,3.85,,,,,,-1.06
2023-07-01,304.615,308.959,5.12,,,,,12863.0,3.5,22840.989,120.607,
2023-07-03,,,,3.86,4.94,3.87,,,,,,-1.08
2023-07-04,,,,,,,,,,,,
2023-07-05,,,,3.95,4.94,3.95,,,,,,-0.99
2023-07-06,,,,4.05,4.99,4.01,6.81,,,,,-0.94
2023-07-07,,,,4.06,4.94,4.05,,,,,,-0.88
2023-07-10,,,,4.01,4.85,4.05,,,,,,-0.84
2023-07-11,,,,3.99,4.88,4.03,,,,,,-0.89
2023-07-12,,,,3.86,4.72,3.96,,,,,,-0.86
2023-07-13,,,,3.76,4.59,3.9,6.96,,,,,-0.83
2023-07-14,,,,3.83,4.74,3.93,,,,,,-0.91
2023-07-17,,,,3.81,4.74,3.94,,,,,,-0.93
2023-07-18,,,,3.8,4.74,3.91,,,,,,-0.94
2023-07-19,,,,3.75,4.74,3.84,,,,,,-0.99
2023-07-20,,,,3.85,4.8,3.91,6.78,,,,,-0.95
2023-07-21,,,,3.84,4.82,3.91,,,,,,-0.98
2023-07-24,,,,3.86,4.81,3.92,,,,,,-0.95
2023-07-25,,,,3.91,4.85,3.95,,,,,,-0.94
2023-07-26,,,,3.86,4.82,3.94,,,,,,-0.96
2023-07-27,,,,4.01,4.91,4.06,6.81,,,,,-0.9
2023-07-28,,,,3.96,4.87,4.03,,,,,,-0.91
2023-07-31,,,,3.97,4.88,4.02,,,,,,-0.91
2023-08-01,306.138,309.646,5.33,4.05,4.92,4.11,,12856.0,3.7,,120.97,-0.87
2023-08-02,,,,4.08,4.88,4.17,,,,,,-0.8
2023-08-03,,,,4.2,4.9,4.32,6.9,,,,,-0.7
2023-08-04,,,,4.05,4.78,4.21,,,,,,-0.73
2023-08-07,,,,4.09,4.76,4.27,,,,,,-0.67
2023-08-08,,,,4.02,4.74,4.2,,,,,,-0.72
2023-08-09,,,,4.0,4.79,4.18,,,,,,-0.79
2023-08-10,,,,4.09,4.82,4.24,6.96,,,,,-0.73
2023-08-11,,,,4.16,4.89,4.27,,,,,,-0.73
2023-08-14,,,,4.19,4.96,4.29,,,,,,-0.77
2023-08-15,,,,4.21,4.92,4.32,,,,,,-0.71
2023-08-16,,,,4.28,4.97,4.38,,,,,,-0.69
2023-08-17,,,,4.3,4.94,4.41,7.09,,,,,-0.64
2023-08-18,,,,4.26,4.92,4.38,,,,,,-0.66
2023-08-21,,,,4.34,4.97,4.45,,,,,,-0.63
2023-08-22,,,,4.34,5.02,4.42,,,,,,-0.68
2023-08-23,,,,4.19,4.95,4.27,,,,,,-0.76
2023-08-24,,,,4.23,4.98,4.3,7.23,,,,,-0.75
2023-08-25,,,,4.25,5.03,4.3,,,,,,-0.78
2023-08-28,,,,4.2,4.98,4.29,,,,,,-0.78
2023-08-29,,,,4.12,4.87,4.23,,,,,,-0.75
2023-08-30,,,,4.12,4.9,4.23,,,,,,-0.78
2023-08-31,,,,4.09,4.85,4.2,7.18,,,,,-0.76
2023-09-01,307.374,310.616,5.33,4.18,4.87,4.29,,12869.0,3.7,,121.419,-0.69
2023-09-04,,,,,,,,,,,,
2023-09-05,,,,4.27,4.94,4.38,,,,,,-0.67
2023-09-06,,,,4.3,5.01,4.37,,,,,,-0.71
2023-09-07,,,,4.27,4.94,4.36,7.12,,,,,-0.67
2023-09-08,,,,4.26,4.98,4.33,,,,,,-0.72
2023-09-11,,,,4.29,4.97,4.37,,,,,,-0.68
2023-09-12,,,,4.27,4.98,4.35,,,,,,-0.71
2023-09-13,,,,4.25,4.96,4.34,,,,,,-0.71
2023-09-14,,,,4.29,5.0,4.39,7.18,,,,,-0.71
2023-09-15,,,,4.33,5.02,4.42,,,,,,-0.69
2023-09-18,,,,4.32,5.05,4.4,,,,,,-0.73
2023-09-19,,,,4.37,5.08,4.43,,,,,,-0.71
2023-09-20,,,,4.35,5.12,4.4,,,,,,-0.77
2023-09-21,,,,4.49,5.12,4.56,7.19,,,,,-0.63
2023-09-22,,,,4.44,5.1,4.53,,,,,,-0.66
2023-09-25,,,,4.55,5.09,4.67,,,,,,-0.54
2023-09-26,,,,4.56,5.04,4.7,,,,,,-0.48
2023-09-27,,,,4.61,5.1,4.73,,,,,,-0.49
2023-09-28,,,,4.59,5.04,4.71,7.31,,,,,-0.45
2023-09-29,,,,4.59,5.03,4.73,,,,,,-0.44
2023-10-01,307.653,311.433,5.33,,,,,12836.0,3.9,23033.78,121.484,
2023-10-02,,,,4.69,5.12,4.81,,,,,,-0.43
2023-10-03,,,,4.81,5.15,4.95,,,,,,-0.34
2023-10-04,,,,4.73,5.05,4.87,,,,,,-0.32
2023-10-05,,,,4.72,5.03,4.89,7.49,,,,,-0.31
2023-10-06,,,,4.78,5.08,4.95,,,,,,-0.3
2023-10-09,,,,,,,,,,,,
2023-10-10,,,,4.66,4.96,4.85,,,,,,-0.3
2023-10-11,,,,4.58,4.99,4.73,,,,,,-0.41
2023-10-12,,,,4.7,5.06,4.86,7.57,,,,,-0.36
2023-10-13,,,,4.63,5.04,4.78,,,,,,-0.41
2023-10-16,,,,4.71,5.09,4.87,,,,,,-0.38
2023-10-17,,,,4.83,5.19,4.94,,,,,,-0.36
2023-10-18,,,,4.91,5.19,5.0,,,,,,-0.28
2023-10-19,,,,4.98,5.14,5.11,7.63,,,,,-0.16
2023-10-20,,,,4.93,5.07,5.09,,,,,,-0.14
2023-10-23,,,,4.86,5.05,5.01,,,,,,-0.19
2023-10-24,,,,4.83,5.02,4.96,,,,,,-0.19
2023-10-25,,,,4.95,5.08,5.09,,,,,,-0.13
2023-10-26,,,,4.86,5.02,5.01,7.79,,,,,-0.16
2023-10-27,,,,4.84,4.99,5.03,,,,,,-0.15
2023-10-30,,,,4.88,5.03,5.04,,,,,,-0.15
2023-10-31,,,,4.88,5.07,5.04,,,,,,-0.19
2023-11-01,308.087,312.373,5.33,4.77,4.95,4.96,,12858.0,3.7,,121.493,-0.18
2023-11-02,,,,4.67,4.98,4.82,7.76,,,,,-0.31
2023-11-03,,,,4.57,4.83,4.77,,,,,,-0.26
2023-11-06,,,,4.67,4.93,4.84,,,,,,-0.26
2023-11-07,,,,4.58,4.91,4.75,,,,,,-0.33
2023-11-08,,,,4.49,4.93,4.64,,,,,,-0.44
2023-11-09,,,,4.62,5.03,4.77,7.5,,,,,-0.41
2023-11-10,,,,4.61,5.04,4.73,,,,,,-0.43
2023-11-13,,,,4.63,5.02,4.75,,,,,,-0.39
2023-11-14,,,,4.44,4.8,4.61,,,,,,-0.36
2023-11-15,,,,4.53,4.9,4.68,,,,,,-0.37
2023-11-16,,,,4.45,4.83,4.63,7.44,,,,,-0.38
2023-11-17,,,,4.44,4.88,4.59,,,,,,-0.44
2023-11-20,,,,4.42,4.89,4.57,,,,,,-0.47
2023-11-21,,,,4.41,4.86,4.57,,,,,,-0.45
2023-11-22,,,,4.42,4.89,4.55,7.29,,,,,-0.47
2023-11-23,,,,,,,,,,,,
2023-11-24,,,,4.47,4.92,4.6,,,,,,-0.45
2023-11-27,,,,4.39,4.84,4.53,,,,,,-0.45
2023-11-28,,,,4.34,4.73,4.52,,,,,,-0.39
2023-11-29,,,,4.27,4.64,4.44,,,,,,-0.37
2023-11-30,,,,4.37,4.73,4.54,7.22,,,,,-0.36
2023-12-01,308.735,313.23,5.33,4.22,4.56,4.4,,12865.0,3.8,,121.66,-0.34
2023-12-04,,,,4.28,4.64,4.43,,,,,,-0.36
2023-12-05,,,,4.18,4.57,4.3,,,,,,-0.39
2023-12-06,,,,4.12,4.6,4.22,,,,,,-0.48
2023-12-07,,,,4.14,4.58,4.25,7.03,,,,,-0.44
2023-12-08,,,,4.23,4.71,4.31,,,,,,-0.48
2023-12-11,,,,4.23,4.71,4.32,,,,,,-0.48
2023-12-12,,,,4.2,4.73,4.3,,,,,,-0.53
2023-12-13,,,,4.04,4.46,4.19,,,,,,-0.42
2023-12-14,,,,3.92,4.37,4.03,6.95,,,,,-0.45
2023-12-15,,,,3.91,4.44,4.0,,,,,,-0.53
2023-12-18,,,,3.95,4.43,4.05,,,,,,-0.48
2023-12-19,,,,3.93,4.41,4.03,,,,,,-0.48
2023-12-20,,,,3.86,4.34,3.98,,,,,,-0.48
2023-12-21,,,,3.89,4.33,4.03,6.67,,,,,-0.44
2023-12-22,,,,3.9,4.31,4.05,,,,,,-0.41
2023-12-25,,,,,,,,,,,,
2023-12-26,,,,3.89,4.26,4.04,,,,,,-0.37
2023-12-27,,,,3.79,4.2,3.95,,,,,,-0.41
2023-12-28,,,,3.84,4.26,3.98,6.61,,,,,-0.42
2023-12-29,,,,3.88,4.23,4.03,,,,,,-0.35
2024-01-01,309.794,314.389,5.33,,,,,12866.0,3.7,23082.119,122.23,
2024-01-02,,,,3.95,4.33,4.08,,,,,,-0.38
2024-01-03,,,,3.91,4.33,4.05,,,,,,-0.42
2024-01-04,,,,3.99,4.38,4.13,6.62,,,,,-0.39
2024-01-05,,,,4.05,4.4,4.21,,,,,,-0.35
2024-01-08,,,,4.01,4.36,4.17,,,,,,-0.35
2024-01-09,,,,4.02,4.36,4.18,,,,,,-0.34
2024-01-10,,,,4.04,4.37,4.2,,,,,,-0.33
2024-01-11,,,,3.98,4.26,4.18,6.66,,,,,-0.28
2024-01-12,,,,3.96,4.14,4.2,,,,,,-0.18
2024-01-15,,,,,,,,,,,,
2024-01-16,,,,4.07,4.22,4.3,,,,,,-0.15
2024-01-17,,,,4.1,4.34,4.31,,,,,,-0.24
2024-01-18,,,,4.14,4.34,4.37,6.6,,,,,-0.2
2024-01-19,,,,4.15,4.39,4.36,,,,,,-0.24
2024-01-22,,,,4.11,4.37,4.32,,,,,,-0.26
2024-01-23,,,,4.14,4.31,4.38,,,,,,-0.17
2024-01-24,,,,4.18,4.34,4.41,,,,,,-0.16
2024-01-25,,,,4.14,4.28,4.38,6.69,,,,,-0.14
2024-01-26,,,,4.15,4.34,4.38,,,,,,-0.19
2024-01-29,,,,4.08,4.29,4.31,,,,,,-0.21
2024-01-30,,,,4.06,4.36,4.28,,,,,,-0.3
2024-01-31,,,,3.99,4.27,4.22,,,,,,-0.28
2024-02-01,311.022,315.555,5.33,3.87,4.2,4.1,6.63,12853.0,3.9,,122.598,-0.33
2024-02-02,,,,4.03,4.36,4.22,,,,,,-0.33
2024-02-05,,,,4.17,4.46,4.35,,,,,,-0.29
2024-02-06,,,,4.09,4.39,4.29,,,,,,-0.3
2024-02-07,,,,4.09,4.41,4.31,,,,,,-0.32
2024-02-08,,,,4.15,4.46,4.36,6.64,,,,,-0.31
2024-02-09,,,,4.17,4.48,4.37,,,,,,-0.31
2024-02-12,,,,4.17,4.46,4.37,,,,,,-0.29
2024-02-13,,,,4.31,4.64,4.46,,,,,,-0.33
2024-02-14,,,,4.27,4.56,4.45,,,,,,-0.29
2024-02-15,,,,4.24,4.56,4.42,6.77,,,,,-0.32
2024-02-16,,,,4.3,4.64,4.45,,,,,,-0.34
2024-02-19,,,,,,,,,,,,
2024-02-20,,,,4.27,4.59,4.44,,,,,,-0.32
2024-02-21,,,,4.32,4.64,4.49,,,,,,-0.32
2024-02-22,,,,4.33,4.69,4.47,6.9,,,,,-0.36
2024-02-23,,,,4.26,4.67,4.37,,,,,,-0.41
2024-02-26,,,,4.28,4.69,4.4,,,,,,-0.41
2024-02-27,,,,4.31,4.7,4.44,,,,,,-0.39
2024-02-28,,,,4.27,4.64,4.4,,,,,,-0.37
2024-02-29,,,,4.25,4.64,4.38,6.94,,,,,-0.39
2024-03-01,312.107,316.762,5.33,4.19,4.54,4.33,,12838.0,3.9,,123.038,-0.35
2024-03-04,,,,4.22,4.61,4.36,,,,,,-0.39
2024-03-05,,,,4.13,4.54,4.27,,,,,,-0.41
2024-03-06,,,,4.11,4.55,4.24,,,,,,-0.44
2024-03-07,,,,4.09,4.5,4.25,6.88,,,,,-0.41
2024-03-08,,,,4.09,4.48,4.26,,,,,,-0.39
2024-03-11,,,,4.1,4.51,4.26,,,,,,-0.41
2024-03-12,,,,4.16,4.58,4.31,,,,,,-0.42
2024-03-13,,,,4.19,4.61,4.35,,,,,,-0.42
2024-03-14,,,,4.29,4.68,4.44,6.74,,,,,-0.39
2024-03-15,,,,4.31,4.72,4.43,,,,,,-0.41
2024-03-18,,,,4.34,4.73,4.46,,,,,,-0.39
2024-03-19,,,,4.3,4.68,4.44,,,,,,-0.38
2024-03-20,,,,4.27,4.59,4.45,,,,,,-0.32
2024-03-21,,,,4.27,4.62,4.44,6.87,,,,,-0.35
2024-03-22,,,,4.22,4.59,4.39,,,,,,-0.37
2024-03-25,,,,4.25,4.54,4.42,,,,,,-0.29
2024-03-26,,,,4.24,4.56,4.4,,,,,,-0.32
2024-03-27,,,,4.2,4.54,4.36,,,,,,-0.34
2024-03-28,,,,4.2,4.59,4.34,6.79,,,,,-0.39
2024-03-29,,,,,,,,,,,,
2024-04-01,313.016,317.596,5.33,4.33,4.72,4.47,,12847.0,3.9,23286.508,123.341,-0.39
2024-04-02,,,,4.36,4.7,4.51,,,,,,-0.34
2024-04-03,,,,4.36,4.68,4.51,,,,,,-0.32
2024-04-04,,,,4.31,4.65,4.47,6.82,,,,,-0.34
2024-04-05,,,,4.39,4.73,4.54,,,,,,-0.34
2024-04-08,,,,4.42,4.78,4.55,,,,,,-0.36
2024-04-09,,,,4.36,4.74,4.5,,,,,,-0.38
2024-04-10,,,,4.55,4.97,4.64,,,,,,-0.42
2024-04-11,,,,4.56,4.93,4.65,6.88,,,,,-0.37
2024-04-12,,,,4.5,4.88,4.61,,,,,,-0.38
2024-04-15,,,,4.63,4.93,4.74,,,,,,-0.3
2024-04-16,,,,4.67,4.97,4.77,,,,,,-0.3
2024-04-17,,,,4.59,4.93,4.71,,,,,,-0.34
2024-04-18,,,,4.64,4.98,4.74,7.1,,,,,-0.34
2024-04-19,,,,4.62,4.97,4.72,,,,,,-0.35
2024-04-22,,,,4.62,4.97,4.72,,,,,,-0.35
2024-04-23,,,,4.61,4.86,4.73,,,,,,-0.25
2024-04-24,,,,4.65,4.89,4.78,,,,,,-0.24
2024-04-25,,,,4.7,4.96,4.82,7.17,,,,,-0.26
2024-04-26,,,,4.67,4.96,4.78,,,,,,-0.29
2024-04-29,,,,4.63,4.97,4.75,,,,,,-0.34
2024-04-30,,,,4.69,5.04,4.79,,,,,,-0.35
2024-05-01,313.14,318.053,5.33,4.63,4.96,4.74,,12849.0,3.9,,123.348,-0.33
2024-05-02,,,,4.58,4.87,4.72,7.22,,,,,-0.29
2024-05-03,,,,4.5,4.81,4.66,,,,,,-0.31
2024-05-06,,,,4.49,4.82,4.64,,,,,,-0.33
2024-05-07,,,,4.47,4.82,4.61,,,,,,-0.35
2024-05-08,,,,4.48,4.84,4.64,,,,,,-0.36
2024-05-09,,,,4.45,4.8,4.6,7.09,,,,,-0.35
2024-05-10,,,,4.5,4.87,4.64,,,,,,-0.37
2024-05-13,,,,4.48,4.85,4.63,,,,,,-0.37
2024-05-14,,,,4.45,4.81,4.59,,,,,,-0.36
2024-05-15,,,,4.36,4.73,4.52,,,,,,-0.37
2024-05-16,,,,4.38,4.78,4.52,7.02,,,,,-0.4
2024-05-17,,,,4.42,4.83,4.56,,,,,,-0.41
2024-05-20,,,,4.44,4.82,4.58,,,,,,-0.38
2024-05-21,,,,4.41,4.82,4.55,,,,,,-0.41
2024-05-22,,,,4.43,4.86,4.55,,,,,,-0.43
2024-05-23,,,,4.47,4.91,4.58,6.94,,,,,-0.44
2024-05-24,,,,4.46,4.93,4.57,,,,,,-0.47
2024-05-27,,,,,,,,,,,,
2024-05-28,,,,4.54,4.94,4.66,,,,,,-0.4
2024-05-29,,,,4.61,4.96,4.74,,,,,,-0.35
2024-05-30,,,,4.55,4.92,4.69,7.03,,,,,-0.37
2024-05-31,,,,4.51,4.89,4.65,,,,,,-0.38
2024-06-01,313.131,318.343,5.33,,,,,12839.0,4.1,,123.539,
2024-06-03,,,,4.41,4.82,4.55,,,,,,-0.41
2024-06-04,,,,4.33,4.77,4.48,,,,,,-0.44
2024-06-05,,,,4.29,4.72,4.44,,,,,,-0.43
2024-06-06,,,,4.28,4.72,4.43,6.99,,,,,-0.44
2024-06-07,,,,4.43,4.87,4.55,,,,,,-0.44
2024-06-10,,,,4.47,4.87,4.59,,,,,,-0.4
2024-06-11,,,,4.39,4.81,4.53,,,,,,-0.42
2024-06-12,,,,4.31,4.75,4.47,,,,,,-0.44
2024-06-13,,,,4.24,4.68,4.4,6.95,,,,,-0.44
2024-06-14,,,,4.2,4.67,4.34,,,,,,-0.47
2024-06-17,,,,4.28,4.75,4.4,,,,,,-0.47
2024-06-18,,,,4.22,4.69,4.36,,,,,,-0.47
2024-06-19,,,,,,,,,,,,
2024-06-20,,,,4.25,4.7,4.39,6.87,,,,,-0.45
2024-06-21,,,,4.25,4.7,4.39,,,,,,-0.45
2024-06-24,,,,4.25,4.71,4.38,,,,,,-0.46
2024-06-25,,,,4.23,4.65,4.36,,,,,,-0.42
2024-06-26,,,,4.32,4.71,4.45,,,,,,-0.39
2024-06-27,,,,4.29,4.7,4.43,6.86,,,,,-0.41
2024-06-28,,,,4.36,4.71,4.51,,,,,,-0.35
2024-07-01,313.566,318.933,5.33,4.48,4.77,4.64,,12840.0,4.2,23478.57,123.736,-0.29
2024-07-02,,,,4.43,4.74,4.6,,,,,,-0.31
2024-07-03,,,,4.36,4.71,4.53,6.95,,,,,-0.35
2024-07-04,,,,,,,,,,,,
2024-07-05,,,,4.28,4.6,4.47,,,,,,-0.32
2024-07-08,,,,4.28,4.62,4.46,,,,,,-0.34
2024-07-09,,,,4.3,4.62,4.49,,,,,,-0.32
2024-07-10,,,,4.28,4.62,4.47,,,,,,-0.34
2024-07-11,,,,4.2,4.5,4.41,6.89,,,,,-0.3
2024-07-12,,,,4.18,4.45,4.39,,,,,,-0.27
2024-07-15,,,,4.23,4.44,4.46,,,,,,-0.21
2024-07-16,,,,4.17,4.43,4.38,,,,,,-0.26
2024-07-17,,,,4.16,4.42,4.37,,,,,,-0.26
2024-07-18,,,,4.2,4.46,4.41,6.77,,,,,-0.26
2024-07-19,,,,4.25,4.49,4.45,,,,,,-0.24
2024-07-22,,,,4.26,4.5,4.48,,,,,,-0.24
2024-07-23,,,,4.25,4.4,4.48,,,,,,-0.15
2024-07-24,,,,4.28,4.37,4.54,,,,,,-0.09
2024-07-25,,,,4.27,4.41,4.5,6.78,,,,,-0.14
2024-07-26,,,,4.2,4.36,4.45,,,,,,-0.16
2024-07-29,,,,4.17,4.36,4.42,,,,,,-0.19
2024-07-30,,,,4.15,4.35,4.4,,,,,,-0.2
2024-07-31,,,,4.09,4.29,4.35,,,,,,-0.2
2024-08-01,314.131,319.839,5.33,3.99,4.16,4.27,6.73,12800.0,4.2,,123.889,-0.17
2024-08-02,,,,3.8,3.88,4.11,,,,,,-0.08
2024-08-05,,,,3.78,3.89,4.06,,,,,,-0.11
2024-08-06,,,,3.9,3.99,4.18,,,,,,-0.09
2024-08-07,,,,3.96,4.0,4.26,,,,,,-0.04
2024-08-08,,,,3.99,4.04,4.28,6.47,,,,,-0.05
2024-08-09,,,,3.94,4.05,4.23,,,,,,-0.11
2024-08-12,,,,3.9,4.01,4.19,,,,,,-0.11
2024-08-13,,,,3.85,3.93,4.16,,,,,,-0.08
2024-08-14,,,,3.83,3.94,4.12,,,,,,-0.11
2024-08-15,,,,3.92,4.08,4.18,6.49,,,,,-0.16
2024-08-16,,,,3.89,4.06,4.15,,,,,,-0.17
2024-08-19,,,,3.86,4.06,4.11,,,,,,-0.2
2024-08-20,,,,3.82,3.99,4.07,,,,,,-0.17
2024-08-21,,,,3.79,3.92,4.06,,,,,,-0.13
2024-08-22,,,,3.86,3.99,4.13,6.46,,,,,-0.13
2024-08-23,,,,3.81,3.9,4.1,,,,,,-0.09
2024-08-26,,,,3.82,3.91,4.11,,,,,,-0.09
2024-08-27,,,,3.83,3.83,4.13,,,,,,0.0
2024-08-28,,,,3.84,3.83,4.13,,,,,,0.01
2024-08-29,,,,3.87,3.87,4.15,6.35,,,,,0.0
2024-08-30,,,,3.91,3.91,4.2,,,,,,0.0
2024-09-01,314.851,320.835,5.13,,,,,12800.0,4.1,,124.164,
2024-09-02,,,,,,,,,,,,
2024-09-03,,,,3.84,3.88,4.13,,,,,,-0.04
2024-09-04,,,,3.77,3.76,4.06,,,,,,0.01
2024-09-05,,,,3.73,3.75,4.02,6.35,,,,,-0.02
2024-09-06,,,,3.72,3.66,4.03,,,,,,0.06
2024-09-09,,,,3.7,3.68,4.0,,,,,,0.02
2024-09-10,,,,3.65,3.59,3.97,,,,,,0.06
2024-09-11,,,,3.65,3.62,3.96,,,,,,0.03
2024-09-12,,,,3.68,3.64,4.0,6.2,,,,,0.04
2024-09-13,,,,3.66,3.57,3.98,,,,,,0.09
2024-09-16,,,,3.63,3.56,3.94,,,,,,0.07
2024-09-17,,,,3.65,3.59,3.96,,,,,,0.06
2024-09-18,,,,3.7,3.61,4.03,,,,,,0.09
2024-09-19,,,,3.73,3.59,4.06,6.09,,,,,0.14
2024-09-20,,,,3.73,3.55,4.07,,,,,,0.18
2024-09-23,,,,3.75,3.57,4.09,,,,,,0.18
2024-09-24,,,,3.74,3.49,4.09,,,,,,0.25
2024-09-25,,,,3.79,3.53,4.14,,,,,,0.26
2024-09-26,,,,3.79,3.6,4.12,6.08,,,,,0.19
2024-09-27,,,,3.75,3.55,4.1,,,,,,0.2
2024-09-30,,,,3.81,3.66,4.14,,,,,,0.15
2024-10-01,315.564,321.688,4.83,3.74,3.61,4.08,,12750.0,4.1,23586.542,124.494,0.13
2024-10-02,,,,3.79,3.63,4.14,,,,,,0.16
2024-10-03,,,,3.85,3.7,4.18,6.12,,,,,0.15
2024-10-04,,,,3.98,3.93,4.26,,,,,,0.05
2024-10-07,,,,4.03,3.99,4.3,,,,,,0.04
2024-10-08,,,,4.04,3.98,4.32,,,,,,0.06
2024-10-09,,,,4.06,3.99,4.34,,,,,,0.07
2024-10-10,,,,4.09,3.98,4.38,6.32,,,,,0.11
2024-10-11,,,,4.08,3.95,4.39,,,,,,0.13
2024-10-14,,,,,,,,,,,,
2024-10-15,,,,4.03,3.95,4.32,,,,,,0.08
2024-10-16,,,,4.02,3.93,4.3,,,,,,0.09
2024-10-17,,,,4.09,3.96,4.39,6.44,,,,,0.13
2024-10-18,,,,4.08,3.95,4.38,,,,,,0.13
2024-10-21,,,,4.19,4.02,4.49,,,,,,0.17
2024-10-22,,,,4.2,4.03,4.49,,,,,,0.17
2024-10-23,,,,4.24,4.07,4.51,,,,,,0.17
2024-10-24,,,,4.21,4.07,4.47,6.54,,,,,0.14
2024-10-25,,,,4.25,4.11,4.51,,,,,,0.14
2024-10-28,,,,4.28,4.12,4.53,,,,,,0.16
2024-10-29,,,,4.28,4.11,4.52,,,,,,0.17
2024-10-30,,,,4.29,4.15,4.49,,,,,,0.14
2024-10-31,,,,4.28,4.16,4.47,6.72,,,,,0.12
2024-11-01,316.449,322.619,4.64,4.37,4.21,4.57,,12770.0,4.2,,124.637,0.16
2024-11-04,,,,4.31,4.17,4.5,,,,,,0.14
2024-11-05,,,,4.26,4.19,4.44,,,,,,0.07
2024-11-06,,,,4.42,4.27,4.6,,,,,,0.15
2024-11-07,,,,4.31,4.21,4.52,6.79,,,,,0.1
2024-11-08,,,,4.3,4.26,4.47,,,,,,0.04
2024-11-11,,,,,,,,,,,,
2024-11-12,,,,4.43,4.34,4.58,,,,,,0.09
2024-11-13,,,,4.44,4.27,4.63,,,,,,0.17
2024-11-14,,,,4.43,4.34,4.58,6.78,,,,,0.09
2024-11-15,,,,4.43,4.31,4.6,,,,,,0.12
2024-11-18,,,,4.42,4.29,4.61,,,,,,0.13
2024-11-19,,,,4.39,4.27,4.57,,,,,,0.12
2024-11-20,,,,4.41,4.31,4.59,,,,,,0.1
2024-11-21,,,,4.43,4.34,4.61,6.84,,,,,0.09
2024-11-22,,,,4.41,4.37,4.6,,,,,,0.04
2024-11-25,,,,4.27,4.21,4.45,,,,,,0.06
2024-11-26,,,,4.3,4.21,4.48,,,,,,0.09
2024-11-27,,,,4.25,4.19,4.44,6.81,,,,,0.06
2024-11-28,,,,,,,,,,,,
2024-11-29,,,,4.18,4.13,4.36,,,,,,0.05
2024-12-01,317.603,323.296,4.48,,,,,12760.0,4.1,,124.979,
2024-12-02,,,,4.19,4.17,4.36,,,,,,0.02
2024-12-03,,,,4.23,4.17,4.4,,,,,,0.06
2024-12-04,,,,4.19,4.13,4.35,,,,,,0.06
2024-12-05,,,,4.17,4.15,4.33,6.69,,,,,0.02
2024-12-06,,,,4.15,4.1,4.34,,,,,,0.05
2024-12-09,,,,4.2,4.13,4.39,,,,,,0.07
2024-12-10,,,,4.22,4.15,4.41,,,,,,0.07
2024-12-11,,,,4.26,4.15,4.48,,,,,,0.11
2024-12-12,,,,4.32,4.18,4.55,6.6,,,,,0.14
2024-12-13,,,,4.4,4.25,4.61,,,,,,0.15
2024-12-16,,,,4.39,4.25,4.6,,,,,,0.14
2024-12-17,,,,4.4,4.25,4.59,,,,,,0.15
2024-12-18,,,,4.5,4.35,4.65,,,,,,0.15
2024-12-19,,,,4.57,4.32,4.74,6.72,,,,,0.25
2024-12-20,,,,4.52,4.3,4.72,,,,,,0.22
2024-12-23,,,,4.59,4.3,4.78,,,,,,0.29
2024-12-24,,,,4.59,4.29,4.76,,,,,,0.3
2024-12-25,,,,,,,,,,,,
2024-12-26,,,,4.58,4.3,4.76,6.85,,,,,0.28
2024-12-27,,,,4.62,4.31,4.82,,,,,,0.31
2024-12-30,,,,4.55,4.24,4.77,,,,,,0.31
2024-12-31,,,,4.58,4.25,4.78,,,,,,0.33
2025-01-01,319.086,324.739,4.33,,,,,12755.0,4.0,23548.21,125.417,
2025-01-02,,,,4.57,4.25,4.79,6.91,,,,,0.32
2025-01-03,,,,4.6,4.28,4.82,,,,,,0.32
2025-01-06,,,,4.62,4.28,4.85,,,,,,0.34
2025-01-07,,,,4.67,4.3,4.91,,,,,,0.37
2025-01-08,,,,4.67,4.28,4.91,,,,,,0.39
2025-01-09,,,,4.68,4.27,4.92,6.93,,,,,0.41
2025-01-10,,,,4.77,4.4,4.96,,,,,,0.37
2025-01-13,,,,4.79,4.4,4.97,,,,,,0.39
2025-01-14,,,,4.78,4.37,4.98,,,,,,0.41
2025-01-15,,,,4.66,4.27,4.88,,,,,,0.39
2025-01-16,,,,4.61,4.23,4.84,7.04,,,,,0.38
2025-01-17,,,,4.61,4.27,4.84,,,,,,0.34
2025-01-20,,,,,,,,,,,,
2025-01-21,,,,4.57,4.29,4.8,,,,,,0.28
2025-01-22,,,,4.6,4.29,4.82,,,,,,0.31
2025-01-23,,,,4.65,4.29,4.87,6.96,,,,,0.36
2025-01-24,,,,4.63,4.27,4.85,,,,,,0.36
2025-01-27,,,,4.53,4.17,4.76,,,,,,0.36
2025-01-28,,,,4.55,4.19,4.78,,,,,,0.36
2025-01-29,,,,4.55,4.21,4.79,,,,,,0.34
2025-01-30,,,,4.52,4.18,4.76,6.95,,,,,0.34
2025-01-31,,,,4.58,4.22,4.83,,,,,,0.36
2025-02-01,319.775,325.475,4.33,,,,,12763.0,4.2,,125.921,
2025-02-03,,,,4.54,4.26,4.77,,,,,,0.28
2025-02-04,,,,4.52,4.21,4.75,,,,,,0.31
2025-02-05,,,,4.43,4.17,4.64,,,,,,0.26
2025-02-06,,,,4.45,4.21,4.65,6.89,,,,,0.24
2025-02-07,,,,4.49,4.29,4.69,,,,,,0.2
2025-02-10,,,,4.51,4.28,4.71,,,,,,0.23
2025-02-11,,,,4.54,4.29,4.75,,,,,,0.25
2025-02-12,,,,4.62,4.36,4.83,,,,,,0.26
2025-02-13,,,,4.52,4.31,4.72,6.87,,,,,0.21
2025-02-14,,,,4.47,4.26,4.69,,,,,,0.21
2025-02-17,,,,,,,,,,,,
2025-02-18,,,,4.55,4.29,4.77,,,,,,0.26
2025-02-19,,,,4.53,4.28,4.76,,,,,,0.25
2025-02-20,,,,4.5,4.28,4.74,6.85,,,,,0.22
2025-02-21,,,,4.42,4.19,4.67,,,,,,0.23
2025-02-24,,,,4.4,4.13,4.66,,,,,,0.27
2025-02-25,,,,4.3,4.07,4.55,,,,,,0.23
2025-02-26,,,,4.25,4.05,4.51,,,,,,0.2
2025-02-27,,,,4.29,4.07,4.56,6.76,,,,,0.22
2025-02-28,,,,4.24,3.99,4.51,,,,,,0.25
2025-03-01,319.615,325.659,4.33,,,,,12764.0,4.2,,125.941,
2025-03-03,,,,4.16,3.96,4.45,,,,,,0.2
2025-03-04,,,,4.22,3.96,4.53,,,,,,0.26
2025-03-05,,,,4.28,3.99,4.57,,,,,,0.29
2025-03-06,,,,4.29,3.96,4.58,6.63,,,,,0.33
2025-03-07,,,,4.32,3.99,4.62,,,,,,0.33
2025-03-10,,,,4.22,3.89,4.54,,,,,,0.33
2025-03-11,,,,4.28,3.94,4.59,,,,,,0.34
2025-03-12,,,,4.32,4.01,4.63,,,,,,0.31
2025-03-13,,,,4.27,3.94,4.59,6.65,,,,,0.33
2025-03-14,,,,4.31,4.02,4.62,,,,,,0.29
2025-03-17,,,,4.31,4.06,4.6,,,,,,0.25
2025-03-18,,,,4.29,4.04,4.58,,,,,,0.25
2025-03-19,,,,4.25,3.99,4.56,,,,,,0.26
2025-03-20,,,,4.24,3.95,4.55,6.67,,,,,0.29
2025-03-21,,,,4.25,3.94,4.59,,,,,,0.31
2025-03-24,,,,4.34,4.04,4.66,,,,,,0.3
2025-03-25,,,,4.31,3.96,4.65,,,,,,0.35
2025-03-26,,,,4.35,3.98,4.69,,,,,,0.37
2025-03-27,,,,4.38,3.97,4.73,6.65,,,,,0.41
2025-03-28,,,,4.27,3.89,4.64,,,,,,0.38
2025-03-31,,,,4.23,3.89,4.59,,,,,,0.34
2025-04-01,320.321,326.43,4.33,4.17,3.87,4.52,,12764.0,4.2,23770.976,126.15,0.3
2025-04-02,,,,4.2,3.91,4.54,,,,,,0.29
2025-04-03,,,,4.06,3.71,4.49,6.64,,,,,0.35
2025-04-04,,,,4.01,3.68,4.41,,,,,,0.33
2025-04-07,,,,4.15,3.73,4.58,,,,,,0.42
2025-04-08,,,,4.26,3.71,4.71,,,,,,0.55
2025-04-09,,,,4.34,3.91,4.72,,,,,,0.43
2025-04-10,,,,4.4,3.84,4.86,6.62,,,,,0.56
2025-04-11,,,,4.48,3.96,4.85,,,,,,0.52
2025-04-14,,,,4.38,3.84,4.8,,,,,,0.54
2025-04-15,,,,4.35,3.84,4.79,,,,,,0.51
2025-04-16,,,,4.29,3.77,4.74,,,,,,0.52
2025-04-17,,,,4.34,3.81,4.8,6.83,,,,,0.53
2025-04-18,,,,,,,,,,,,
2025-04-21,,,,4.42,3.75,4.91,,,,,,0.67
2025-04-22,,,,4.41,3.76,4.88,,,,,,0.65
2025-04-23,,,,4.4,3.81,4.83,,,,,,0.59
2025-04-24,,,,4.32,3.77,4.77,6.81,,,,,0.55
2025-04-25,,,,4.29,3.74,4.74,,,,,,0.55
2025-04-28,,,,4.23,3.67,4.69,,,,,,0.56
2025-04-29,,,,4.19,3.65,4.64,,,,,,0.54
2025-04-30,,,,4.17,3.6,4.66,,,,,,0.57
2025-05-01,320.58,326.854,4.33,4.25,3.7,4.74,6.76,12753.0,4.3,,126.38,0.55
2025-05-02,,,,4.33,3.83,4.79,,,,,,0.5
2025-05-05,,,,4.36,3.83,4.83,,,,,,0.53
2025-05-06,,,,4.3,3.78,4.81,,,,,,0.52
2025-05-07,,,,4.26,3.78,4.77,,,,,,0.48
2025-05-08,,,,4.37,3.9,4.83,6.76,,,,,0.47
2025-05-09,,,,4.37,3.88,4.83,,,,,,0.49
2025-05-12,,,,4.45,3.98,4.89,,,,,,0.47
2025-05-13,,,,4.49,4.02,4.94,,,,,,0.47
2025-05-14,,,,4.53,4.05,4.97,,,,,,0.48
2025-05-15,,,,4.45,3.96,4.91,6.81,,,,,0.49
2025-05-16,,,,4.43,3.98,4.89,,,,,,0.45
2025-05-19,,,,4.46,3.97,4.92,,,,,,0.49
2025-05-20,,,,4.48,3.97,4.96,,,,,,0.51
2025-05-21,,,,4.58,4.0,5.08,,,,,,0.58
2025-05-22,,,,4.54,4.0,5.05,6.86,,,,,0.54
2025-05-23,,,,4.51,4.0,5.04,,,,,,0.51
2025-05-26,,,,,,,,,,,,
2025-05-27,,,,4.43,3.92,4.94,,,,,,0.51
2025-05-28,,,,4.47,3.96,4.97,,,,,,0.51
2025-05-29,,,,4.43,3.92,4.92,6.89,,,,,0.51
2025-05-30,,,,4.41,3.89,4.92,,,,,,0.52
2025-06-01,321.5,327.6,4.33,,,,,12736.0,4.1,,126.743,
2025-06-02,,,,4.46,3.94,4.99,,,,,,0.52
2025-06-03,,,,4.46,3.96,4.98,,,,,,0.5
2025-06-04,,,,4.37,3.87,4.89,,,,,,0.5
2025-06-05,,,,4.4,3.92,4.88,6.85,,,,,0.48
2025-06-06,,,,4.51,4.04,4.97,,,,,,0.47
2025-06-09,,,,4.49,4.01,4.95,,,,,,0.48
2025-06-10,,,,4.47,4.01,4.93,,,,,,0.46
2025-06-11,,,,4.41,3.94,4.91,,,,,,0.47
2025-06-12,,,,4.36,3.9,4.84,6.84,,,,,0.46
2025-06-13,,,,4.41,3.96,4.9,,,,,,0.45
2025-06-16,,,,4.46,3.97,4.96,,,,,,0.49
2025-06-17,,,,4.39,3.94,4.88,,,,,,0.45
2025-06-18,,,,4.38,3.94,4.88,6.81,,,,,0.44
2025-06-19,,,,,,,,,,,,
2025-06-20,,,,4.38,3.9,4.89,,,,,,0.48
2025-06-23,,,,4.34,3.84,4.87,,,,,,0.5
2025-06-24,,,,4.3,3.75,4.83,,,,,,0.55
2025-06-25,,,,4.29,3.74,4.83,,,,,,0.55
2025-06-26,,,,4.26,3.7,4.81,6.77,,,,,0.56
2025-06-27,,,,4.29,3.73,4.85,,,,,,0.56
2025-06-30,,,,4.24,3.72,4.78,,,,,,0.52
2025-07-01,322.132,328.656,4.33,4.26,3.78,4.78,,12727.0,4.3,24026.834,126.96,0.48
2025-07-02,,,,4.3,3.78,4.82,,,,,,0.52
2025-07-03,,,,4.35,3.88,4.86,6.67,,,,,0.47
2025-07-04,,,,,,,,,,,,
2025-07-07,,,,4.4,3.9,4.92,,,,,,0.5
2025-07-08,,,,4.42,3.9,4.94,,,,,,0.52
2025-07-09,,,,4.34,3.86,4.87,,,,,,0.48
2025-07-10,,,,4.35,3.86,4.86,6.72,,,,,0.49
2025-07-11,,,,4.43,3.9,4.96,,,,,,0.53
2025-07-14,,,,4.43,3.9,4.97,,,,,,0.53
2025-07-15,,,,4.5,3.95,5.01,,,,,,0.55
2025-07-16,,,,4.46,3.88,5.01,,,,,,0.58
2025-07-17,,,,4.47,3.91,5.01,6.75,,,,,0.56
2025-07-18,,,,4.44,3.88,5.0,,,,,,0.56
2025-07-21,,,,4.38,3.85,4.94,,,,,,0.53
2025-07-22,,,,4.35,3.83,4.9,,,,,,0.52
2025-07-23,,,,4.4,3.88,4.95,,,,,,0.52
2025-07-24,,,,4.43,3.91,4.96,6.74,,,,,0.52
2025-07-25,,,,4.4,3.91,4.92,,,,,,0.49
2025-07-28,,,,4.42,3.91,4.96,,,,,,0.51
2025-07-29,,,,4.34,3.86,4.86,,,,,,0.48
2025-07-30,,,,4.38,3.94,4.89,,,,,,0.44
2025-07-31,,,,4.37,3.94,4.89,6.72,,,,,0.43
2025-08-01,323.364,329.793,4.33,4.23,3.69,4.81,,12716.0,4.3,,127.293,0.54
2025-08-04,,,,4.22,3.69,4.8,,,,,,0.53
2025-08-05,,,,4.22,3.72,4.78,,,,,,0.5
2025-08-06,,,,4.22,3.69,4.81,,,,,,0.53
2025-08-07,,,,4.23,3.72,4.81,6.63,,,,,0.51
2025-08-08,,,,4.27,3.76,4.85,,,,,,0.51
2025-08-11,,,,4.27,3.76,4.84,,,,,,0.51
2025-08-12,,,,4.29,3.72,4.88,,,,,,0.57
2025-08-13,,,,4.24,3.67,4.83,,,,,,0.57
2025-08-14,,,,4.29,3.74,4.88,6.58,,,,,0.55
2025-08-15,,,,4.33,3.75,4.92,,,,,,0.58
2025-08-18,,,,4.34,3.77,4.94,,,,,,0.57
2025-08-19,,,,4.3,3.75,4.9,,,,,,0.55
2025-08-20,,,,4.29,3.74,4.89,,,,,,0.55
2025-08-21,,,,4.33,3.79,4.92,6.58,,,,,0.54
2025-08-22,,,,4.26,3.68,4.88,,,,,,0.58
2025-08-25,,,,4.28,3.73,4.89,,,,,,0.55
2025-08-26,,,,4.26,3.61,4.9,,,,,,0.65
2025-08-27,,,,4.24,3.59,4.91,,,,,,0.65
2025-08-28,,,,4.22,3.62,4.88,6.56,,,,,0.6
2025-08-29,,,,4.23,3.59,4.92,,,,,,0.64
2025-09-01,324.368,330.542,4.22,,,,,12711.0,4.4,,127.625,
2025-09-02,,,,4.28,3.66,4.97,,,,,,0.62
2025-09-03,,,,4.22,3.61,4.9,,,,,,0.61
2025-09-04,,,,4.17,3.59,4.86,6.5,,,,,0.58
2025-09-05,,,,4.1,3.51,4.78,,,,,,0.59
2025-09-08,,,,4.05,3.49,4.69,,,,,,0.56
2025-09-09,,,,4.08,3.54,4.72,,,,,,0.54
2025-09-10,,,,4.04,3.54,4.69,,,,,,0.5
2025-09-11,,,,4.01,3.52,4.65,6.35,,,,,0.49
2025-09-12,,,,4.06,3.56,4.68,,,,,,0.5
2025-09-15,,,,4.05,3.54,4.66,,,,,,0.51
2025-09-16,,,,4.04,3.51,4.65,,,,,,0.53
2025-09-17,,,,4.06,3.52,4.66,,,,,,0.54
2025-09-18,,,,4.11,3.57,4.72,6.26,,,,,0.54
2025-09-19,,,,4.14,3.57,4.75,,,,,,0.57
2025-09-22,,,,4.15,3.61,4.77,,,,,,0.54
2025-09-23,,,,4.12,3.53,4.73,,,,,,0.59
2025-09-24,,,,4.16,3.57,4.76,,,,,,0.59
2025-09-25,,,,4.18,3.64,4.75,6.3,,,,,0.54
2025-09-26,,,,4.2,3.63,4.77,,,,,,0.57
2025-09-29,,,,4.15,3.63,4.71,,,,,,0.52
2025-09-30,,,,4.16,3.6,4.73,,,,,,0.56
2025-10-01,,,4.09,4.12,3.55,4.72,,12702.0,,,127.828,0.57
2025-10-02,,,,4.1,3.55,4.69,6.34,,,,,0.55
2025-10-03,,,,4.13,3.58,4.71,,,,,,0.55
2025-10-06,,,,4.18,3.6,4.76,,,,,,0.58
2025-10-07,,,,4.14,3.57,4.73,,,,,,0.57
2025-10-08,,,,4.13,3.58,4.72,,,,,,0.55
2025-10-09,,,,4.14,3.6,4.72,6.3,,,,,0.54
2025-10-10,,,,4.05,3.52,4.63,,,,,,0.53
2025-10-13,,,,,,,,,,,,
2025-10-14,,,,4.03,3.48,4.62,,,,,,0.55
2025-10-15,,,,4.05,3.5,4.64,,,,,,0.55
2025-10-16,,,,3.99,3.41,4.58,6.27,,,,,0.58
2025-10-17,,,,4.02,3.46,4.6,,,,,,0.56
2025-10-20,,,,4.0,3.46,4.58,,,,,,0.54
2025-10-21,,,,3.98,3.45,4.55,,,,,,0.53
2025-10-22,,,,3.97,3.45,4.54,,,,,,0.52
2025-10-23,,,,4.01,3.48,4.58,6.19,,,,,0.53
2025-10-24,,,,4.02,3.48,4.59,,,,,,0.54
2025-10-27,,,,4.01,3.48,4.57,,,,,,0.53
2025-10-28,,,,3.99,3.47,4.55,,,,,,0.52
2025-10-29,,,,4.08,3.59,4.61,,,,,,0.49
2025-10-30,,,,4.11,3.61,4.65,6.17,,,,,0.5
2025-10-31,,,,4.11,3.6,4.67,,,,,,0.51
2025-11-01,325.031,331.068,3.88,,,,,12700.0,4.5,,128.093,
2025-11-03,,,,4.13,3.6,4.69,,,,,,0.53
2025-11-04,,,,4.1,3.58,4.67,,,,,,0.52
2025-11-05,,,,4.17,3.63,4.74,,,,,,0.54
2025-11-06,,,,4.11,3.57,4.69,6.22,,,,,0.54
2025-11-07,,,,4.11,3.55,4.7,,,,,,0.56
2025-11-10,,,,4.13,3.58,4.71,,,,,,0.55
2025-11-11,,,,,,,,,,,,
2025-11-12,,,,4.08,3.56,4.67,,,,,,0.52
2025-11-13,,,,4.11,3.58,4.7,6.24,,,,,0.53
2025-11-14,,,,4.14,3.62,4.74,,,,,,0.52
2025-11-17,,,,4.13,3.6,4.73,,,,,,0.53
2025-11-18,,,,4.12,3.58,4.74,,,,,,0.54
2025-11-19,,,,4.13,3.58,4.75,,,,,,0.55
2025-11-20,,,,4.1,3.55,4.73,6.26,,,,,0.55
2025-11-21,,,,4.06,3.51,4.71,,,,,,0.55
2025-11-24,,,,4.04,3.46,4.68,,,,,,0.58
2025-11-25,,,,4.01,3.43,4.67,,,,,,0.58
2025-11-26,,,,4.0,3.45,4.64,6.23,,,,,0.55
2025-11-27,,,,,,,,,,,,
2025-11-28,,,,4.02,3.47,4.67,,,,,,0.55
2025-12-01,326.03,331.86,3.72,4.09,3.54,4.74,,12692.0,4.4,,,0.55
2025-12-02,,,,4.09,3.51,4.74,,,,,,0.58
2025-12-03,,,,4.06,3.49,4.73,,,,,,0.57
2025-12-04,,,,4.11,3.52,4.76,6.19,,,,,0.59
2025-12-05,,,,4.14,3.56,4.79,,,,,,0.58
2025-12-08,,,,4.17,3.57,4.81,,,,,,0.6
2025-12-09,,,,4.18,3.61,4.8,,,,,,0.57
2025-12-10,,,,4.13,3.54,4.78,,,,,,0.59
2025-12-11,,,,4.14,3.52,4.79,6.22,,,,,0.62
2025-12-12,,,,4.19,3.52,4.85,,,,,,0.67
2025-12-15,,,,4.18,3.51,4.84,,,,,,0.67
2025-12-16,,,,4.15,3.48,4.82,,,,,,0.67
2025-12-17,,,,4.16,3.49,4.83,,,,,,0.67
2025-12-18,,,,4.12,3.46,4.8,6.21,,,,,0.66
2025-12-19,,,,4.16,3.48,4.82,,,,,,0.68
2025-12-22,,,,4.17,3.44,4.84,,,,,,0.73
2025-12-23,,,,4.18,3.48,4.83,,,,,,0.7
2025-12-24,,,,4.15,3.47,4.79,6.18,,,,,0.68
2025-12-25,,,,,,,,,,,,
2025-12-26,,,,4.14,3.46,4.81,,,,,,0.68
2025-12-29,,,,4.12,3.45,4.8,,,,,,0.67
2025-12-30,,,,4.14,3.45,4.81,,,,,,0.69
2025-12-31,,,,4.18,3.47,4.84,6.15,,,,,0.71
2026-01-01,,,,,,,,,,,,
2026-01-02,,,,4.19,3.47,4.86,,,,,,0.72
2026-01-05,,,,4.17,3.46,4.85,,,,,,0.71
2026-01-06,,,,4.18,3.47,4.86,,,,,,0.71
2026-01-07,,,,4.15,3.47,4.82,,,,,,0.68
2026-01-08,,,,4.19,3.49,4.85,6.16,,,,,0.7
2026-01-09,,,,4.18,3.54,4.82,,,,,,0.64
2026-01-12,,,,4.19,3.54,4.83,,,,,,0.65
2026-01-13,,,,4.18,3.53,4.83,,,,,,0.65
2026-01-14,,,,4.15,3.51,4.79,,,,,,0.64
2026-01-15,,,,4.17,3.56,4.79,6.06,,,,,0.61
2026-01-16,,,,4.24,3.59,4.83,,,,,,0.65
2026-01-19,,,,,,,,,,,,
2026-01-20,,,,4.3,3.6,4.91,,,,,,0.7
2026-01-21,,,,4.26,3.6,4.87,,,,,,0.66
2026-01-22,,,,4.26,3.61,4.84,6.09,,,,,0.65
2026-01-23,,,,4.24,3.6,4.82,,,,,,0.64
2026-01-26,,,,4.22,3.56,4.8,,,,,,0.66
2026-01-27,,,,4.24,3.53,4.83,,,,,,0.71
2026-01-28,,,,4.26,3.56,4.85,,,,,,0.7
2026-01-29,,,,4.24,3.53,4.85,6.1,,,,,0.71
2026-01-30,,,,,,,,,,,,0.74
