trade_date,ts_code,name,close,pct_change,turnover_rate,amount,l_sell,l_buy,l_amount,net_amount,net_rate,amount_rate,float_values,reason
20230721,000656.SZ,*ST金科,1.53,10.0719,15.77,1231743088.0,81943851.0,160151429.0,242095280.0,78207578.0,6.35,19.65,8121815306.01,日涨幅偏离值达到7%的前5只证券
20230721,000656.SZ,金科股份,1.53,10.0719,15.76,1231743088.0,81943851.0,160151429.0,242095280.0,78207578.0,6.35,19.65,8125220168.01,日涨幅偏离值达到7%的前5只证券
20230721,000716.SZ,黑芝麻,8.09,10.068,28.12,1544505482.0,88767375.9,137186701.04,225954076.94,48419325.14,3.13,14.63,5630046282.99,日涨幅偏离值达到7%的前5只证券
20230721,000721.SZ,西安饮食,13.71,1.9331,31.33,1892259952.0,224334572.9,167915063.26,392249636.16,-56419509.64,-2.98,20.73,5977175023.2,日换手率达到20%的前5只证券
20230721,000802.SZ,北京文化,7.56,-10.0,11.94,664326240.0,149011509.7,117464916.95,266476426.65,-31546592.75,-4.75,40.11,5408917327.8,日跌幅偏离值达到7%的前5只证券
20230721,001336.SZ,楚环科技,25.97,-8.8452,29.58,158854929.0,17808919.64,23248084.52,41057004.16,5439164.88,3.42,25.85,521828195.0,日换手率达到20%的前5只证券
20230721,001373.SZ,翔腾新材,49.44,-9.9945,59.0,529579826.0,82503605.28,26771222.0,109274827.28,-55732383.28,-10.52,20.63,848969935.68,日换手率达到20%的前5只证券
20230721,002076.SZ,星光股份,2.92,10.1887,15.1,558830816.0,47974686.26,64453194.64,112427880.9,16478508.38,2.95,20.12,3026989188.36,连续三个交易日内，涨幅偏离值累计达到20%的证券
20230721,002146.SZ,荣盛发展,2.38,10.1852,12.34,1096390071.0,68499624.84,119931225.28,188430850.12,51431600.44,4.69,17.19,9282645815.38,日涨幅偏离值达到7%的前5只证券
20230721,002146.SZ,荣盛发展,2.38,10.1852,12.34,2581734687.0,199522881.6,207522076.38,407044957.98,7999194.78,0.31,15.77,9282645815.38,连续三个交易日内，涨幅偏离值累计达到20%的证券
20230721,002269.SZ,美邦服饰,1.95,10.1695,13.35,898600232.0,53823238.11,86353398.0,140176636.11,32530159.89,3.62,15.6,4899375000.0,连续三个交易日内，涨幅偏离值累计达到20%的证券
20230721,002269.SZ,美邦服饰,1.95,10.1695,13.35,629554658.0,62443059.65,56726122.5,119169182.15,-5716937.15,-0.91,18.93,4899375000.0,日涨幅偏离值达到7%的前5只证券
20230721,002316.SZ,ST亚联,5.81,-9.9225,46.47,932267359.0,93990471.78,70773342.82,164763814.6,-23217128.96,-2.49,17.67,1830193575.0,日振幅值达到15%的前5只证券
20230721,002316.SZ,亚联发展,5.81,-9.9225,46.47,932267359.0,93990471.78,70773342.82,164763814.6,-23217128.96,-2.49,17.67,1830193575.0,日振幅值达到15%的前5只证券
20230721,002400.SZ,省广集团,6.24,-6.0241,28.56,3110505426.0,464247420.0,313482877.62,777730297.62,-150764542.38,-4.85,25.0,10446983851.2,日换手率达到20%的前5只证券
20230721,002553.SZ,南方精工,14.92,-10.0121,24.48,899210875.0,82716037.43,56506349.0,139222386.43,-26209688.43,-2.91,15.48,3547230000.0,日跌幅偏离值达到7%的前5只证券
20230721,002654.SZ,万润科技,10.91,-9.9835,19.02,1717096353.0,142389159.0,127138062.0,269527221.0,-15251097.0,-0.89,15.7,8554274473.17,日跌幅偏离值达到7%的前5只证券
20230721,002703.SZ,浙江世宝,15.3,-10.0,13.98,1191381207.0,155104781.9,90219075.41,245323857.31,-64885706.49,-5.45,20.59,8461823003.1,日跌幅偏离值达到7%的前5只证券
20230721,002761.SZ,浙江建投,16.65,9.9736,6.69,1151488242.0,147311828.08,169401026.15,316712854.23,22089198.07,1.92,27.5,18004312631.7,日涨幅偏离值达到7%的前5只证券
20230721,002951.SZ,*ST金时,8.48,-5.0392,0.04,1926442.0,823940.0,1294482.0,2118422.0,470542.0,24.43,109.97,3434377952.0,连续三个交易日内，跌幅偏离值累计达到12%的ST证券、*ST证券和未完成股改证券
20230721,002951.SZ,ST金时,8.48,-5.0392,0.04,1926442.0,823940.0,1294482.0,2118422.0,470542.0,24.43,109.97,3434400000.0,连续三个交易日内，跌幅偏离值累计达到12%的ST证券、*ST证券和未完成股改证券
20230721,003004.SZ,声迅股份,27.7,-6.8908,16.12,161553792.0,36248392.7,24546358.0,60794750.7,-11702034.7,-7.24,37.63,931855007.5,日振幅值达到15%的前5只证券
20230721,123015.SZ,蓝盾转退,25.874,-0.2621,,1148352.0,655678.61,692684.06,1348362.67,37005.45,3.22,117.42,,退市整理期的可转债
20230721,300297.SZ,蓝盾退,0.21,0.0,2.39,6229947.0,1711921.0,1772322.0,3484243.0,60401.0,0.97,55.93,262043096.91,退市整理期
20230721,300503.SZ,昊志机电,16.39,-16.5479,29.37,1070054815.0,104510408.92,61461805.0,165972213.92,-43048603.92,-4.02,15.51,3453040807.48,日跌幅达到15%的前5只证券
20230721,300814.SZ,中富电路,34.8,-4.3167,56.52,1087849185.0,136339314.26,80986662.07,217325976.33,-55352652.19,-5.09,19.98,1767700800.0,日换手率达到30%的前5只证券
20230721,300898.SZ,熊猫乳品,29.6,16.9036,41.98,628024324.0,58383609.44,39534606.88,97918216.32,-18849002.56,-3.0,15.59,1574185009.6,日涨幅达到15%的前5只证券
20230721,301007.SZ,德迈仕,16.27,-16.6923,32.33,680779266.0,74212510.0,50758686.11,124971196.11,-23453823.89,-3.45,18.36,2011098092.5,日跌幅达到15%的前5只证券
20230721,301255.SZ,通力科技,53.14,-19.994,54.34,855776434.0,76366973.82,53329566.0,129696539.82,-23037407.82,-2.69,15.16,1445408000.0,日跌幅达到15%的前5只证券
20230721,301281.SZ,科源制药,31.97,20.0075,34.21,271064990.0,13983481.64,56950250.08,70933731.72,42966768.44,15.85,26.17,821346417.17,日涨幅达到15%的前5只证券
20230721,301338.SZ,凯格精机,50.05,-17.6267,62.14,828759579.0,105172609.89,65886445.4,171059055.29,-39286164.49,-4.74,20.64,1241589148.8,日换手率达到30%的前5只证券
20230721,301381.SZ,赛维时代,41.8,0.0718,82.94,1162502334.0,117170852.61,61856787.28,179027639.89,-55314065.33,-4.76,15.4,1312977292.0,日换手率达到30%的前5只证券
20230721,301398.SZ,星源卓镁,60.8,-17.537,59.71,818742879.0,141592249.26,68466467.22,210058716.48,-73125782.04,-8.93,25.66,1176921164.8,日跌幅达到15%的前5只证券
20230721,301499.SZ,维科精密,35.28,80.9231,73.72,938921696.0,27694133.26,72696119.99,100390253.25,45001986.73,4.79,10.69,1156540986.72,无价格涨跌幅限制的证券
20230721,600159.SH,大龙地产,3.38,10.0977,15.51,421967320.0,42810936.64,43434048.94,86244985.58,623112.3,0.15,20.44,2805410924.16,有价格涨跌幅限制的日收盘价格涨幅偏离值达到7%的前五只证券
20230721,600159.SH,大龙地产,3.38,10.0977,15.51,662461724.0,53304062.0,53312451.0,106616513.0,8389.0,0.0,16.09,2805410924.16,非ST、*ST和S证券连续三个交易日内收盘价格涨幅偏离值累计达到20%的证券
20230721,600280.SH,中央商场,4.6,10.0478,1.23,63880499.0,11136600.0,22834400.0,33971000.0,11697800.0,18.31,53.18,5190340024.8,有价格涨跌幅限制的日收盘价格涨幅偏离值达到7%的前五只证券
20230721,600280.SH,中央商场,4.6,10.0478,1.23,89697433.0,12719006.0,31132238.0,43851244.0,18413232.0,20.53,48.89,5190340024.8,非ST、*ST和S证券连续三个交易日内收盘价格涨幅偏离值累计达到20%的证券
20230721,600719.SH,大连热电,7.82,-8.1081,11.55,374784627.0,54528225.0,33286807.98,87815032.98,-21241417.02,-5.67,23.43,3163968872.0,有价格涨跌幅限制的日收盘价格跌幅偏离值达到7%的前五只证券
20230721,601900.SH,南方传媒,21.88,10.005,5.82,1067685731.0,153078951.72,173394318.3,326473270.02,20315366.58,1.9,30.58,19601779264.08,有价格涨跌幅限制的日价格振幅达到15%的前五只证券
20230721,603000.SH,人民网,29.03,-10.0124,10.52,3488954738.0,369781840.97,403321511.4,773103352.37,33539670.43,0.96,22.16,32098211355.68,有价格涨跌幅限制的日收盘价格跌幅偏离值达到7%的前五只证券
20230721,603291.SH,联合水务,17.49,10.0,38.82,283160120.0,16319842.0,44706462.5,61026304.5,28386620.5,10.02,21.55,740212846.89,有价格涨跌幅限制的日换手率达到20%的前五只证券
20230721,603408.SH,建霖家居,10.66,-8.1826,6.35,80270323.0,13379661.0,7998339.0,21378000.0,-5381322.0,-6.7,26.63,1246278007.78,有价格涨跌幅限制的日收盘价格跌幅偏离值达到7%的前五只证券
20230721,603767.SH,中马传动,14.81,-10.0243,18.39,881987255.0,49044391.6,54167694.39,103212085.99,5123302.79,0.58,11.7,4553260450.0,有价格涨跌幅限制的日收盘价格跌幅偏离值达到7%的前五只证券
20230721,603918.SH,金桥信息,28.59,10.0038,22.11,2279634266.0,96962321.8,198290154.03,295252475.83,101327832.23,4.44,12.95,10452087672.42,有价格涨跌幅限制的日换手率达到20%的前五只证券
20230721,605188.SH,国光连锁,11.26,9.9609,7.18,294839298.0,15844287.0,49357273.0,65201560.0,33512986.0,11.37,22.11,679878777.48,非ST、*ST和S证券连续三个交易日内收盘价格涨幅偏离值累计达到20%的证券
20230721,605228.SH,神通科技,11.41,0.2636,22.03,251464103.0,37620491.0,32100152.0,69720643.0,-5520339.0,-2.2,27.73,1122485962.85,有价格涨跌幅限制的日换手率达到20%的前五只证券
20230721,688362.SH,甬矽电子,43.6,3.8095,45.58,946391600.0,137638800.0,62283800.0,199922600.0,-75355000.0,-7.96,21.12,2092800000.0,有价格涨跌幅限制的日换手率达到30%的前五只证券
20230721,688362.SH,甬矽电子,43.6,3.8095,45.58,946391600.0,137638856.74,62283853.53,199922710.27,-75355003.21,-7.96,21.12,2092800000.0,有价格涨跌幅限制的日换手率达到30%的前五只证券
20230721,688687.SH,凯因科技,20.8,-15.2749,12.22,296323300.0,121452100.0,77730000.0,199182100.0,-43722100.0,-14.75,67.22,2458497600.0,有价格涨跌幅限制的日收盘价格跌幅达到15%的前五只证券
20230721,688687.SH,凯因科技,20.8,-15.2749,12.22,296323300.0,121452136.43,77730059.64,199182196.07,-43722076.79,-14.75,67.22,2458497600.0,有价格涨跌幅限制的日收盘价格跌幅达到15%的前五只证券
20230721,838701.BJ,豪声电子,8.88,-10.8434,41.4,89409400.0,17970485.0,14716496.62,32686981.62,-3253988.38,-3.64,36.56,206690880.0,当日换手率达到20%的前5只股票
20230724,000638.SZ,万方发展,7.62,9.9567,18.61,628913690.0,55698851.12,53667042.0,109365893.12,-2031809.12,-0.32,17.39,2352862459.62,连续三个交易日内，涨幅偏离值累计达到20%的证券
20230724,000656.SZ,*ST金科,1.68,9.8039,25.16,2157631565.0,120215863.5,148413493.0,268629356.5,28197629.5,1.31,12.45,8918071708.56,日换手率达到20%的前5只证券
20230724,000656.SZ,*ST金科,1.68,9.8039,25.16,3389374653.0,241083365.5,308736743.96,549820109.46,67653378.46,2.0,16.22,8918071708.56,连续三个交易日内，涨幅偏离值累计达到20%的证券
20230724,000656.SZ,金科股份,1.68,9.8039,25.14,2157631565.0,120215863.5,148413493.0,268629356.5,28197629.5,1.31,12.45,8921810380.56,日涨幅偏离值达到7%的前5只证券
20230724,000656.SZ,金科股份,1.68,9.8039,25.14,3389374653.0,241083365.5,308736743.96,549820109.46,67653378.46,2.0,16.22,8921810380.56,连续三个交易日内，涨幅偏离值累计达到20%的证券
20230724,000678.SZ,襄阳轴承,7.03,-9.9872,13.24,435572381.0,38179516.4,31870875.0,70050391.4,-6308641.4,-1.45,16.08,3231070932.91,日跌幅偏离值达到7%的前5只证券
20230724,000679.SZ,大连友谊,6.55,10.084,11.73,260945162.0,21025488.5,38663343.77,59688832.27,17637855.27,6.76,22.87,2334420000.0,日振幅值达到15%的前5只证券
20230724,000679.SZ,大连友谊,6.55,10.084,11.73,683027419.0,70296911.56,69230295.35,139527206.91,-1066616.21,-0.16,20.43,2334420000.0,连续三个交易日内，涨幅偏离值累计达到20%的证券
20230724,000716.SZ,黑芝麻,8.11,0.2472,27.54,1523430573.0,139286833.57,133998065.69,273284899.26,-5288767.88,-0.35,17.94,5643964815.21,日换手率达到20%的前5只证券
20230724,000752.SZ,*ST西发,4.7,4.9107,0.84,29099754.0,10533164.1,11956742.9,22489907.0,1423578.8,4.89,77.29,1239664907.7,连续三个交易日内，涨幅偏离值累计达到12%的ST证券、*ST证券和未完成股改证券
20230724,000752.SZ,ST西发,4.7,4.9107,0.84,29099754.0,10533164.1,11956742.9,22489907.0,1423578.8,4.89,77.29,1239664907.7,连续三个交易日内，涨幅偏离值累计达到12%的ST证券、*ST证券和未完成股改证券
20230724,001373.SZ,翔腾新材,45.5,-7.9693,40.11,318456438.0,19406079.33,28875059.08,48281138.41,9468979.75,2.97,15.16,781313351.0,日换手率达到20%的前5只证券
20230724,002146.SZ,荣盛发展,2.31,-2.9412,22.17,2104332728.0,220113901.82,157762631.08,377876532.9,-62351270.74,-2.96,17.96,9009626820.81,日振幅值达到15%的前5只证券
20230724,002229.SZ,鸿博股份,30.68,10.0036,16.29,2408178728.0,155173694.1,329466412.03,484640106.13,174292717.93,7.24,20.12,15130280754.68,日涨幅偏离值达到7%的前5只证券
20230724,002315.SZ,焦点科技,39.19,9.9916,11.34,862853977.0,56812707.47,244227375.0,301040082.47,187414667.53,21.72,34.89,7733877813.36,日涨幅偏离值达到7%的前5只证券
20230724,002316.SZ,ST亚联,6.39,9.9828,34.99,641002544.0,51948206.0,123139281.0,175087487.0,71191075.0,11.11,27.31,2012897925.0,日振幅值达到15%的前5只证券
20230724,002316.SZ,亚联发展,6.39,9.9828,34.99,641002544.0,51948206.0,123139281.0,175087487.0,71191075.0,11.11,27.31,2012897925.0,日换手率达到20%的前5只证券
20230724,002336.SZ,*ST人乐,16.35,-5.6549,13.27,826128372.0,86491163.1,73204867.2,159696030.3,-13286295.9,-1.61,19.33,6101411250.0,日振幅值达到15%的前5只证券
20230724,002336.SZ,人人乐,16.35,-5.6549,13.27,826128372.0,86491163.1,73204867.2,159696030.3,-13286295.9,-1.61,19.33,6101411250.0,日振幅值达到15%的前5只证券
20230724,002355.SZ,兴民智通,5.31,-10.0,19.44,661635576.0,112694298.2,60002986.72,172697284.92,-52691311.48,-7.96,26.1,3277154911.5,日跌幅偏离值达到7%的前5只证券
20230724,002496.SZ,辉丰股份,2.39,-9.1255,12.02,345041494.0,60721344.73,30769907.0,91491251.73,-29951437.73,-8.68,26.52,2804202331.85,日跌幅偏离值达到7%的前5只证券
20230724,002553.SZ,南方精工,13.43,-9.9866,23.41,761741205.0,61450048.17,56607793.67,118057841.84,-4842254.5,-0.64,15.5,3192982500.0,日跌幅偏离值达到7%的前5只证券
20230724,002559.SZ,亚威股份,10.07,10.0546,14.17,657717519.0,88587659.0,113119941.5,201707600.5,24532282.5,3.73,30.67,4837725024.45,日涨幅偏离值达到7%的前5只证券
20230724,002719.SZ,麦趣尔,12.24,9.973,34.59,641238865.0,57944981.96,51098035.45,109043017.41,-6846946.51,-1.07,17.01,1981316890.8,日换手率达到20%的前5只证券
20230724,002719.SZ,麦趣尔,12.24,9.973,34.59,905872524.0,65549158.56,74494554.2,140043712.76,8945395.64,0.99,15.46,1981316890.8,连续三个交易日内，涨幅偏离值累计达到20%的证券
20230724,123015.SZ,蓝盾转退,25.55,-1.2522,,2315981.0,1222420.49,909483.89,2131904.38,-312936.6,-13.51,92.05,,退市整理期的可转债
20230724,300297.SZ,蓝盾退,0.21,0.0,3.4,8909622.0,1252356.0,1875449.0,3127805.0,623093.0,6.99,35.11,262043096.91,退市整理期
20230724,300844.SZ,山水比德,36.01,19.9933,34.72,195746713.0,37562666.82,29869828.4,67432495.22,-7692838.42,-3.93,34.45,603527600.0,日涨幅达到15%的前5只证券
20230724,300989.SZ,蕾奥规划,24.16,0.8768,51.53,503962294.0,43979068.38,44722201.36,88701269.74,743132.98,0.15,17.6,978480000.0,日换手率达到30%的前5只证券
20230724,301281.SZ,科源制药,31.45,-1.6265,50.57,415725746.0,73359690.01,34765432.78,108125122.79,-38594257.23,-9.28,26.01,807987013.45,日换手率达到30%的前5只证券
20230724,301365.SZ,矩阵股份,19.0,8.945,51.42,474473836.0,39530584.02,64198266.33,103728850.35,24667682.31,5.2,21.86,855000000.0,日换手率达到30%的前5只证券
20230724,301381.SZ,赛维时代,45.95,9.9282,77.32,1032858230.0,52584809.74,229516230.82,282101040.56,176931421.08,17.13,27.31,1443332693.0,日换手率达到30%的前5只证券
20230724,301381.SZ,赛维时代,45.95,9.9282,77.32,2606244134.0,164822179.21,279796569.68,444618748.89,114974390.47,4.41,17.06,1443332693.0,连续三个交易日内，涨幅偏离值累计达到30%的证券
20230724,301398.SZ,星源卓镁,62.88,3.4211,53.55,627773863.0,49387309.86,103122816.7,152510126.56,53735506.84,8.56,24.29,1217184257.28,日换手率达到30%的前5只证券
20230724,301468.SZ,博盈特焊,40.1,-15.7209,40.4,506432328.0,22604130.98,37107028.76,59711159.74,14502897.78,2.86,11.79,1255093669.4,无价格涨跌幅限制的证券
20230724,600012.SH,皖通高速,10.14,9.9783,1.56,180527252.0,55029182.24,68371091.67,123400273.91,13341909.43,7.39,68.36,11819184000.0,有价格涨跌幅限制的日收盘价格涨幅偏离值达到7%的前五只证券
20230724,600159.SH,大龙地产,3.4,0.5917,22.7,658026290.0,56414274.0,51711630.0,108125904.0,-4702644.0,-0.71,16.43,2822010988.8,有价格涨跌幅限制的日价格振幅达到15%的前五只证券
20230724,600257.SH,大湖股份,6.17,-10.0583,12.11,366575717.0,57723897.77,35041227.96,92765125.73,-22682669.81,-6.19,25.31,2969233449.96,有价格涨跌幅限制的日收盘价格跌幅偏离值达到7%的前五只证券
20230724,600602.SH,云赛智联,14.76,9.9851,8.07,1260410510.0,130390498.84,175494393.78,305884892.62,45103894.94,3.58,24.27,16036841597.91,有价格涨跌幅限制的日收盘价格涨幅偏离值达到7%的前五只证券
20230724,600936.SH,广西广电,4.64,9.9526,3.77,410122781.0,41422932.12,33940867.44,75363799.56,-7482064.68,-1.82,18.38,7753561748.96,非ST、*ST和S证券连续三个交易日内收盘价格涨幅偏离值累计达到20%的证券
20230724,603097.SH,江苏华辰,24.58,4.9979,33.46,335240249.0,67476742.45,41573040.0,109049782.45,-25903702.45,-7.73,32.53,983200000.0,有价格涨跌幅限制的日换手率达到20%的前五只证券
20230724,603291.SH,联合水务,17.1,-2.2298,47.13,343386460.0,47078129.0,21287863.0,68365992.0,-25790266.0,-7.51,19.91,723707243.1,有价格涨跌幅限制的日换手率达到20%的前五只证券
20230724,603682.SH,锦和商管,6.24,10.0529,9.11,265529623.0,57354936.0,42598664.0,99953600.0,-14756272.0,-5.56,37.64,2948400000.0,有价格涨跌幅限制的日收盘价格涨幅偏离值达到7%的前五只证券
20230724,603730.SH,岱美股份,18.73,9.9824,1.09,250134653.0,59039847.08,89654273.71,148694120.79,30614426.63,12.24,59.45,23812370740.76,有价格涨跌幅限制的日收盘价格涨幅偏离值达到7%的前五只证券
20230724,603767.SH,中马传动,13.33,-9.9932,13.35,551285319.0,37446443.52,45866786.82,83313230.34,8420343.3,1.53,15.11,4098241850.0,有价格涨跌幅限制的日收盘价格跌幅偏离值达到7%的前五只证券
20230724,603918.SH,金桥信息,30.3,5.9811,24.51,2634294057.0,165168115.35,264454136.51,429622251.86,99286021.16,3.77,16.31,11077238771.4,有价格涨跌幅限制的日换手率达到20%的前五只证券
20230724,603976.SH,正川股份,21.44,10.0051,4.4,139488913.0,21217199.0,15464242.0,36681441.0,-5752957.0,-4.12,26.3,3241770794.24,有价格涨跌幅限制的日收盘价格涨幅偏离值达到7%的前五只证券
20230724,605188.SH,国光连锁,10.13,-10.0355,67.81,427995638.0,53205263.0,24492987.0,77698250.0,-28712276.0,-6.71,18.15,611649379.74,有价格涨跌幅限制的日换手率达到20%的前五只证券
20230724,688362.SH,甬矽电子,40.21,-7.7752,38.98,804017700.0,71150685.9,65867877.02,137018562.92,-5282808.88,-0.66,17.04,1930080000.0,有价格涨跌幅限制的日换手率达到30%的前五只证券
20230724,688362.SH,甬矽电子,40.21,-7.7752,38.98,804017700.0,71150700.0,65867900.0,137018600.0,-5282800.0,-0.66,17.04,1930080000.0,有价格涨跌幅限制的日换手率达到30%的前五只证券
20230724,838701.BJ,豪声电子,8.1,-8.7838,33.96,54915600.0,10348203.79,19499602.61,29847806.4,9151398.82,16.66,54.35,158768100.0,当日换手率达到20%的前5只股票
20230725,000625.SZ,长安汽车,14.6,10.0226,6.01,6579961624.0,490987567.79,1139694871.96,1630682439.75,648707304.17,9.86,24.78,117933708919.54,日涨幅偏离值达到7%的前5只证券
20230725,000656.SZ,*ST金科,1.85,10.119,12.68,1213740206.0,79066474.0,134916326.92,213982800.92,55849852.92,4.6,17.63,9820495631.45,日涨幅偏离值达到7%的前5只证券
20230725,000656.SZ,金科股份,1.85,10.119,12.67,1213740206.0,79066474.0,134916326.92,213982800.92,55849852.92,4.6,17.63,9824612621.45,日涨幅偏离值达到7%的前5只证券
20230725,000678.SZ,襄阳轴承,6.94,-1.2802,10.84,1326126461.0,100732687.99,82931590.07,183664278.06,-17801097.92,-1.34,13.85,3189705871.18,连续三个交易日内，跌幅偏离值累计达到20%的证券
20230725,000679.SZ,大连友谊,6.66,1.6794,24.34,582958817.0,75242979.62,42427146.92,117670126.54,-32815832.7,-5.63,20.18,2373624000.0,日换手率达到20%的前5只证券
20230725,000961.SZ,ST中南,1.98,10.0,8.55,2233280433.0,176609343.93,241113761.59,417723105.52,64504417.66,2.89,18.7,7546027248.54,连续三个交易日内，涨幅偏离值累计达到20%的证券
20230725,000961.SZ,中南建设,1.98,10.0,8.55,2233280433.0,176609343.93,241113761.59,417723105.52,64504417.66,2.89,18.7,7546027248.54,连续三个交易日内，涨幅偏离值累计达到20%的证券
20230725,001373.SZ,翔腾新材,48.79,7.2308,43.19,355953875.0,26021603.11,98667674.72,124689277.83,72646071.61,20.41,35.03,837808316.38,日换手率达到20%的前5只证券
20230725,002146.SZ,荣盛发展,2.54,9.9567,14.49,1384394643.0,115664331.73,204187890.0,319852221.73,88523558.27,6.39,23.1,9906689231.54,日涨幅偏离值达到7%的前5只证券
20230725,002229.SZ,鸿博股份,33.75,10.0065,15.86,2557800819.0,249347470.96,264880151.13,514227622.09,15532680.17,0.61,20.1,16644295158.75,日涨幅偏离值达到7%的前5只证券
20230725,002229.SZ,鸿博股份,33.75,10.0065,15.86,6247513348.0,451220285.86,620705381.34,1071925667.2,169485095.48,2.71,17.16,16644295158.75,连续三个交易日内，涨幅偏离值累计达到20%的证券
20230725,002271.SZ,东方雨虹,29.13,10.0076,4.44,2567430495.0,369687380.77,553109198.92,922796579.69,183421818.15,7.14,35.94,58128740103.48,日涨幅偏离值达到7%的前5只证券
20230725,002316.SZ,ST亚联,7.03,10.0156,49.83,1069658296.0,141386093.48,103102336.7,244488430.18,-38283756.78,-3.58,22.86,2214502725.0,日换手率达到20%的前5只证券
20230725,002316.SZ,亚联发展,7.03,10.0156,49.83,1069658296.0,141386093.48,103102336.7,244488430.18,-38283756.78,-3.58,22.86,2214502725.0,日换手率达到20%的前5只证券
20230725,002559.SZ,亚威股份,9.53,-5.3625,28.88,1347013698.0,156869083.5,77199991.0,234069074.5,-79669092.5,-5.91,17.38,4578303821.55,日跌幅偏离值达到7%的前5只证券
20230725,002719.SZ,麦趣尔,13.46,9.9673,32.81,676556760.0,66610906.14,74565610.54,141176516.68,7954704.4,1.18,20.87,2178801090.7,日换手率达到20%的前5只证券
20230725,002849.SZ,威星智能,16.3,-5.1774,8.21,254897919.0,53011097.7,25645762.2,78656859.9,-27365335.5,-10.74,30.86,3066759588.0,日振幅值达到15%的前5只证券
20230725,002919.SZ,名臣健康,36.58,-5.1349,3.72,302286779.0,98848864.78,101886954.04,200735818.82,3038089.26,1.01,66.41,8043922832.08,日跌幅偏离值达到7%的前5只证券
20230725,123015.SZ,蓝盾转退,25.83,1.0959,,3140388.0,1258626.59,1856975.16,3115601.75,598348.57,19.05,99.21,,退市整理期的可转债
20230725,300297.SZ,蓝盾退,0.22,4.7619,2.22,5892199.0,1002680.0,1963826.0,2966506.0,961146.0,16.31,50.35,274521339.62,退市整理期
20230725,300561.SZ,汇金科技,12.13,5.9389,6.63,158940228.0,16769893.73,11196386.38,27966280.11,-5573507.35,-3.51,17.6,2371575116.0,日振幅值达到30%的前5只证券
20230725,300814.SZ,中富电路,30.95,-7.3353,47.61,774333192.0,123852480.26,81522281.58,205374761.84,-42330198.68,-5.47,26.52,1572136200.0,日换手率达到30%的前5只证券
20230725,300844.SZ,山水比德,43.21,19.9944,29.66,201325502.0,18385473.0,27867252.6,46252725.6,9481779.6,4.71,22.97,724199600.0,日涨幅达到15%的前5只证券
20230725,300844.SZ,山水比德,43.21,19.9944,29.66,397072215.0,50676413.22,45136310.8,95812724.02,-5540102.42,-1.4,24.13,724199600.0,连续三个交易日内，涨幅偏离值累计达到30%的证券
20230725,300917.SZ,特发服务,30.25,19.9921,25.68,626927294.0,57709540.88,73635231.26,131344772.14,15925690.38,2.54,20.95,2620028125.0,日涨幅达到15%的前5只证券
20230725,300947.SZ,德必集团,19.27,19.9875,25.56,441592540.0,42041116.57,49457552.88,91498669.45,7416436.31,1.68,20.72,1836310697.39,日涨幅达到15%的前5只证券
20230725,300977.SZ,深圳瑞捷,23.0,12.8004,47.46,392461957.0,33201840.57,33545203.18,66747043.75,343362.61,0.09,17.01,891846114.0,日换手率达到30%的前5只证券
20230725,300989.SZ,蕾奥规划,27.15,12.3758,56.67,574519289.0,44475183.27,47114760.41,91589943.68,2639577.14,0.46,15.94,1099575000.0,日换手率达到30%的前5只证券
20230725,301024.SZ,霍普股份,33.46,20.0143,29.85,168285499.0,23375013.5,26965711.02,50340724.52,3590697.52,2.13,29.91,593496750.0,日涨幅达到15%的前5只证券
20230725,301376.SZ,致欧科技,28.99,19.9917,23.11,217204601.0,19005623.54,47531045.38,66536668.92,28525421.84,13.13,30.63,983317231.13,日涨幅达到15%的前5只证券
20230725,301381.SZ,赛维时代,48.35,5.2231,70.87,1086098422.0,178920298.06,115102713.52,294023011.58,-63817584.54,-5.88,27.07,1518718949.0,日换手率达到30%的前5只证券
20230725,301398.SZ,星源卓镁,70.5,12.1183,56.28,765686832.0,95715302.97,134431859.62,230147162.59,38716556.65,5.06,30.06,1364686548.0,日换手率达到30%的前5只证券
20230725,301446.SZ,福事特,40.58,27.2499,65.89,561869372.0,26931091.29,53464153.96,80395245.25,26533062.67,4.72,14.31,811600000.0,无价格涨跌幅限制的证券
20230725,301515.SZ,港通医疗,41.14,32.0282,70.59,672956667.0,16282126.12,62479924.7,78762050.82,46197798.58,6.86,11.7,975368265.96,无价格涨跌幅限制的证券
20230725,600011.SH,华能国际,8.63,-6.8035,1.62,1543113248.0,675983968.59,201695050.52,877679019.11,-474288918.07,-30.74,56.88,94910236600.97,有价格涨跌幅限制的日收盘价格跌幅偏离值达到7%的前五只证券
20230725,600023.SH,浙能电力,4.78,-5.1587,0.75,483977382.0,204860093.62,74147416.9,279007510.52,-130712676.72,-27.01,57.65,64093742540.22,有价格涨跌幅限制的日收盘价格跌幅偏离值达到7%的前五只证券
20230725,600159.SH,大龙地产,3.74,10.0,22.95,678272947.0,69325068.0,61911505.0,131236573.0,-7413563.0,-1.09,19.35,3104212087.68,有价格涨跌幅限制的日价格振幅达到15%的前五只证券
20230725,600266.SH,城建发展,6.11,10.0901,6.97,950043509.0,236908656.28,146344858.42,383253514.7,-90563797.86,-9.53,40.34,13787444736.0,有价格涨跌幅限制的日收盘价格涨幅偏离值达到7%的前五只证券
20230725,600321.SH,正源股份,1.93,10.2857,3.07,88092597.0,8567554.0,26108908.0,34676462.0,17541354.0,19.91,39.36,2915361500.0,有价格涨跌幅限制的日收盘价格涨幅偏离值达到7%的前五只证券
20230725,600322.SH,天房发展,2.34,9.8592,18.49,1070533281.0,91139589.35,74865181.53,166004770.88,-16274407.82,-1.52,15.51,2587338000.0,非ST、*ST和S证券连续三个交易日内收盘价格涨幅偏离值累计达到20%的证券
20230725,600322.SH,津投城开,2.34,9.8592,18.49,1070533281.0,91139589.35,74865181.53,166004770.88,-16274407.82,-1.52,15.51,2587338000.0,非ST、*ST和S证券连续三个交易日内收盘价格涨幅偏离值累计达到20%的证券
20230725,600565.SH,ST迪马,1.85,10.119,4.07,182832429.0,16776902.0,35224402.0,52001304.0,18447500.0,10.09,28.44,4609286625.4,有价格涨跌幅限制的日收盘价格涨幅偏离值达到7%的前五只证券
20230725,600565.SH,迪马股份,1.85,10.119,4.07,182832429.0,16776902.0,35224402.0,52001304.0,18447500.0,10.09,28.44,4609286625.4,有价格涨跌幅限制的日收盘价格涨幅偏离值达到7%的前五只证券
20230725,600638.SH,新黄浦,6.22,10.0885,2.38,96876763.0,24471188.0,18236431.2,42707619.2,-6234756.8,-6.44,44.08,4188528008.92,有价格涨跌幅限制的日收盘价格涨幅偏离值达到7%的前五只证券
20230725,600642.SH,申能股份,6.72,-4.9505,1.05,345659076.0,103904159.46,44235528.0,148139687.46,-59668631.46,-17.26,42.86,32692385281.92,有价格涨跌幅限制的日收盘价格跌幅偏离值达到7%的前五只证券
20230725,601099.SH,太平洋,2.93,10.1504,2.28,456018045.0,22893555.0,202194319.0,225087874.0,179300764.0,39.32,49.36,19971806964.1,有价格涨跌幅限制的日收盘价格涨幅偏离值达到7%的前五只证券
20230725,601136.SH,首创证券,16.6,10.0066,30.29,1371814592.0,74260572.0,272710778.82,346971350.82,198450206.82,14.47,25.29,4537341080.0,有价格涨跌幅限制的日换手率达到20%的前五只证券
20230725,603097.SH,江苏华辰,23.86,-2.9292,25.46,245582524.0,41080231.0,29153337.0,70233568.0,-11926894.0,-4.86,28.6,954400000.0,有价格涨跌幅限制的日换手率达到20%的前五只证券
20230725,603137.SH,恒尚节能,21.35,5.0689,27.36,187086755.0,16478376.48,34370497.69,50848874.17,17892121.21,9.56,27.18,683418986.95,有价格涨跌幅限制的日换手率达到20%的前五只证券
20230725,603291.SH,联合水务,17.08,-0.117,36.64,266805413.0,22194658.2,37393813.44,59588471.64,15199155.24,5.7,22.33,722860801.88,有价格涨跌幅限制的日换手率达到20%的前五只证券
20230725,603556.SH,海兴电力,24.94,-6.064,1.76,214637930.0,60820820.85,47855850.09,108676670.94,-12964970.76,-6.04,50.63,12187779957.6,有价格涨跌幅限制的日收盘价格跌幅偏离值达到7%的前五只证券
20230725,603682.SH,锦和商管,6.86,9.9359,1.74,365628906.0,61207512.0,57446777.0,118654289.0,-3760735.0,-1.03,32.45,3241350000.0,非ST、*ST和S证券连续三个交易日内收盘价格涨幅偏离值累计达到20%的证券
20230725,603767.SH,中马传动,13.19,-1.0503,11.59,1903765022.0,125883944.01,129603070.21,255487014.22,3719126.2,0.2,13.42,4055199550.0,非ST、*ST和S证券连续三个交易日内收盘价格跌幅偏离值累计达到20%的证券
20230725,605188.SH,国光连锁,11.14,9.9704,68.09,445736991.0,25899552.0,66673732.0,92573284.0,40774180.0,9.15,20.77,672633177.72,有价格涨跌幅限制的日换手率达到20%的前五只证券
20230725,688318.SH,财富趋势,107.46,20.0,3.63,480464300.0,65537201.44,81207236.87,146744438.31,15670035.43,3.26,30.54,14042142072.0,有价格涨跌幅限制的日收盘价格涨幅达到15%的前五只证券
20230725,688318.SH,财富趋势,107.46,20.0,3.63,480464300.0,65537300.0,81207200.0,146744500.0,15669900.0,3.26,30.54,14042142072.0,有价格涨跌幅限制的日收盘价格涨幅达到15%的前五只证券
20230725,688627.SH,精智达,83.18,-0.024,33.11,532911000.0,92859500.32,169224642.73,262084143.05,76365142.41,14.33,49.18,1660444899.42,有价格涨跌幅限制的日换手率达到30%的前五只证券
20230725,688627.SH,精智达,83.18,-0.024,33.11,532911000.0,92859600.0,169224800.0,262084400.0,76365200.0,14.33,49.18,1660444899.42,有价格涨跌幅限制的日换手率达到30%的前五只证券
20230725,688700.SH,东威科技,71.87,-15.457,9.33,1026522900.0,163598600.0,170013200.0,333611800.0,6414600.0,0.62,32.5,10545758996.57,有价格涨跌幅限制的日收盘价格跌幅达到15%的前五只证券
20230725,688700.SH,东威科技,71.87,-15.457,9.33,1026522900.0,163598663.15,170013204.02,333611867.17,6414540.87,0.62,32.5,10545758996.57,有价格涨跌幅限制的日收盘价格跌幅达到15%的前五只证券
20230725,838701.BJ,豪声电子,8.1,0.0,26.78,42769800.0,10348517.1,6046606.05,16395123.15,-4301911.05,-10.06,38.33,158768100.0,当日换手率达到20%的前5只股票
20230725,900940.SH,大名城B,0.253,10.0,0.64,315937.0,103258.96,141650.11,244909.07,38391.15,12.15,77.52,7972861451.8,有价格涨跌幅限制的日收盘价格涨幅偏离值达到7%的前五只证券
20230726,000004.SZ,国华网安,19.39,9.983,30.69,682715166.0,46876344.86,54390983.0,101267327.86,7514638.14,1.1,14.83,2305797779.67,日涨幅偏离值达到7%的前5只证券
20230726,000638.SZ,万方发展,7.99,-4.6539,34.74,901205289.0,73280847.03,51171917.24,124452764.27,-22108929.79,-2.45,13.81,2467109061.99,日换手率达到20%的前5只证券
20230726,001337.SZ,四川黄金,35.63,5.0413,35.14,732809144.0,161751163.95,59570436.7,221321600.65,-102180727.25,-13.94,30.2,2137800000.0,日换手率达到20%的前5只证券
20230726,001373.SZ,翔腾新材,47.8,-2.0291,34.72,293387551.0,45745754.66,27035411.64,72781166.3,-18710343.02,-6.38,24.81,820808311.6,日换手率达到20%的前5只证券
20230726,002146.SZ,荣盛发展,2.79,9.8425,12.1,1305338513.0,190491097.2,92720531.0,283211628.2,-97770566.2,-7.49,21.7,10881757069.29,日涨幅偏离值达到7%的前5只证券
20230726,002261.SZ,拓维信息,16.89,-8.2564,18.4,3533615528.0,267299167.83,371689727.15,638988894.98,104390559.32,2.95,18.08,18941553105.72,日跌幅偏离值达到7%的前5只证券
20230726,002269.SZ,美邦服饰,1.99,9.9448,13.44,655148228.0,38394402.12,84879084.35,123273486.47,46484682.23,7.1,18.82,4999875000.0,日涨幅偏离值达到7%的前5只证券
20230726,002310.SZ,*ST东园,2.6,10.1695,8.5,575431938.0,62209405.35,79064840.42,141274245.77,16855435.07,2.93,24.55,6977206236.0,日涨幅偏离值达到7%的前5只证券
20230726,002310.SZ,东方园林,2.6,10.1695,8.76,575431938.0,62209405.35,79064840.42,141274245.77,16855435.07,2.93,24.55,6773940256.2,日涨幅偏离值达到7%的前5只证券
20230726,002316.SZ,ST亚联,6.4,-8.9616,44.08,925458903.0,116632829.25,79881376.55,196514205.8,-36751452.7,-3.97,21.23,2016048000.0,日跌幅偏离值达到7%的前5只证券
20230726,002316.SZ,亚联发展,6.4,-8.9616,44.08,925458903.0,116632829.25,79881376.55,196514205.8,-36751452.7,-3.97,21.23,2016048000.0,日跌幅偏离值达到7%的前5只证券
20230726,002336.SZ,*ST人乐,17.19,9.9808,10.26,614032681.0,70143492.0,80460852.0,150604344.0,10317360.0,1.68,24.53,6414878250.0,日涨幅偏离值达到7%的前5只证券
20230726,002336.SZ,人人乐,17.19,9.9808,10.26,614032681.0,70143492.0,80460852.0,150604344.0,10317360.0,1.68,24.53,6414878250.0,日涨幅偏离值达到7%的前5只证券
20230726,002668.SZ,TCL智家,8.05,-8.3144,2.62,234132748.0,41249020.25,34954727.4,76203747.65,-6294292.85,-2.69,32.55,8727096995.4,日跌幅偏离值达到7%的前5只证券
20230726,002668.SZ,奥马电器,8.05,-8.3144,2.62,234132748.0,41249020.25,34954727.4,76203747.65,-6294292.85,-2.69,32.55,8727096995.4,日跌幅偏离值达到7%的前5只证券
20230726,002719.SZ,麦趣尔,13.36,-0.7429,38.31,809372331.0,67214926.5,58511297.2,125726223.7,-8703629.3,-1.08,15.53,2162613861.2,日换手率达到20%的前5只证券
20230726,002951.SZ,*ST金时,7.39,-5.0129,3.87,224293045.0,19900278.0,20931699.25,40831977.25,1031421.25,0.46,18.2,2992930786.0,连续三个交易日内，跌幅偏离值累计达到12%的ST证券、*ST证券和未完成股改证券
20230726,002951.SZ,ST金时,7.39,-5.0129,3.87,224293045.0,19900278.0,20931699.25,40831977.25,1031421.25,0.46,18.2,2992950000.0,连续三个交易日内，跌幅偏离值累计达到12%的ST证券、*ST证券和未完成股改证券
20230726,123015.SZ,蓝盾转退,25.778,-0.2013,,2111114.0,3004747.08,3185998.18,6190745.26,181251.1,8.59,293.25,,退市整理期的可转债
20230726,123202.SZ,祥源转债,135.117,35.117,,89943708.0,10623414.67,25377480.82,36000895.49,14754066.15,16.4,40.03,,上市首日可转债
20230726,300155.SZ,安居宝,6.23,20.0385,14.82,297454915.0,41573340.0,59238973.13,100812313.13,17665633.13,5.94,33.89,2057747107.78,日涨幅达到15%的前5只证券
20230726,300297.SZ,蓝盾退,0.21,-4.5455,2.22,5911201.0,1194139.0,1800826.0,2994965.0,606687.0,10.26,50.67,262043096.91,退市整理期
20230726,300551.SZ,古鳌科技,20.56,-20.0,7.86,446846450.0,107721950.3,81350588.0,189072538.3,-26371362.3,-5.9,42.31,5214432237.2,日跌幅达到15%的前5只证券
20230726,300844.SZ,山水比德,51.85,19.9954,27.12,229714153.0,30233434.8,37321201.8,67554636.6,7087767.0,3.09,29.41,869006000.0,日涨幅达到15%的前5只证券
20230726,300917.SZ,特发服务,33.36,10.281,35.31,1611765584.0,121151803.91,102065710.01,223217513.92,-19086093.9,-1.18,13.85,2889393000.0,连续三个交易日内，涨幅偏离值累计达到30%的证券
20230726,300989.SZ,蕾奥规划,30.65,12.8913,60.12,701612866.0,51754031.61,50909103.52,102663135.13,-844928.09,-0.12,14.63,1241325000.0,日换手率达到30%的前5只证券
20230726,301024.SZ,霍普股份,37.99,13.5386,60.85,403827689.0,40830294.7,34377862.77,75208157.47,-6452431.93,-1.6,18.62,673847625.0,日换手率达到30%的前5只证券
20230726,301024.SZ,霍普股份,37.99,13.5386,60.85,572113188.0,49259157.64,42152836.52,91411994.16,-7106321.12,-1.24,15.98,673847625.0,连续三个交易日内，涨幅偏离值累计达到30%的证券
20230726,301049.SZ,超越科技,26.45,20.0091,32.73,214300087.0,16806865.65,43944841.05,60751706.7,27137975.4,12.66,28.35,679342699.3,日涨幅达到15%的前5只证券
20230726,301172.SZ,君逸数码,42.2,34.6952,79.6,996744476.0,52666235.78,77543178.39,130209414.17,24876942.61,2.5,13.06,1167470131.8,无价格涨跌幅限制的证券
20230726,301381.SZ,赛维时代,51.7,6.9286,60.33,929525371.0,77612808.55,110628733.98,188241542.53,33015925.43,3.55,20.25,1623945598.0,日换手率达到30%的前5只证券
20230726,301429.SZ,森泰股份,30.1,20.0159,69.23,553617885.0,33763399.46,61264975.06,95028374.52,27501575.6,4.97,17.16,843897385.8,日涨幅达到15%的前5只证券
20230726,301505.SZ,苏州规划,58.93,19.9959,72.1,746058931.0,58856462.94,70183668.53,129040131.47,11327205.59,1.52,17.3,1161839777.63,日涨幅达到15%的前5只证券
20230726,600159.SH,大龙地产,3.75,0.2674,25.65,827559452.0,69690218.0,60075015.72,129765233.72,-9615202.28,-1.16,15.68,3112512120.0,有价格涨跌幅限制的日价格振幅达到15%的前五只证券
20230726,600231.SH,凌钢股份,2.5,10.1322,2.46,170836062.0,24060960.0,37372296.42,61433256.42,13311336.42,7.79,35.96,7130397395.0,有价格涨跌幅限制的日收盘价格涨幅偏离值达到7%的前五只证券
20230726,600280.SH,中央商场,5.0,3.7344,21.01,1132882560.0,80253074.13,82052418.65,162305492.78,1799344.52,0.16,14.33,5641673940.0,有价格涨跌幅限制的日价格振幅达到15%的前五只证券
20230726,600565.SH,ST迪马,2.04,10.2703,6.83,341849483.0,37564415.08,26278242.6,63842657.68,-11286172.48,-3.3,18.68,5082672819.36,有价格涨跌幅限制的日收盘价格涨幅偏离值达到7%的前五只证券
20230726,600565.SH,迪马股份,2.04,10.2703,6.83,341849483.0,37564415.08,26278242.6,63842657.68,-11286172.48,-3.3,18.68,5082672819.36,有价格涨跌幅限制的日收盘价格涨幅偏离值达到7%的前五只证券
20230726,600638.SH,新黄浦,6.84,9.9678,6.93,456116393.0,52958310.48,35145037.96,88103348.44,-17813272.52,-3.91,19.32,4606034016.24,非ST、*ST和S证券连续三个交易日内收盘价格涨幅偏离值累计达到20%的证券
20230726,600743.SH,华远地产,2.07,10.1064,3.39,164545958.0,28058564.34,55677825.0,83736389.34,27619260.66,16.79,50.89,4856428809.18,有价格涨跌幅限制的日收盘价格涨幅偏离值达到7%的前五只证券
20230726,600766.SH,*ST园城,11.14,3.7244,0.92,58726602.0,11195981.0,12265663.0,23461644.0,1069682.0,1.82,39.95,2494603282.08,ST、*ST证券连续三个交易日内收盘价格涨幅偏离值累计达到12%的证券
20230726,600766.SH,退市园城,11.14,3.7244,0.92,58726602.0,11195981.0,12265663.0,23461644.0,1069682.0,1.82,39.95,2494603282.08,ST、*ST证券连续三个交易日内收盘价格涨幅偏离值累计达到12%的证券
20230726,601136.SH,首创证券,17.0,2.4096,48.47,2316588272.0,286966103.2,105999753.52,392965856.72,-180966349.68,-7.81,16.96,4646674600.0,有价格涨跌幅限制的日换手率达到20%的前五只证券
20230726,603153.SH,上海建科,19.49,3.505,26.05,276831921.0,18111552.22,16008175.38,34119727.6,-2103376.84,-0.76,12.33,1071950000.0,有价格涨跌幅限制的日换手率达到20%的前五只证券
20230726,603291.SH,联合水务,17.3,1.2881,34.96,257322256.0,28357017.0,21199842.12,49556859.12,-7157174.88,-2.78,19.26,732171655.3,有价格涨跌幅限制的日换手率达到20%的前五只证券
20230726,603682.SH,锦和商管,7.55,10.0583,1.14,40546777.0,10678221.7,36292850.0,46971071.7,25614628.3,63.17,115.84,3567375000.0,有价格涨跌幅限制的日收盘价格涨幅偏离值达到7%的前五只证券
20230726,603828.SH,ST柯利达,4.15,10.0796,6.18,152823335.0,38783032.35,25763200.0,64546232.35,-13019832.35,-8.52,42.24,2473149443.75,有价格涨跌幅限制的日收盘价格涨幅偏离值达到7%的前五只证券
20230726,603828.SH,ST柯利达,4.15,10.0796,6.18,385848921.0,50239130.1,41546100.0,91785230.1,-8693030.1,-2.25,23.79,2473149443.75,非ST、*ST和S证券连续三个交易日内收盘价格涨幅偏离值累计达到20%的证券
20230726,603828.SH,柯利达,4.15,10.0796,6.18,152823335.0,38783032.35,25763200.0,64546232.35,-13019832.35,-8.52,42.24,2473149443.75,有价格涨跌幅限制的日收盘价格涨幅偏离值达到7%的前五只证券
20230726,603828.SH,柯利达,4.15,10.0796,6.18,385848921.0,50239130.1,41546100.0,91785230.1,-8693030.1,-2.25,23.79,2473149443.75,非ST、*ST和S证券连续三个交易日内收盘价格涨幅偏离值累计达到20%的证券
20230726,605188.SH,国光连锁,12.25,9.9641,77.05,507179071.0,64758714.0,43202450.0,107961164.0,-21556264.0,-4.25,21.29,739654975.5,有价格涨跌幅限制的日价格振幅达到15%的前五只证券
20230726,836892.BJ,广咨国际,10.49,19.6123,3.89,43500000.0,7382898.08,7287573.69,14670471.77,-95324.39,-0.22,33.73,1167443838.31,当日价格振幅达到30%的前5只股票
20230726,838701.BJ,豪声电子,7.53,-7.037,27.38,41424200.0,6789955.15,4917129.74,11707084.89,-1872825.41,-4.52,28.26,147595530.0,当日换手率达到20%的前5只股票
20230727,000004.SZ,国华网安,18.9,-2.5271,30.76,724368858.0,78154547.8,38203460.6,116358008.4,-39951087.2,-5.52,16.06,2247528521.7,日换手率达到20%的前5只证券
20230727,000638.SZ,万方发展,7.47,-6.5081,26.96,642952234.0,57504849.98,63742385.14,121247235.12,6237535.16,0.97,18.86,2306546269.47,日换手率达到20%的前5只证券
20230727,000656.SZ,*ST金科,2.15,5.3922,31.33,3606906464.0,204015619.3,431100253.63,635115872.93,227084634.33,6.3,17.61,11413008436.55,日换手率达到20%的前5只证券
20230727,000656.SZ,*ST金科,2.15,5.3922,31.33,4967673360.0,301568086.3,514431999.63,816000085.93,212863913.33,4.28,16.43,11413008436.55,连续三个交易日内，涨幅偏离值累计达到20%的证券
20230727,000656.SZ,金科股份,2.15,5.3922,31.31,3606906464.0,204015619.3,431100253.63,635115872.93,227084634.33,6.3,17.61,11417793046.55,日换手率达到20%的前5只证券
20230727,000656.SZ,金科股份,2.15,5.3922,31.31,4967673360.0,301568086.3,514431999.63,816000085.93,212863913.33,4.28,16.43,11417793046.55,连续三个交易日内，涨幅偏离值累计达到20%的证券
20230727,000679.SZ,大连友谊,5.9,-9.9237,14.22,307531922.0,25077270.7,23647130.76,48724401.46,-1430139.94,-0.47,15.84,2102760000.0,日跌幅偏离值达到7%的前5只证券
20230727,000752.SZ,*ST西发,5.42,4.4316,8.96,246763074.0,41295693.74,23530488.16,64826181.9,-17765205.58,-7.2,26.27,1429571021.22,连续三个交易日内，涨幅偏离值累计达到12%的ST证券、*ST证券和未完成股改证券
20230727,000752.SZ,ST西发,5.42,4.4316,8.96,246763074.0,41295693.74,23530488.16,64826181.9,-17765205.58,-7.2,26.27,1429571021.22,连续三个交易日内，涨幅偏离值累计达到12%的ST证券、*ST证券和未完成股改证券
20230727,000890.SZ,法尔胜,5.03,10.0656,11.79,244355543.0,24173929.96,31810134.0,55984063.96,7636204.04,3.13,22.91,2110039961.38,日涨幅偏离值达到7%的前5只证券
20230727,000890.SZ,法尔胜,5.03,10.0656,11.79,372085808.0,33197668.79,39176538.99,72374207.78,5978870.2,1.61,19.45,2110039961.38,连续三个交易日内，涨幅偏离值累计达到20%的证券
20230727,000926.SZ,福星股份,5.35,10.0823,8.76,429002429.0,58463999.0,53204698.8,111668697.8,-5259300.2,-1.23,26.03,5002447206.35,日涨幅偏离值达到7%的前5只证券
20230727,000961.SZ,ST中南,2.09,-4.1284,20.78,1740208311.0,261098635.77,149111290.37,410209926.14,-111987345.4,-6.44,23.57,7965250984.57,日振幅值达到15%的前5只证券
20230727,000961.SZ,中南建设,2.09,-4.1284,20.78,1740208311.0,261098635.77,149111290.37,410209926.14,-111987345.4,-6.44,23.57,7965250984.57,日振幅值达到15%的前5只证券
20230727,000981.SZ,山子股份,1.84,10.1796,5.93,576703988.0,76772826.79,55304039.91,132076866.7,-21468786.88,-3.72,22.9,10267097981.2,日涨幅偏离值达到7%的前5只证券
20230727,000981.SZ,山子股份,1.84,10.1796,5.93,1109114095.0,149378640.81,101398531.5,250777172.31,-47980109.31,-4.33,22.61,10267097981.2,连续三个交易日内，涨幅偏离值累计达到20%的证券
20230727,000981.SZ,山子高科,1.84,10.1796,5.93,576703988.0,76772826.79,55304039.91,132076866.7,-21468786.88,-3.72,22.9,10267097981.2,日涨幅偏离值达到7%的前5只证券
20230727,000981.SZ,山子高科,1.84,10.1796,5.93,1109114095.0,149378640.81,101398531.5,250777172.31,-47980109.31,-4.33,22.61,10267097981.2,连续三个交易日内，涨幅偏离值累计达到20%的证券
20230727,002146.SZ,荣盛发展,2.51,-10.0358,22.24,2276794187.0,187383592.54,185849656.18,373233248.72,-1533936.36,-0.07,16.39,9789681091.01,日跌幅偏离值达到7%的前5只证券
20230727,002310.SZ,*ST东园,2.35,-9.6154,16.87,1105426120.0,139288293.04,89388378.94,228676671.98,-49899914.1,-4.51,20.69,6306321021.0,日跌幅偏离值达到7%的前5只证券
20230727,002310.SZ,东方园林,2.35,-9.6154,17.38,1105426120.0,139288293.04,89388378.94,228676671.98,-49899914.1,-4.51,20.69,6122599846.95,日跌幅偏离值达到7%的前5只证券
20230727,002316.SZ,ST亚联,5.81,-9.2188,31.85,605467923.0,79712245.78,53380818.02,133093063.8,-26331427.76,-4.35,21.98,1830193575.0,日换手率达到20%的前5只证券
20230727,002316.SZ,亚联发展,5.81,-9.2188,31.85,605467923.0,79712245.78,53380818.02,133093063.8,-26331427.76,-4.35,21.98,1830193575.0,日跌幅偏离值达到7%的前5只证券
20230727,002355.SZ,兴民智通,5.46,10.0806,16.08,525873882.0,48272979.98,69301075.96,117574055.94,21028095.98,4.0,22.36,3369729909.0,日涨幅偏离值达到7%的前5只证券
20230727,002377.SZ,国创高新,3.06,10.0719,10.96,290703933.0,27555750.0,85191657.0,112747407.0,57635907.0,19.83,38.78,2802948543.36,日涨幅偏离值达到7%的前5只证券
20230727,002377.SZ,国创高新,3.06,10.0719,10.96,476186100.0,40363341.0,105666542.0,146029883.0,65303201.0,13.71,30.67,2802948543.36,连续三个交易日内，涨幅偏离值累计达到20%的证券
20230727,002482.SZ,*ST广田,2.02,-5.1643,1.57,148127365.0,29901665.12,19466134.8,49367799.92,-10435530.32,-7.04,33.33,3089185183.92,连续三个交易日内，跌幅偏离值累计达到12%的ST证券、*ST证券和未完成股改证券
20230727,002482.SZ,广田集团,2.02,-5.1643,1.57,148127365.0,29901665.12,19466134.8,49367799.92,-10435530.32,-7.04,33.33,3089185183.92,连续三个交易日内，跌幅偏离值累计达到12%的ST证券、*ST证券和未完成股改证券
20230727,002575.SZ,群兴玩具,6.34,10.0694,5.11,197695762.0,22313857.0,59245523.0,81559380.0,36931666.0,18.68,41.25,3732484800.0,连续三个交易日内，涨幅偏离值累计达到20%的证券
20230727,002719.SZ,麦趣尔,12.02,-10.0299,27.39,553251025.0,46764253.64,50891880.6,97656134.24,4127626.96,0.75,17.65,1945704985.9,日跌幅偏离值达到7%的前5只证券
20230727,123015.SZ,蓝盾转退,25.428,-1.3577,,5632083.0,3004747.08,3185998.18,6190745.26,181251.1,3.22,109.92,,退市整理期的可转债
20230727,300114.SZ,中航电测,57.91,19.9959,11.54,3912810538.0,803149906.94,387429286.9,1190579193.84,-415720620.04,-10.62,30.43,34210940497.09,日涨幅达到15%的前5只证券
20230727,300297.SZ,蓝盾退,0.22,4.7619,4.09,10936763.0,1500776.0,3031914.0,4532690.0,1531138.0,14.0,41.44,274521339.62,退市整理期
20230727,300375.SZ,鹏翎股份,4.66,20.1031,8.66,203788118.0,31718805.0,63814437.0,95533242.0,32095632.0,15.75,46.88,2353848598.5,日涨幅达到15%的前5只证券
20230727,300635.SZ,中达安,16.98,20.0,25.95,511637604.0,57232173.0,53955795.0,111187968.0,-3276378.0,-0.64,21.73,2041225128.12,日涨幅达到15%的前5只证券
20230727,300844.SZ,山水比德,59.01,13.8091,72.18,697573186.0,77900479.2,82030708.14,159931187.34,4130228.94,0.59,22.93,989007600.0,日换手率达到30%的前5只证券
20230727,300844.SZ,山水比德,59.01,13.8091,72.18,927287339.0,91200075.61,101461406.54,192661482.15,10261330.93,1.11,20.78,989007600.0,连续三个交易日内，涨幅偏离值累计达到30%的证券
20230727,300844.SZ,山水比德,59.01,13.8091,72.18,1400282606.33,1400282606.33,1400282606.33,2800565212.66,0.0,0.0,200.0,989007600.0,严重异常期间日收盘价格涨幅偏离值累计达到100%的证券
20230727,300989.SZ,蕾奥规划,26.86,-12.3654,58.8,689556174.0,40970535.47,41937098.4,82907633.87,966562.93,0.14,12.02,1087830000.0,日换手率达到30%的前5只证券
20230727,301024.SZ,霍普股份,39.16,3.0798,59.96,418384358.0,27484835.59,54537503.95,82022339.54,27052668.36,6.47,19.6,694600500.0,日换手率达到30%的前5只证券
20230727,301119.SZ,正强股份,30.35,20.0079,29.92,238583268.0,19496947.05,49785195.2,69282142.25,30288248.15,12.7,29.04,828555000.0,日涨幅达到15%的前5只证券
20230727,301288.SZ,清研环境,24.3,10.9589,43.82,501693739.0,57662546.56,47861743.71,105524290.27,-9800802.85,-1.95,21.03,969233882.4,连续三个交易日内，涨幅偏离值累计达到30%的证券
20230727,301357.SZ,北方长龙,61.39,19.9961,37.45,349526936.0,31539910.35,89642493.6,121182403.95,58102583.25,16.62,34.67,989791890.85,日涨幅达到15%的前5只证券
20230727,301429.SZ,森泰股份,26.91,-10.598,57.16,442214578.0,60770582.61,25806631.12,86577213.73,-34963951.49,-7.91,19.58,754461084.78,日换手率达到30%的前5只证券
20230727,301505.SZ,苏州规划,62.81,6.5841,74.66,898974996.0,63940710.87,69687397.61,133628108.48,5746686.74,0.64,14.86,1238336270.71,日振幅值达到30%的前5只证券
20230727,301519.SZ,舜禹股份,34.11,62.9718,74.95,869768844.0,32596627.7,49450096.75,82046724.45,16853469.05,1.94,9.43,1331537232.15,无价格涨跌幅限制的证券
20230727,600159.SH,大龙地产,3.47,-7.4667,17.81,516281316.0,41089950.78,77293212.0,118383162.78,36203261.22,7.01,22.93,2880111215.04,有价格涨跌幅限制的日收盘价格跌幅偏离值达到7%的前五只证券
20230727,600231.SH,凌钢股份,2.58,3.2,4.23,307388479.0,42221369.3,19739013.96,61960383.26,-22482355.34,-7.31,20.16,7358570111.64,有价格涨跌幅限制的日价格振幅达到15%的前五只证券
20230727,600322.SH,天房发展,2.31,-10.1167,18.54,488995194.0,29780780.52,30390031.3,60170811.82,609250.78,0.12,12.3,2554167000.0,有价格涨跌幅限制的日收盘价格跌幅偏离值达到7%的前五只证券
20230727,600322.SH,津投城开,2.31,-10.1167,18.54,488995194.0,29780780.52,30390031.3,60170811.82,609250.78,0.12,12.3,2554167000.0,有价格涨跌幅限制的日收盘价格跌幅偏离值达到7%的前五只证券
20230727,600565.SH,ST迪马,2.01,-1.4706,11.37,575123052.0,33202694.98,79408965.24,112611660.22,46206270.26,8.03,19.58,5007927630.84,有价格涨跌幅限制的日价格振幅达到15%的前五只证券
20230727,600565.SH,迪马股份,2.01,-1.4706,11.37,575123052.0,33202694.98,79408965.24,112611660.22,46206270.26,8.03,19.58,5007927630.84,有价格涨跌幅限制的日价格振幅达到15%的前五只证券
20230727,600638.SH,新黄浦,7.02,2.6316,11.1,512415130.0,50009833.9,81772798.66,131782632.56,31762964.76,6.2,25.72,4727245437.72,有价格涨跌幅限制的日价格振幅达到15%的前五只证券
20230727,600665.SH,天地源,4.91,10.0897,5.57,224293553.0,28749952.0,37634347.54,66384299.54,8884395.54,3.96,29.6,4242841578.11,有价格涨跌幅限制的日收盘价格涨幅偏离值达到7%的前五只证券
20230727,600683.SH,京投发展,6.33,-7.4561,11.18,530267249.0,50062888.94,51918003.0,101980891.94,1855114.06,0.35,19.23,4689122189.01,有价格涨跌幅限制的日收盘价格跌幅偏离值达到7%的前五只证券
20230727,600753.SH,庚星股份,11.78,5.8401,18.84,791682047.0,71796105.7,80944985.14,152741090.84,9148879.44,1.16,19.29,2533171200.0,非ST、*ST和S证券连续三个交易日内收盘价格涨幅偏离值累计达到20%的证券
20230727,600823.SH,*ST世茂,1.39,3.7313,4.06,312955020.0,22266198.41,21334760.68,43600959.09,-931437.73,-0.3,13.93,5214123882.79,ST、*ST证券连续三个交易日内收盘价格涨幅偏离值累计达到12%的证券
20230727,600823.SH,ST世茂,1.39,3.7313,4.06,312955020.0,22266198.41,21334760.68,43600959.09,-931437.73,-0.3,13.93,5214123882.79,ST、*ST证券连续三个交易日内收盘价格涨幅偏离值累计达到12%的证券
20230727,600936.SH,广西广电,5.23,10.1053,9.83,841315366.0,78063053.57,98701600.9,176764654.47,20638547.33,2.45,21.01,8739467229.97,有价格涨跌幅限制的日收盘价格涨幅偏离值达到7%的前五只证券
20230727,601005.SH,重庆钢铁,1.74,10.1266,7.64,1069605497.0,103036746.28,77413752.86,180450499.14,-25622993.42,-2.4,16.87,14582026616.58,有价格涨跌幅限制的日收盘价格涨幅偏离值达到7%的前五只证券
20230727,601005.SH,重庆钢铁,1.74,10.1266,7.64,1413212770.0,108829402.28,86065129.86,194894532.14,-22764272.42,-1.61,13.79,14582026616.58,非ST、*ST和S证券连续三个交易日内收盘价格涨幅偏离值累计达到20%的证券
20230727,601086.SH,国芳集团,6.34,10.0694,15.41,618134109.0,76591013.26,38390730.6,114981743.86,-38200282.66,-6.18,18.6,4222440000.0,有价格涨跌幅限制的日收盘价格涨幅偏离值达到7%的前五只证券
20230727,601086.SH,国芳集团,6.34,10.0694,15.41,857806719.0,115512140.97,49573737.6,165085878.57,-65938403.37,-7.69,19.25,4222440000.0,非ST、*ST和S证券连续三个交易日内收盘价格涨幅偏离值累计达到20%的证券
20230727,601099.SH,太平洋,3.31,2.795,17.55,7868985688.0,346912454.87,782997742.92,1129910197.79,436085288.05,5.54,14.36,22562007184.7,非ST、*ST和S证券连续三个交易日内收盘价格涨幅偏离值累计达到20%的证券
20230727,601136.SH,首创证券,16.11,-5.2353,31.56,1406556185.0,83723820.52,133387246.4,217111066.92,49663425.88,3.53,15.44,4403407518.0,有价格涨跌幅限制的日换手率达到20%的前五只证券
20230727,603023.SH,*ST威帝,5.43,-1.9856,21.82,707216739.0,70527348.68,36828346.4,107355695.08,-33699002.28,-4.77,15.18,3052093352.01,有价格涨跌幅限制的日换手率达到20%的前五只证券
20230727,603023.SH,威帝股份,5.43,-1.9856,21.82,707216739.0,70527348.68,36828346.4,107355695.08,-33699002.28,-4.77,15.18,3052093352.01,有价格涨跌幅限制的日换手率达到20%的前五只证券
20230727,603103.SH,横店影视,19.55,-9.8663,2.78,353103728.0,37230396.28,47670343.0,84900739.28,10439946.72,2.96,24.04,12398610000.0,有价格涨跌幅限制的日收盘价格跌幅偏离值达到7%的前五只证券
20230727,603291.SH,联合水务,16.91,-2.2543,24.84,176888779.0,22468728.0,15336067.0,37804795.0,-7132661.0,-4.03,21.37,715666051.51,有价格涨跌幅限制的日换手率达到20%的前五只证券
20230727,603682.SH,锦和商管,8.31,10.0662,11.57,450204047.0,55599631.0,73572752.0,129172383.0,17973121.0,3.99,28.69,3926475000.0,有价格涨跌幅限制的日收盘价格涨幅偏离值达到7%的前五只证券
20230727,603682.SH,锦和商管,8.31,10.0662,11.57,490750824.0,55599631.0,77725853.0,133325484.0,22126222.0,4.51,27.17,3926475000.0,非ST、*ST和S证券连续三个交易日内收盘价格涨幅偏离值累计达到20%的证券
20230727,603828.SH,ST柯利达,3.81,-8.1928,16.61,389196193.0,39898558.87,33942571.42,73841130.29,-5955987.45,-1.53,18.97,2270529971.25,有价格涨跌幅限制的日收盘价格跌幅偏离值达到7%的前五只证券
20230727,603828.SH,柯利达,3.81,-8.1928,16.61,389196193.0,39898558.87,33942571.42,73841130.29,-5955987.45,-1.53,18.97,2270529971.25,有价格涨跌幅限制的日收盘价格跌幅偏离值达到7%的前五只证券
20230727,605188.SH,国光连锁,11.58,-5.4694,78.41,563279786.0,46456727.44,32998776.0,79455503.44,-13457951.44,-2.39,14.11,699200376.84,有价格涨跌幅限制的日价格振幅达到15%的前五只证券
20230727,605228.SH,神通科技,12.2,5.3541,24.73,292807395.0,28209715.5,28451027.0,56660742.5,241311.5,0.08,19.35,1200204097.0,有价格涨跌幅限制的日换手率达到20%的前五只证券
20230727,837663.BJ,明阳科技,14.98,9.1042,21.06,40940100.0,10739293.1,5595737.25,16335030.35,-5143555.85,-12.56,39.9,194318912.2,当日换手率达到20%的前5只股票
20230728,000572.SZ,海马汽车,5.16,10.0213,11.05,898771105.0,128689567.64,115752153.8,244441721.44,-12937413.84,-1.44,27.2,8473520955.84,日涨幅偏离值达到7%的前5只证券
20230728,000572.SZ,海马汽车,5.16,10.0213,11.05,1074412412.0,145332176.91,142023798.12,287355975.03,-3308378.79,-0.31,26.75,8473520955.84,连续三个交易日内，涨幅偏离值累计达到20%的证券
20230728,000638.SZ,万方发展,6.95,-6.9612,22.25,485762492.0,51628755.19,49588186.82,101216942.01,-2040568.37,-0.42,20.84,2145983476.95,日跌幅偏离值达到7%的前5只证券
20230728,000656.SZ,*ST金科,2.31,7.4419,37.21,4405350436.0,442647082.13,360833715.77,803480797.9,-81813366.36,-1.86,18.24,12262348599.27,日换手率达到20%的前5只证券
20230728,000656.SZ,金科股份,2.31,7.4419,37.2,4405350436.0,442647082.13,360833715.77,803480797.9,-81813366.36,-1.86,18.24,12267489273.27,日换手率达到20%的前5只证券
20230728,000750.SZ,国海证券,4.09,9.9462,7.68,1646507302.0,182466780.71,237843318.49,420310099.2,55376537.78,3.36,25.53,22268109352.26,日涨幅偏离值达到7%的前5只证券
20230728,000890.SZ,法尔胜,4.92,-2.1869,27.75,593847522.0,60656349.23,43488847.97,104145197.2,-17167501.26,-2.89,17.54,2063895946.32,日换手率达到20%的前5只证券
20230728,001236.SZ,弘业期货,15.36,6.8894,28.0,429312590.0,32819330.87,61890134.82,94709465.69,29070803.95,6.77,22.06,1547946670.08,日换手率达到20%的前5只证券
20230728,002146.SZ,荣盛发展,2.76,9.9602,22.16,2306704774.0,151667902.22,307272411.77,458940313.99,155604509.55,6.75,19.9,10764748928.76,日涨幅偏离值达到7%的前5只证券
20230728,002196.SZ,方正电机,7.28,-6.9054,11.09,390169247.0,74207639.5,52335542.88,126543182.38,-21872096.62,-5.61,32.43,3502106921.04,日跌幅偏离值达到7%的前5只证券
20230728,002292.SZ,奥飞娱乐,9.92,-6.7669,13.19,1312995872.0,154422173.46,107370415.0,261792588.46,-47051758.46,-3.58,19.94,9674942668.8,日跌幅偏离值达到7%的前5只证券
20230728,002316.SZ,ST亚联,5.88,1.2048,26.4,498214201.0,55097966.46,43143734.28,98241700.74,-11954232.18,-2.4,19.72,1852244100.0,日换手率达到20%的前5只证券
20230728,002316.SZ,亚联发展,5.88,1.2048,26.4,498214201.0,55097966.46,43143734.28,98241700.74,-11954232.18,-2.4,19.72,1852244100.0,日换手率达到20%的前5只证券
20230728,002400.SZ,省广集团,5.99,-5.9655,16.44,1700358458.0,245909456.02,126532193.12,372441649.14,-119377262.9,-7.02,21.9,10028434818.7,日跌幅偏离值达到7%的前5只证券
20230728,002488.SZ,金固股份,7.88,10.0559,9.01,632827566.0,152422870.77,325256765.12,477679635.89,172833894.35,27.31,75.48,7258987089.4,日涨幅偏离值达到7%的前5只证券
20230728,002671.SZ,龙泉股份,5.56,10.099,29.71,738042051.0,81396612.87,123900466.48,205297079.35,42503853.61,5.76,27.82,2552038015.08,日换手率达到20%的前5只证券
20230728,002671.SZ,龙泉股份,5.56,10.099,29.71,928714384.0,116016148.55,142719558.49,258735707.04,26703409.94,2.88,27.86,2552038015.08,连续三个交易日内，涨幅偏离值累计达到20%的证券
20230728,002703.SZ,浙江世宝,16.09,4.075,21.78,1896471190.0,99667736.91,126626455.53,226294192.44,26958718.62,1.42,11.93,8898740661.43,日振幅值达到15%的前5只证券
20230728,002776.SZ,*ST柏龙,2.17,3.3333,4.53,195205446.0,25108738.54,24986871.88,50095610.42,-121866.66,-0.06,25.66,1167436360.02,连续三个交易日内，涨幅偏离值累计达到12%的ST证券、*ST证券和未完成股改证券
20230728,123015.SZ,蓝盾转退,26.93,5.9069,,13107732.0,4613959.51,4684379.7,9298339.21,70420.19,0.54,70.94,,退市整理期的可转债
20230728,123200.SZ,海泰转债,186.0,17.0548,,3069273008.0,706309005.31,705191959.33,1411500964.64,-1117045.98,-0.04,45.99,,日涨幅达到15%的前5只可转债
20230728,300169.SZ,天晟新材,5.63,20.0426,15.52,242744463.0,36842416.53,39438556.4,76280972.93,2596139.87,1.07,31.42,1698772452.66,日涨幅达到15%的前5只证券
20230728,300297.SZ,蓝盾退,0.23,4.5455,9.9,27794338.0,4514929.0,4974285.0,9489214.0,459356.0,1.65,34.14,286999582.33,退市整理期
20230728,300375.SZ,鹏翎股份,5.26,12.8755,39.47,1227791396.0,143940888.21,90160193.88,234101082.09,-53780694.33,-4.38,19.07,2656919233.5,连续三个交易日内，涨幅偏离值累计达到30%的证券
20230728,300740.SZ,水羊股份,18.97,19.9873,15.78,1027649356.0,88855897.71,276143505.82,364999403.53,187287608.11,18.22,35.52,6765218439.28,日涨幅达到15%的前5只证券
20230728,300803.SZ,指南针,58.28,19.9918,8.27,1819834796.0,251106875.89,250446438.47,501553314.36,-660437.42,-0.04,27.56,23530090170.8,日涨幅达到15%的前5只证券
20230728,300844.SZ,山水比德,56.06,-4.9992,61.57,582599699.0,70324866.94,33774467.52,104099334.46,-36550399.42,-6.27,17.87,939565600.0,日换手率达到30%的前5只证券
20230728,301056.SZ,森赫股份,11.76,20.0,35.56,269765741.0,30091558.77,76098087.8,106189646.57,46006529.03,17.05,39.36,784352803.92,日涨幅达到15%的前5只证券
20230728,301119.SZ,正强股份,31.25,2.9654,61.26,543524833.0,66294351.89,39511419.09,105805770.98,-26782932.8,-4.93,19.47,853125000.0,日换手率达到30%的前5只证券
20230728,301315.SZ,威士顿,65.8,20.0073,48.88,615877541.0,65254655.88,62653888.58,127908544.46,-2600767.3,-0.42,20.77,1372844817.4,日涨幅达到15%的前5只证券
20230728,301398.SZ,星源卓镁,69.05,7.8906,57.19,754764632.0,56015448.03,70367204.59,126382652.62,14351756.56,1.9,16.74,1336618526.8,日换手率达到30%的前5只证券
20230728,301499.SZ,维科精密,45.59,11.1951,76.68,1081768784.0,76872554.87,93138380.09,170010934.96,16265825.22,1.5,15.72,1494521076.66,日换手率达到30%的前5只证券
20230728,301505.SZ,苏州规划,59.77,-4.84,63.98,783388829.0,72990093.47,73756200.57,146746294.04,766107.1,0.1,18.73,1178400874.07,日换手率达到30%的前5只证券
20230728,600067.SH,冠城大通,3.26,10.1351,5.82,258966008.0,30274840.91,52592893.64,82867734.55,22318052.73,8.62,32.0,4536840089.14,有价格涨跌幅限制的日收盘价格涨幅偏离值达到7%的前五只证券
20230728,600266.SH,城建发展,6.79,10.0486,5.05,740081731.0,101314247.28,139793197.02,241107444.3,38478949.74,5.2,32.58,15321890304.0,有价格涨跌幅限制的日收盘价格涨幅偏离值达到7%的前五只证券
20230728,600753.SH,庚星股份,10.78,-8.489,13.75,319402047.0,52875376.05,24719664.2,77595040.25,-28155711.85,-8.82,24.29,2318131200.0,有价格涨跌幅限制的日收盘价格跌幅偏离值达到7%的前五只证券
20230728,600936.SH,广西广电,4.79,-8.413,8.05,655132177.0,89539280.33,52029834.35,141569114.68,-37509445.98,-5.73,21.61,8004215684.81,有价格涨跌幅限制的日收盘价格跌幅偏离值达到7%的前五只证券
20230728,601059.SH,信达证券,16.34,10.0337,27.39,1411090249.0,175563136.08,350117150.31,525680286.39,174554014.23,12.37,37.25,5299062000.0,有价格涨跌幅限制的日换手率达到20%的前五只证券
20230728,601086.SH,国芳集团,6.97,9.9369,14.81,656111506.0,39286378.1,55626741.3,94913119.4,16340363.2,2.49,14.47,4642020000.0,有价格涨跌幅限制的日价格振幅达到15%的前五只证券
20230728,601136.SH,首创证券,17.72,9.9938,37.46,1743715509.0,104645789.92,125191880.59,229837670.51,20546090.67,1.18,13.18,4843474936.0,有价格涨跌幅限制的日换手率达到20%的前五只证券
20230728,601162.SH,天风证券,3.58,10.1538,8.07,2400498801.0,220610639.61,227085304.98,447695944.59,6474665.37,0.27,18.65,31023411721.12,有价格涨跌幅限制的日收盘价格涨幅偏离值达到7%的前五只证券
20230728,601375.SH,中原证券,4.35,10.1266,7.96,1162344794.0,132560128.75,167791456.9,300351585.65,35231328.15,3.03,25.84,14996710695.0,有价格涨跌幅限制的日收盘价格涨幅偏离值达到7%的前五只证券
20230728,601900.SH,南方传媒,18.3,-8.0864,4.61,770340475.0,113317414.95,57813086.45,171130501.4,-55504328.5,-7.21,22.21,16394541157.8,有价格涨跌幅限制的日收盘价格跌幅偏离值达到7%的前五只证券
20230728,603023.SH,*ST威帝,4.89,-9.9448,16.94,471209254.0,26279811.76,39719904.36,65999716.12,13440092.6,2.85,14.01,2748570256.23,有价格涨跌幅限制的日收盘价格跌幅偏离值达到7%的前五只证券
20230728,603023.SH,威帝股份,4.89,-9.9448,16.94,471209254.0,26279811.76,39719904.36,65999716.12,13440092.6,2.85,14.01,2748570256.23,有价格涨跌幅限制的日收盘价格跌幅偏离值达到7%的前五只证券
20230728,603130.SH,云中马,25.35,4.8387,30.73,275070793.0,15384177.0,25447837.38,40832014.38,10063660.38,3.66,14.84,887250000.0,有价格涨跌幅限制的日换手率达到20%的前五只证券
20230728,603291.SH,联合水务,16.35,-3.3116,22.98,158424374.0,16610929.0,11292278.0,27903207.0,-5318651.0,-3.36,17.61,691965697.35,有价格涨跌幅限制的日换手率达到20%的前五只证券
20230728,603676.SH,卫信康,11.45,-6.9106,3.66,180331649.0,101501686.33,28828814.0,130330500.33,-72672872.33,-40.3,72.27,4913217900.0,有价格涨跌幅限制的日收盘价格跌幅偏离值达到7%的前五只证券
20230728,603682.SH,锦和商管,8.19,-1.444,24.73,1014523005.0,103881457.0,50490350.97,154371807.97,-53391106.03,-5.26,15.22,3869775000.0,有价格涨跌幅限制的日换手率达到20%的前五只证券
20230728,603716.SH,塞力医疗,10.52,10.0418,9.43,193993561.0,14917736.0,31654199.9,46571935.9,16736463.9,8.63,24.01,2117921589.4,有价格涨跌幅限制的日收盘价格涨幅偏离值达到7%的前五只证券
20230728,688318.SH,财富趋势,126.48,20.0,6.27,948045600.0,119842100.0,78662500.0,198504600.0,-41179600.0,-4.34,20.94,16527546336.0,有价格涨跌幅限制的日收盘价格涨幅达到15%的前五只证券
20230728,688318.SH,财富趋势,126.48,20.0,6.27,948045600.0,119842205.7,78662473.95,198504679.65,-41179731.75,-4.34,20.94,16527546336.0,有价格涨跌幅限制的日收盘价格涨幅达到15%的前五只证券
20230728,837592.BJ,华信永道,11.9,13.4414,43.9,76616500.0,20017187.72,11811301.29,31828489.01,-8205886.43,-10.71,41.54,177714314.4,当日换手率达到20%的前5只股票
20230731,000609.SZ,*ST中迪,5.81,-1.5254,26.14,460957636.0,77614297.69,28444327.0,106058624.69,-49169970.69,-10.67,23.01,1697040122.82,日换手率达到20%的前5只证券
20230731,000609.SZ,中迪投资,5.81,-1.5254,26.14,460957636.0,77614297.69,28444327.0,106058624.69,-49169970.69,-10.67,23.01,1697037944.07,日换手率达到20%的前5只证券
20230731,000656.SZ,*ST金科,2.54,9.9567,25.25,3283165105.0,247962523.54,391524584.6,639487108.14,143562061.06,4.37,19.48,13483275083.18,日涨幅偏离值达到7%的前5只证券
20230731,000656.SZ,金科股份,2.54,9.9567,25.24,3283165105.0,247962523.54,391524584.6,639487108.14,143562061.06,4.37,19.48,13488927599.18,日涨幅偏离值达到7%的前5只证券
20230731,000670.SZ,盈方微,6.67,-7.4896,12.34,502158385.0,46350904.94,57166411.0,103517315.94,10815506.06,2.15,20.61,4067680237.04,日跌幅偏离值达到7%的前5只证券
20230731,000721.SZ,西安饮食,15.3,9.9928,23.58,1532446986.0,90732072.9,221135171.8,311867244.7,130403098.9,8.51,20.35,6693779376.0,日涨幅偏离值达到7%的前5只证券
20230731,000961.SZ,ST中南,2.38,10.1852,16.38,1435667628.0,88526570.21,220481909.71,309008479.92,131955339.5,9.19,21.52,9070477197.74,日涨幅偏离值达到7%的前5只证券
20230731,000961.SZ,中南建设,2.38,10.1852,16.38,1435667628.0,88526570.21,220481909.71,309008479.92,131955339.5,9.19,21.52,9070477197.74,日涨幅偏离值达到7%的前5只证券
20230731,001234.SZ,泰慕士,33.1,10.0033,20.33,438165389.0,81485668.85,87797987.66,169283656.51,6312318.81,1.44,38.63,962107770.0,连续三个交易日内，涨幅偏离值累计达到20%的证券
20230731,001236.SZ,弘业期货,15.43,0.4557,26.09,409675269.0,52097480.99,61735120.0,113832600.99,9637639.01,2.35,27.79,1555001114.54,日换手率达到20%的前5只证券
20230731,002146.SZ,荣盛发展,3.04,10.1449,23.81,2717531340.0,255442227.82,247403300.47,502845528.29,-8038927.35,-0.3,18.5,11856824907.04,日涨幅偏离值达到7%的前5只证券
20230731,002229.SZ,鸿博股份,33.33,10.0,8.89,1412085168.0,139002886.36,207159386.6,346162272.96,68156500.24,4.83,24.51,16437166152.33,日涨幅偏离值达到7%的前5只证券
20230731,002262.SZ,恩华药业,24.32,-9.9926,2.75,601968683.0,136420270.03,86610594.74,223030864.77,-49809675.29,-8.27,37.05,21444441504.0,日跌幅偏离值达到7%的前5只证券
20230731,002671.SZ,龙泉股份,5.39,-3.0576,29.02,727473847.0,139508130.0,56043173.01,195551303.01,-83464956.99,-11.47,26.88,2474008075.77,日换手率达到20%的前5只证券
20230731,002719.SZ,麦趣尔,12.63,6.8528,27.78,555962563.0,51315898.36,85794855.78,137110754.14,34478957.42,6.2,24.66,2044447085.85,日换手率达到20%的前5只证券
20230731,002762.SZ,金发拉比,10.92,3.7037,34.02,775848213.0,90410136.77,45908442.44,136318579.21,-44501694.33,-5.74,17.57,2268289328.76,日换手率达到20%的前5只证券
20230731,002864.SZ,盘龙药业,35.5,-6.6035,13.83,322998151.0,110585275.75,45688479.0,156273754.75,-64896796.75,-20.09,48.38,2294430107.0,日跌幅偏离值达到7%的前5只证券
20230731,003020.SZ,立方制药,31.15,-8.3824,5.75,130006481.0,60607886.43,22902490.78,83510377.21,-37705395.65,-29.0,64.24,2216988300.1,日跌幅偏离值达到7%的前5只证券
20230731,300169.SZ,天晟新材,6.76,20.071,10.03,204684708.0,37367928.0,29411408.0,66779336.0,-7956520.0,-3.89,32.63,2039733886.32,日涨幅达到15%的前5只证券
20230731,300169.SZ,天晟新材,6.76,20.071,10.03,447429171.0,56203094.25,46002910.4,102206004.65,-10200183.85,-2.28,22.84,2039733886.32,连续三个交易日内，涨幅偏离值累计达到30%的证券
20230731,300193.SZ,佳士科技,8.85,18.1575,17.69,672645182.0,92755583.02,61145451.52,153901034.54,-31610131.5,-4.7,22.88,3825278723.4,日涨幅达到15%的前5只证券
20230731,300740.SZ,水羊股份,21.31,12.3353,18.22,2337794338.0,302332115.53,431348893.13,733681008.66,129016777.6,5.52,31.38,7599726143.44,连续三个交易日内，涨幅偏离值累计达到30%的证券
20230731,300778.SZ,新城市,20.96,19.9771,12.4,490711857.0,34895348.51,68901903.08,103797251.59,34006554.57,6.93,21.15,4266075406.72,日涨幅达到15%的前5只证券
20230731,300844.SZ,山水比德,57.13,1.9087,62.11,594095382.0,53804343.19,39932521.56,93736864.75,-13871821.63,-2.33,15.78,957498800.0,日换手率达到30%的前5只证券
20230731,300995.SZ,奇德新材,26.09,20.0092,20.57,151057407.0,17139451.0,41089059.21,58228510.21,23949608.21,15.85,38.55,759479900.0,日涨幅达到15%的前5只证券
20230731,301315.SZ,威士顿,66.09,0.4407,71.23,1054608744.0,103640890.53,71584666.67,175225557.2,-32056223.86,-3.04,16.62,1378895349.27,日换手率达到30%的前5只证券
20230731,301398.SZ,星源卓镁,75.15,8.8342,61.03,871749788.0,79532840.84,90838176.11,170371016.95,11305335.27,1.3,19.54,1454697788.4,日换手率达到30%的前5只证券
20230731,301499.SZ,维科精密,45.0,-1.2941,70.81,1073522118.0,89497130.13,80467068.79,169964198.92,-9030061.34,-0.84,15.83,1475179830.0,日换手率达到30%的前5只证券
20230731,301505.SZ,苏州规划,71.72,19.9933,65.75,831456782.0,77747270.03,87489707.57,165236977.6,9742437.54,1.17,19.87,1414002186.52,日涨幅达到15%的前5只证券
20230731,600079.SH,人福医药,22.61,-7.1458,2.89,961249839.0,319852800.04,220200026.93,540052826.97,-99652773.11,-10.37,56.18,32963380823.8,有价格涨跌幅限制的日收盘价格跌幅偏离值达到7%的前五只证券
20230731,600276.SH,恒瑞医药,44.58,-9.1131,2.13,6226335069.0,2126429560.12,981892740.11,3108322300.23,-1144536820.01,-18.38,49.92,284162192015.88,有价格涨跌幅限制的日收盘价格跌幅偏离值达到7%的前五只证券
20230731,600280.SH,中央商场,5.71,10.0193,17.86,1077356677.0,86321904.0,74495201.96,160817105.96,-11826702.04,-1.1,14.93,6442791639.48,有价格涨跌幅限制的日价格振幅达到15%的前五只证券
20230731,600322.SH,天房发展,2.51,10.0877,7.45,202086498.0,18750546.0,50164814.41,68915360.41,31414268.41,15.54,34.1,2775307000.0,有价格涨跌幅限制的日收盘价格涨幅偏离值达到7%的前五只证券
20230731,600322.SH,津投城开,2.51,10.0877,7.45,202086498.0,18750546.0,50164814.41,68915360.41,31414268.41,15.54,34.1,2775307000.0,有价格涨跌幅限制的日收盘价格涨幅偏离值达到7%的前五只证券
20230731,600587.SH,新华医疗,28.71,-6.7251,4.42,519074998.0,153576368.46,114386496.75,267962865.21,-39189871.71,-7.55,51.62,11668550492.61,有价格涨跌幅限制的日收盘价格跌幅偏离值达到7%的前五只证券
20230731,600682.SH,南京新百,9.09,10.0484,3.2,327654521.0,42400874.87,46665676.0,89066550.87,4264801.13,1.3,27.18,10590397899.75,有价格涨跌幅限制的日收盘价格涨幅偏离值达到7%的前五只证券
20230731,600743.SH,华远地产,2.15,10.2564,4.23,208136749.0,23490417.0,41348674.0,64839091.0,17858257.0,8.58,31.15,5044116879.1,有价格涨跌幅限制的日收盘价格涨幅偏离值达到7%的前五只证券
20230731,600824.SH,益民集团,4.16,10.0529,4.23,179920577.0,14999677.68,34581663.68,49581341.36,19581986.0,10.88,27.56,4384752623.68,有价格涨跌幅限制的日收盘价格涨幅偏离值达到7%的前五只证券
20230731,601059.SH,信达证券,17.18,5.1408,59.74,3437849539.0,470467972.81,285736103.13,756204075.94,-184731869.68,-5.37,22.0,5571474000.0,有价格涨跌幅限制的日换手率达到20%的前五只证券
20230731,601086.SH,国芳集团,7.67,10.043,11.75,573827690.0,60817958.4,52494254.0,113312212.4,-8323704.4,-1.45,19.75,5108220000.0,有价格涨跌幅限制的日收盘价格涨幅偏离值达到7%的前五只证券
20230731,601136.SH,首创证券,17.78,0.3386,54.27,2792225649.0,175465592.29,171804102.63,347269694.92,-3661489.66,-0.13,12.44,4859874964.0,有价格涨跌幅限制的日换手率达到20%的前五只证券
20230731,603130.SH,云中马,25.58,0.9073,21.26,186849739.0,20062237.0,21096064.0,41158301.0,1033827.0,0.55,22.03,895300000.0,有价格涨跌幅限制的日换手率达到20%的前五只证券
20230731,603392.SH,万泰生物,69.25,-7.1093,0.87,769516170.0,133405095.8,102108322.56,235513418.36,-31296773.24,-4.07,30.61,87572595804.25,有价格涨跌幅限制的日收盘价格跌幅偏离值达到7%的前五只证券
20230731,603682.SH,锦和商管,8.36,2.0757,22.92,898253041.0,67353616.94,52669354.0,120022970.94,-14684262.94,-1.63,13.36,3950100000.0,有价格涨跌幅限制的日换手率达到20%的前五只证券
20230731,605186.SH,健麾信息,41.19,-8.4667,7.57,206936579.0,74721253.4,33937256.0,108658509.4,-40783997.4,-19.71,52.51,2744562935.82,有价格涨跌幅限制的日收盘价格跌幅偏离值达到7%的前五只证券
20230731,605188.SH,国光连锁,12.36,9.9644,8.02,460914853.0,30164221.0,44663091.0,74827312.0,14498870.0,3.15,16.23,6125368800.0,有价格涨跌幅限制的日价格振幅达到15%的前五只证券
20230731,688318.SH,财富趋势,142.0,12.2707,10.15,2880115800.0,221226400.0,222185100.0,443411500.0,958700.0,0.03,15.4,18555594400.0,有价格涨跌幅限制的连续3个交易日内收盘价格涨幅偏离值累计达到30%的证券
20230731,688318.SH,财富趋势,142.0,12.2707,10.15,2880115800.0,221226408.46,222185106.56,443411515.02,958698.1,0.03,15.4,18555594400.0,有价格涨跌幅限制的连续3个交易日内收盘价格涨幅偏离值累计达到30%的证券
20230731,837592.BJ,华信永道,13.07,9.8319,46.45,91324700.0,11081453.1,17718973.76,28800426.86,6637520.66,7.27,31.54,195187066.32,当日换手率达到20%的前5只股票
20230801,000004.SZ,国华网安,19.62,9.9776,23.6,533066226.0,45487366.0,80723901.24,126211267.24,35236535.24,6.61,23.68,2333148655.86,日涨幅偏离值达到7%的前5只证券
20230801,000010.SZ,美丽生态,3.0,-4.7619,29.92,486579602.0,88767292.64,29108672.0,117875964.64,-59658620.64,-12.26,24.23,1566514494.0,日换手率达到20%的前5只证券
20230801,000413.SZ,ST旭电,2.05,10.2151,6.48,657251653.0,40593527.0,82405497.65,122999024.65,41811970.65,6.36,18.71,10532667820.69,日涨幅偏离值达到7%的前5只证券
20230801,000413.SZ,东旭光电,2.05,10.2151,6.48,657251653.0,40593527.0,82405497.65,122999024.65,41811970.65,6.36,18.71,10532548691.09,日涨幅偏离值达到7%的前5只证券
20230801,000506.SZ,*ST中润,4.87,9.9323,11.21,497349013.0,32968038.0,93696454.59,126664492.59,60728416.59,12.21,25.47,4522627580.07,日涨幅偏离值达到7%的前5只证券
20230801,000506.SZ,中润资源,4.87,9.9323,11.21,497349013.0,32968038.0,93696454.59,126664492.59,60728416.59,12.21,25.47,4522627580.07,日涨幅偏离值达到7%的前5只证券
20230801,000656.SZ,*ST金科,2.49,-1.9685,34.42,4699929968.0,307758476.5,287956516.16,595714992.66,-19801960.34,-0.42,12.67,13217856282.33,日换手率达到20%的前5只证券
20230801,000656.SZ,金科股份,2.49,-1.9685,34.41,4699929968.0,307758476.5,287956516.16,595714992.66,-19801960.34,-0.42,12.67,13223397528.33,日换手率达到20%的前5只证券
20230801,000721.SZ,西安饮食,14.67,-4.1176,35.37,2390809028.0,246819703.35,196094881.61,442914584.96,-50724821.74,-2.12,18.53,6418153166.4,日换手率达到20%的前5只证券
20230801,000777.SZ,中核科技,13.78,-7.7644,7.1,380760873.0,37954419.51,38306382.2,76260801.71,351962.69,0.09,20.03,5283401196.06,日跌幅偏离值达到7%的前5只证券
20230801,000890.SZ,法尔胜,5.39,10.0,20.51,428525319.0,40388686.98,61837090.58,102225777.56,21448403.6,5.01,23.86,2261056737.94,日振幅值达到15%的前5只证券
20230801,000971.SZ,*ST高升,1.86,5.0847,0.2,39042765.0,12119785.77,8492349.46,20612135.23,-3627436.31,-9.29,52.79,1574784743.04,连续三个交易日内，涨幅偏离值累计达到12%的ST证券、*ST证券和未完成股改证券
20230801,000971.SZ,ST高升,1.86,5.0847,0.21,39042765.0,12119785.77,8492349.46,20612135.23,-3627436.31,-9.29,52.79,1567770208.74,连续三个交易日内，涨幅偏离值累计达到12%的ST证券、*ST证券和未完成股改证券
20230801,000980.SZ,众泰汽车,4.84,10.0,14.0,4144051214.0,375876949.85,426729146.68,802606096.53,50852196.83,1.23,19.37,20697305130.92,连续三个交易日内，涨幅偏离值累计达到20%的证券
20230801,000980.SZ,众泰汽车,4.84,10.0,14.0,2750541821.0,396430051.86,273068212.47,669498264.33,-123361839.39,-4.49,24.34,20697305130.92,日涨幅偏离值达到7%的前5只证券
20230801,000989.SZ,ST九芝,11.19,-8.802,5.63,448050046.0,84526306.31,39721086.2,124247392.51,-44805220.11,-10.0,27.73,7719695408.82,日跌幅偏离值达到7%的前5只证券
20230801,000989.SZ,九芝堂,11.19,-8.802,5.91,448050046.0,84526306.31,39721086.2,124247392.51,-44805220.11,-10.0,27.73,7362914288.07,日跌幅偏离值达到7%的前5只证券
20230801,001337.SZ,四川黄金,34.22,2.9792,27.24,564766168.0,70393125.18,42622374.0,113015499.18,-27770751.18,-4.92,20.01,2053200000.0,日换手率达到20%的前5只证券
20230801,002377.SZ,国创高新,4.08,9.973,1.55,103618099.0,31523888.0,44244563.0,75768451.0,12720675.0,12.28,73.12,3737264724.48,连续三个交易日内，涨幅偏离值累计达到20%的证券
20230801,002630.SZ,华西能源,3.15,10.1399,28.06,920586624.0,102699007.52,102164323.8,204863331.32,-534683.72,-0.06,22.25,3337593540.75,日换手率达到20%的前5只证券
20230801,002630.SZ,华西能源,3.15,10.1399,28.06,1411177935.0,113766389.52,172026476.08,285792865.6,58260086.56,4.13,20.25,3337593540.75,连续三个交易日内，涨幅偏离值累计达到20%的证券
20230801,002900.SZ,哈三联,13.67,-8.988,9.35,220659788.0,32877992.5,22577732.5,55455725.0,-10300260.0,-4.67,25.13,2304883895.39,日跌幅偏离值达到7%的前5只证券
20230801,110058.SH,永鼎转债,202.11,20.0,,7433882720.0,1843723729.0,1844927759.0,3688651488.0,1204030.0,0.02,49.62,,"非上市首日,当日收盘价涨幅达15%的前五只可转债"
20230801,118037.SH,上声转债,157.3,57.3,,32867470.0,7805050.0,23028150.0,30833200.0,15223100.0,46.32,93.81,,向不特定对象发行的可转债上市首日交易公开信息
20230801,200413.SZ,ST东旭B,0.89,8.5366,1.07,2128542.0,1006135.98,595630.0,1601765.98,-410505.98,-19.29,75.25,10532667820.69,日涨幅偏离值达到7%的前5只证券
20230801,200413.SZ,东旭B,0.89,8.5366,1.07,2128542.0,1006135.98,595630.0,1601765.98,-410505.98,-19.29,75.25,10532548691.09,日涨幅偏离值达到7%的前5只证券
20230801,300881.SZ,盛德鑫泰,40.98,20.0,40.73,464542197.0,36298454.55,46104609.24,82403063.79,9806154.69,2.11,17.74,1194567000.0,日涨幅达到15%的前5只证券
20230801,301141.SZ,中科磁业,72.99,16.1706,52.41,714127513.0,100668570.73,58890047.54,159558618.27,-41778523.19,-5.85,22.34,1479619266.66,日涨幅达到15%的前5只证券
20230801,301289.SZ,国缆检测,43.62,20.0,29.67,311935188.0,51167751.12,97381948.38,148549699.5,46214197.26,14.82,47.62,1105762681.62,日涨幅达到15%的前5只证券
20230801,301315.SZ,威士顿,76.8,16.2052,73.58,1100431331.0,69657129.88,125154296.01,194811425.89,55497166.13,5.04,17.7,1602347750.4,日换手率达到30%的前5只证券
20230801,301315.SZ,威士顿,76.8,16.2052,73.58,2770917616.0,180840682.62,180604202.6,361444885.22,-236480.02,-0.01,13.04,1602347750.4,连续三个交易日内，涨幅偏离值累计达到30%的证券
20230801,301316.SZ,慧博云通,27.6,20.0,34.69,348360366.0,29737406.17,106524328.0,136261734.17,76786921.83,22.04,39.12,1080118741.2,日涨幅达到15%的前5只证券
20230801,301329.SZ,信音电子,24.91,9.2065,54.38,540721025.0,60406457.44,23108865.91,83515323.35,-37297591.53,-6.9,15.45,1015901366.43,日换手率达到30%的前5只证券
20230801,301371.SZ,敷尔佳,70.7,26.9756,73.92,2015432018.0,96436165.11,136967197.54,233403362.65,40531032.43,2.01,11.58,2660599297.3,无价格涨跌幅限制的证券
20230801,301398.SZ,星源卓镁,84.3,12.1756,64.07,989104033.0,113821777.68,69946527.54,183768305.22,-43875250.14,-4.44,18.58,1631816680.8,日换手率达到30%的前5只证券
20230801,301398.SZ,星源卓镁,84.3,12.1756,64.07,2615618453.0,204834550.89,193426806.25,398261357.14,-11407744.64,-0.44,15.23,1631816680.8,连续三个交易日内，涨幅偏离值累计达到30%的证券
20230801,301499.SZ,维科精密,42.44,-5.6889,59.15,849860396.0,73534387.85,70216727.38,143751115.23,-3317660.47,-0.39,16.91,1391258488.56,日换手率达到30%的前5只证券
20230801,301505.SZ,苏州规划,68.88,-3.9598,62.34,858273044.0,78764040.93,78022567.84,156786608.77,-741473.09,-0.09,18.27,1358009908.08,日换手率达到30%的前5只证券
20230801,600239.SH,云南城投,2.92,10.1887,7.34,333498626.0,47207508.0,63862901.16,111070409.16,16655393.16,4.99,33.3,4688605774.28,有价格涨跌幅限制的日收盘价格涨幅偏离值达到7%的前五只证券
20230801,600266.SH,城建发展,7.56,1.2048,16.0,3686577792.0,690365816.3,284617960.77,974983777.07,-405747855.53,-11.01,26.45,17059424256.0,非ST、*ST和S证券连续三个交易日内收盘价格涨幅偏离值累计达到20%的证券
20230801,600280.SH,中央商场,5.23,-8.4063,21.46,1362278564.0,130337356.4,92092588.0,222429944.4,-38244768.4,-2.81,16.33,5901190941.24,有价格涨跌幅限制的日收盘价格跌幅偏离值达到7%的前五只证券
20230801,600369.SH,西南证券,4.89,3.1646,12.1,6668071824.0,551739581.24,499923767.03,1051663348.27,-51815814.21,-0.78,15.77,30880883616.36,非ST、*ST和S证券连续三个交易日内收盘价格涨幅偏离值累计达到20%的证券
20230801,600531.SH,豫光金铅,7.65,10.0719,11.32,904930019.0,124939310.58,115178387.93,240117698.51,-9760922.65,-1.08,26.53,8340356150.1,有价格涨跌幅限制的日收盘价格涨幅偏离值达到7%的前五只证券
20230801,600569.SH,安阳钢铁,2.51,10.0877,5.97,423246793.0,49146659.44,46843602.74,95990262.18,-2303056.7,-0.54,22.68,7209777678.86,有价格涨跌幅限制的日收盘价格涨幅偏离值达到7%的前五只证券
20230801,600577.SH,精达股份,4.79,10.1149,9.31,864538200.0,91881587.64,128288880.31,220170467.95,36407292.67,4.21,25.47,9559956211.47,有价格涨跌幅限制的日收盘价格涨幅偏离值达到7%的前五只证券
20230801,601059.SH,信达证券,16.93,-1.4552,37.08,2052592651.0,125207164.17,251422381.73,376629545.9,126215217.56,6.15,18.35,5490399000.0,有价格涨跌幅限制的日换手率达到20%的前五只证券
20230801,601099.SH,太平洋,4.3,7.5,31.95,9434020346.0,423190389.72,617517091.05,1040707480.77,194326701.33,2.06,11.03,29310160391.0,有价格涨跌幅限制的日换手率达到20%的前五只证券
20230801,601099.SH,太平洋,4.3,7.5,31.95,13760341740.0,694700902.65,787523341.1,1482224243.75,92822438.45,0.67,10.77,29310160391.0,非ST、*ST和S证券连续三个交易日内收盘价格涨幅偏离值累计达到20%的证券
20230801,601136.SH,首创证券,17.75,-0.1687,36.01,1783108414.0,96180849.29,145865080.84,242045930.13,49684231.55,2.79,13.57,4851674950.0,有价格涨跌幅限制的日换手率达到20%的前五只证券
20230801,601777.SH,力帆科技,4.36,10.101,2.74,264661451.0,51207471.03,38309198.0,89516669.03,-12898273.03,-4.87,33.82,9811962000.0,有价格涨跌幅限制的日收盘价格涨幅偏离值达到7%的前五只证券
20230801,603023.SH,*ST威帝,4.44,-3.4783,8.98,1041966330.0,65607862.61,69570412.36,135178274.97,3962549.75,0.38,12.97,2495634343.08,非ST、*ST和S证券连续三个交易日内收盘价格跌幅偏离值累计达到20%的证券
20230801,603023.SH,威帝股份,4.44,-3.4783,8.98,1041966330.0,65607862.61,69570412.36,135178274.97,3962549.75,0.38,12.97,2495634343.08,非ST、*ST和S证券连续三个交易日内收盘价格跌幅偏离值累计达到20%的证券
20230801,603116.SH,红蜻蜓,6.98,-5.2917,12.19,516922440.0,53869113.12,55524866.92,109393980.04,1655753.8,0.32,21.16,4021881584.0,有价格涨跌幅限制的日价格振幅达到15%的前五只证券
20230801,603119.SH,浙江荣泰,35.37,130.8747,73.63,1561753667.0,81669898.29,100586854.18,182256752.47,18916955.89,1.21,11.67,2426214098.61,无价格涨跌幅限制的证券
20230801,603132.SH,金徽股份,14.98,9.9853,15.54,890805052.0,76643619.66,84381552.0,161025171.66,7737932.34,0.87,18.08,2390808000.0,非ST、*ST和S证券连续三个交易日内收盘价格涨幅偏离值累计达到20%的证券
20230801,603291.SH,联合水务,16.72,1.7651,31.62,217878782.0,18543908.0,16376490.0,34920398.0,-2167418.0,-0.99,16.03,707624859.92,有价格涨跌幅限制的日换手率达到20%的前五只证券
20230801,603383.SH,顶点软件,57.96,-10.0,4.66,469636233.0,147204839.8,51123009.48,198327849.28,-96081830.32,-20.46,42.23,9787619187.36,有价格涨跌幅限制的日收盘价格跌幅偏离值达到7%的前五只证券
20230801,603682.SH,锦和商管,7.52,-10.0478,13.24,483539112.0,29415736.1,49861872.3,79277608.4,20446136.2,4.23,16.4,3553200000.0,有价格涨跌幅限制的日收盘价格跌幅偏离值达到7%的前五只证券
20230801,603688.SH,石英股份,94.37,-8.1199,4.13,1438296252.0,359187797.02,181425191.7,540612988.72,-177762605.32,-12.36,37.59,34093722380.62,有价格涨跌幅限制的日收盘价格跌幅偏离值达到7%的前五只证券
20230801,603778.SH,乾景园林,4.85,-10.0186,8.07,252218215.0,41351227.25,19239742.0,60590969.25,-22111485.25,-8.77,24.02,3117857138.7,有价格涨跌幅限制的日收盘价格跌幅偏离值达到7%的前五只证券
20230801,603778.SH,国晟科技,4.85,-10.0186,8.07,252218215.0,41351227.25,19239742.0,60590969.25,-22111485.25,-8.77,24.02,3117857138.7,有价格涨跌幅限制的日收盘价格跌幅偏离值达到7%的前五只证券
20230801,605162.SH,新中港,10.41,10.0423,26.65,273290520.0,20518703.5,29373779.58,49892483.08,8855076.08,3.24,18.26,1055885779.5,有价格涨跌幅限制的日换手率达到20%的前五只证券
20230801,837592.BJ,华信永道,12.72,-2.6779,33.37,61609600.0,11308435.64,9019872.4,20328308.04,-2288563.24,-3.71,33.0,189960174.72,当日换手率达到20%的前5只股票
20230802,000004.SZ,国华网安,19.68,0.3058,29.88,710262603.0,89143051.0,41642865.0,130785916.0,-47500186.0,-6.69,18.41,2340283667.04,日换手率达到20%的前5只证券
20230802,000506.SZ,*ST中润,4.94,1.4374,23.52,1099628628.0,126768618.61,55190511.0,181959129.61,-71578107.61,-6.51,16.55,4587634547.34,日换手率达到20%的前5只证券
20230802,000506.SZ,中润资源,4.94,1.4374,23.52,1099628628.0,126768618.61,55190511.0,181959129.61,-71578107.61,-6.51,16.55,4587634547.34,日换手率达到20%的前5只证券
20230802,000564.SZ,ST大集,1.3,4.8387,1.18,847554164.0,80932140.85,94663937.0,175596077.85,13731796.15,1.62,20.72,19735775998.9,连续三个交易日内，涨幅偏离值累计达到12%的ST证券、*ST证券和未完成股改证券
20230802,000564.SZ,供销大集,1.3,4.8387,1.18,847554164.0,80932140.85,94663937.0,175596077.85,13731796.15,1.62,20.72,19735782823.9,连续三个交易日内，涨幅偏离值累计达到12%的ST证券、*ST证券和未完成股改证券
20230802,000656.SZ,*ST金科,2.58,3.6145,25.73,3504976558.0,349359630.51,327873917.08,677233547.59,-21485713.43,-0.61,19.32,13695610123.86,日换手率达到20%的前5只证券
20230802,000656.SZ,金科股份,2.58,3.6145,25.72,3504976558.0,349359630.51,327873917.08,677233547.59,-21485713.43,-0.61,19.32,13701351655.86,日换手率达到20%的前5只证券
20230802,000890.SZ,法尔胜,5.93,10.0186,17.38,432133330.0,78721354.86,65731074.59,144452429.45,-12990280.27,-3.01,33.43,2487581902.78,日涨幅偏离值达到7%的前5只证券
20230802,000890.SZ,法尔胜,5.93,10.0186,17.38,860658650.0,87212406.86,91812603.17,179025010.03,4600196.31,0.53,20.8,2487581902.78,连续三个交易日内，涨幅偏离值累计达到20%的证券
20230802,002089.SZ,*ST新海,1.31,4.8,2.47,146279485.0,16436711.5,13620886.0,30057597.5,-2815825.5,-1.92,20.55,1649428804.98,连续三个交易日内，涨幅偏离值累计达到12%的ST证券、*ST证券和未完成股改证券
20230802,002089.SZ,新海退,1.31,4.8,2.62,146279485.0,16436711.5,13620886.0,30057597.5,-2815825.5,-1.92,20.55,1557742060.87,连续三个交易日内，涨幅偏离值累计达到12%的ST证券、*ST证券和未完成股改证券
20230802,002149.SZ,西部材料,15.75,-5.4054,7.34,593279745.0,175813364.2,57078429.87,232891794.07,-118734934.33,-20.01,39.25,7688193565.5,日振幅值达到15%的前5只证券
20230802,002229.SZ,鸿博股份,36.41,10.0,18.7,3215666041.0,271223758.55,335285960.41,606509718.96,64062201.86,1.99,18.86,17956112199.41,日涨幅偏离值达到7%的前5只证券
20230802,002229.SZ,鸿博股份,36.41,10.0,18.7,7685292345.0,729047410.13,694838971.12,1423886381.25,-34208439.01,-0.45,18.53,17956112199.41,连续三个交易日内，涨幅偏离值累计达到20%的证券
20230802,002377.SZ,国创高新,3.98,-2.451,43.58,1671007844.0,189950044.52,252156512.58,442106557.1,62206468.06,3.72,26.46,3645665098.88,日换手率达到20%的前5只证券
20230802,002527.SZ,新时达,11.77,10.0,12.47,739334251.0,109219250.87,86591360.58,195810611.45,-22627890.29,-3.06,26.48,6184530410.41,日涨幅偏离值达到7%的前5只证券
20230802,002630.SZ,华西能源,3.06,-2.8571,37.95,1286178004.0,155095357.87,96867538.38,251962896.25,-58227819.49,-4.53,19.59,3242233725.3,日换手率达到20%的前5只证券
20230802,002647.SZ,仁东控股,6.47,10.034,11.41,406209872.0,23394088.0,66581426.01,89975514.01,43187338.01,10.63,22.15,3622790125.5,日涨幅偏离值达到7%的前5只证券
20230802,002703.SZ,浙江世宝,17.38,10.0,22.91,2056208230.0,118852972.03,238134176.66,356987148.69,119281204.63,5.8,17.36,9612188483.26,日振幅值达到15%的前5只证券
20230802,111015.SH,东亚转债,139.623,39.623,,158577510.0,38086129.0,44878050.0,82964179.0,6791921.0,4.28,52.32,,向不特定对象发行的可转债上市首日交易公开信息
20230802,118037.SH,上声转债,188.76,20.0,,295120400.0,54306989.0,58777420.0,113084409.0,4470431.0,1.51,38.32,,"非上市首日,当日收盘价涨幅达15%的前五只可转债"
20230802,123204.SZ,金丹转债,129.989,29.989,,93979245.0,39306775.32,34160960.0,73467735.32,-5145815.32,-5.48,78.17,,上市首日可转债
20230802,128079.SZ,英联转债,171.6,20.0,,4143944010.0,894778972.47,893648566.76,1788427539.23,-1130405.71,-0.03,43.16,,日涨幅达到15%的前5只可转债
20230802,300417.SZ,南华仪器,13.15,19.9818,15.96,169274059.0,22816172.35,52246747.5,75062919.85,29430575.15,17.39,44.34,1119237777.85,日涨幅达到15%的前5只证券
20230802,301141.SZ,中科磁业,71.01,-2.7127,55.41,845172746.0,67462111.14,59837379.81,127299490.95,-7624731.33,-0.9,15.06,1439481629.34,日换手率达到30%的前5只证券
20230802,301172.SZ,君逸数码,40.8,-7.0827,54.03,604577163.0,46693827.05,42186166.07,88879993.12,-4507660.98,-0.75,14.7,1128738895.2,日换手率达到30%的前5只证券
20230802,301289.SZ,国缆检测,52.34,19.9908,45.2,588186063.0,136106618.16,42971307.98,179077926.14,-93135310.18,-15.83,30.45,1326813818.34,日涨幅达到15%的前5只证券
20230802,301289.SZ,国缆检测,52.34,19.9908,45.2,900121252.0,175521853.16,103926907.78,279448760.94,-71594945.38,-7.95,31.05,1326813818.34,连续三个交易日内，涨幅偏离值累计达到30%的证券
20230802,301315.SZ,威士顿,79.09,2.9818,68.27,1098525411.0,104452082.1,104820448.95,209272531.05,368366.85,0.03,19.05,1650126088.27,日换手率达到30%的前5只证券
20230802,301398.SZ,星源卓镁,80.35,-4.6856,53.69,841041636.0,68158149.47,73875512.31,142033661.78,5717362.84,0.68,16.89,1555355519.6,日换手率达到30%的前5只证券
20230802,301499.SZ,维科精密,50.93,20.0047,74.04,1039084468.0,58373217.48,158219287.48,216592504.96,99846070.0,9.61,20.84,1669575749.82,日振幅值达到30%的前5只证券
20230802,600105.SH,永鼎股份,7.34,5.3085,27.31,2847412153.0,171852467.68,197283260.55,369135728.23,25430792.87,0.89,12.96,10137299638.62,有价格涨跌幅限制的日换手率达到20%的前五只证券
20230802,600239.SH,云南城投,3.21,9.9315,1.79,425917508.0,61454377.0,74631697.3,136086074.3,13177320.3,3.09,31.95,5154254977.89,非ST、*ST和S证券连续三个交易日内收盘价格涨幅偏离值累计达到20%的证券
20230802,600468.SH,百利电气,6.3,9.9476,1.44,377357595.0,21950985.0,78419256.12,100370241.12,56468271.12,14.96,26.6,6852732522.3,非ST、*ST和S证券连续三个交易日内收盘价格涨幅偏离值累计达到20%的证券
20230802,600531.SH,豫光金铅,8.06,5.3595,20.25,3177735979.0,299026951.45,326581338.07,625608289.52,27554386.62,0.87,19.69,8787355630.04,非ST、*ST和S证券连续三个交易日内收盘价格涨幅偏离值累计达到20%的证券
20230802,600595.SH,中孚实业,3.61,10.061,9.82,1394155503.0,326581183.41,117992997.12,444574180.53,-208588186.29,-14.96,31.89,14312134211.54,有价格涨跌幅限制的日收盘价格涨幅偏离值达到7%的前五只证券
20230802,600595.SH,中孚实业,3.61,10.061,9.82,1701325764.0,376965653.92,132692320.55,509657974.47,-244273333.37,-14.36,29.96,14312134211.54,非ST、*ST和S证券连续三个交易日内收盘价格涨幅偏离值累计达到20%的证券
20230802,600734.SH,ST实达,4.23,4.9628,1.51,173575017.0,40438210.0,16304894.0,56743104.0,-24133316.0,-13.9,32.69,8884509344.37,ST、*ST证券连续三个交易日内收盘价格涨幅偏离值累计达到12%的证券
20230802,600734.SH,实达集团,4.23,4.9628,1.51,173575017.0,40438210.0,16304894.0,56743104.0,-24133316.0,-13.9,32.69,8884509344.37,ST、*ST证券连续三个交易日内收盘价格涨幅偏离值累计达到12%的证券
20230802,600906.SH,财达证券,9.75,10.0451,20.87,2615145344.0,228018505.1,196211348.7,424229853.8,-31807156.4,-1.22,16.22,12796430400.0,有价格涨跌幅限制的日收盘价格涨幅偏离值达到7%的前五只证券
20230802,600906.SH,财达证券,9.75,10.0451,20.87,4540216662.0,367634909.14,258454060.8,626088969.94,-109180848.34,-2.4,13.79,12796430400.0,非ST、*ST和S证券连续三个交易日内收盘价格涨幅偏离值累计达到20%的证券
20230802,601005.SH,重庆钢铁,1.75,-8.377,7.39,1102945373.0,103297910.97,63434109.08,166732020.05,-39863801.89,-3.61,15.12,14665831367.25,有价格涨跌幅限制的日收盘价格跌幅偏离值达到7%的前五只证券
20230802,601099.SH,太平洋,4.45,3.4884,29.22,8750351451.0,733324480.87,625201305.14,1358525786.01,-108123175.73,-1.24,15.53,30332607846.5,有价格涨跌幅限制的日换手率达到20%的前五只证券
20230802,601136.SH,首创证券,18.25,2.8169,29.21,1467873129.0,128347998.72,143883170.37,272231169.09,15535171.65,1.06,18.55,4988341850.0,有价格涨跌幅限制的日换手率达到20%的前五只证券
20230802,601777.SH,力帆科技,4.8,10.0917,8.45,879920820.0,84574988.06,82541182.52,167116170.58,-2033805.54,-0.23,18.99,10802160000.0,有价格涨跌幅限制的日收盘价格涨幅偏离值达到7%的前五只证券
20230802,601777.SH,力帆科技,4.8,10.0917,8.45,1144582271.0,117546655.83,104260081.08,221806736.91,-13286574.75,-1.16,19.38,10802160000.0,非ST、*ST和S证券连续三个交易日内收盘价格涨幅偏离值累计达到20%的证券
20230802,603496.SH,恒为科技,19.64,10.028,7.0,431776427.0,69916646.2,92037379.6,161954025.8,22120733.4,5.12,37.51,6288909532.52,有价格涨跌幅限制的日收盘价格涨幅偏离值达到7%的前五只证券
20230802,603536.SH,惠发食品,8.81,9.9875,10.6,272703909.0,33996370.5,35165918.3,69162288.8,1169547.8,0.43,25.36,2155298663.0,非ST、*ST和S证券连续三个交易日内收盘价格涨幅偏离值累计达到20%的证券
20230802,603590.SH,康辰药业,32.88,-8.0794,3.59,193957583.0,82184975.22,31128273.0,113313248.22,-51056702.22,-26.32,58.42,5260800000.0,有价格涨跌幅限制的日收盘价格跌幅偏离值达到7%的前五只证券
20230802,603682.SH,锦和商管,6.91,-8.1117,16.24,543574061.0,46079529.0,53623679.8,99703208.8,7544150.8,1.39,18.34,3264975000.0,有价格涨跌幅限制的日收盘价格跌幅偏离值达到7%的前五只证券
20230802,603828.SH,ST柯利达,4.24,10.1299,14.42,355630883.0,34253924.61,43251269.3,77505193.91,8997344.69,2.53,21.79,2526784010.0,有价格涨跌幅限制的日收盘价格涨幅偏离值达到7%的前五只证券
20230802,603828.SH,柯利达,4.24,10.1299,14.42,355630883.0,34253924.61,43251269.3,77505193.91,8997344.69,2.53,21.79,2526784010.0,有价格涨跌幅限制的日收盘价格涨幅偏离值达到7%的前五只证券
20230802,605162.SH,新中港,10.52,1.0567,31.37,335413053.0,30330395.0,23223394.0,53553789.0,-7107001.0,-2.12,15.97,1067043074.0,有价格涨跌幅限制的日换手率达到20%的前五只证券
20230802,605488.SH,福莱新材,15.34,-8.0887,26.75,189625206.0,36069749.48,29655548.4,65725297.88,-6414201.08,-3.38,34.66,667290000.0,有价格涨跌幅限制的日收盘价格跌幅偏离值达到7%的前五只证券
20230802,837592.BJ,华信永道,13.25,4.1667,32.07,64289000.0,13346177.04,10391795.39,23737972.43,-2954381.65,-4.6,36.92,197875182.0,当日换手率达到20%的前5只股票
20230803,000004.SZ,国华网安,20.32,3.252,26.87,646419036.0,50675534.0,41756833.0,92432367.0,-8918701.0,-1.38,14.3,2416390452.96,日换手率达到20%的前5只证券
20230803,000656.SZ,*ST金科,2.6,0.7752,27.1,3627216935.0,343193103.75,284953075.0,628146178.75,-58240028.75,-1.61,17.32,13801777644.2,日换手率达到20%的前5只证券
20230803,000656.SZ,金科股份,2.6,0.7752,27.09,3627216935.0,343193103.75,284953075.0,628146178.75,-58240028.75,-1.61,17.32,13807563684.2,日换手率达到20%的前5只证券
20230803,000890.SZ,法尔胜,5.34,-9.9494,20.94,475789342.0,64771864.78,31681518.29,96453383.07,-33090346.49,-6.95,20.27,2240082185.64,日跌幅偏离值达到7%的前5只证券
20230803,001236.SZ,弘业期货,15.95,3.0362,27.32,430974904.0,65123899.66,61201067.61,126324967.27,-3922832.05,-0.91,29.31,1607405559.1,日换手率达到20%的前5只证券
20230803,002146.SZ,荣盛发展,3.04,10.1449,21.51,2410078013.0,198258336.42,226770531.0,425028867.42,28512194.58,1.18,17.64,11856824907.04,日振幅值达到15%的前5只证券
20230803,002229.SZ,鸿博股份,37.6,3.2683,27.68,5087187731.0,433297060.2,363949140.79,797246200.99,-69347919.41,-1.36,15.67,18542977717.6,日换手率达到20%的前5只证券
20230803,002251.SZ,ST步步高,5.96,9.9631,11.76,575805925.0,36030452.14,115811957.63,151842409.77,79781505.49,13.86,26.37,5148867547.96,日涨幅偏离值达到7%的前5只证券
20230803,002251.SZ,步步高,5.96,9.9631,11.76,575805925.0,36030452.14,115811957.63,151842409.77,79781505.49,13.86,26.37,5148867547.96,日涨幅偏离值达到7%的前5只证券
20230803,002377.SZ,国创高新,3.75,-5.7789,26.52,896597565.0,164697887.56,133471902.95,298169790.51,-31225984.61,-3.48,33.26,3434985960.0,日换手率达到20%的前5只证券
20230803,002535.SZ,林州重机,5.16,10.0213,14.28,355021358.0,17951482.67,57643094.71,75594577.38,39691612.04,11.18,21.29,2566695517.92,日涨幅偏离值达到7%的前5只证券
20230803,002702.SZ,海欣食品,6.3,9.9476,21.21,511535791.0,44945596.2,60607097.35,105552693.55,15661501.15,3.06,20.63,2453534842.5,日涨幅偏离值达到7%的前5只证券
20230803,002719.SZ,麦趣尔,12.88,9.9915,20.77,416239223.0,32301920.54,70446956.0,102748876.54,38145035.46,9.16,24.69,2084915159.6,日涨幅偏离值达到7%的前5只证券
20230803,002724.SZ,海洋王,7.88,-7.1849,2.15,97986908.0,50779165.0,12724007.0,63503172.0,-38055158.0,-38.84,64.81,4499323392.88,日跌幅偏离值达到7%的前5只证券
20230803,113671.SH,武进转债,157.3,57.3,,99248620.0,46927279.0,27713300.0,74640579.0,-19213979.0,-19.36,75.21,,向不特定对象发行的可转债上市首日交易公开信息
20230803,123200.SZ,海泰转债,217.733,20.0001,,2897263918.0,775365118.15,771660006.49,1547025124.64,-3705111.66,-0.13,53.4,,日涨幅达到15%的前5只可转债
20230803,300149.SZ,睿智医药,9.47,18.8206,12.31,568264743.0,136289534.14,81726588.22,218016122.36,-54562945.92,-9.6,38.37,4724649214.24,日涨幅达到15%的前5只证券
20230803,300169.SZ,天晟新材,8.48,19.9434,47.54,1120282053.0,66058365.47,115983594.79,182041960.26,49925229.32,4.46,16.25,2558719431.36,日涨幅达到15%的前5只证券
20230803,300583.SZ,赛托生物,34.27,15.3872,7.99,270695498.0,33901904.76,16926725.32,50828630.08,-16975179.44,-6.27,18.78,3577344786.09,日涨幅达到15%的前5只证券
20230803,300892.SZ,品渥食品,30.96,20.0,40.59,373135088.0,31258686.74,59501692.14,90760378.88,28243005.4,7.57,24.32,979845300.0,日涨幅达到15%的前5只证券
20230803,301315.SZ,威士顿,80.8,2.1621,62.31,1036159226.0,138813143.31,94229596.5,233042739.81,-44583546.81,-4.3,22.49,1685803362.4,日换手率达到30%的前5只证券
20230803,301316.SZ,慧博云通,30.3,9.6634,57.41,642449357.0,39533988.3,61477751.24,101011739.54,21943762.94,3.42,15.72,1185782531.1,日换手率达到30%的前5只证券
20230803,301316.SZ,慧博云通,30.3,9.6634,57.41,1527062491.0,135726056.2,136205104.84,271931161.04,479048.64,0.03,17.81,1185782531.1,连续三个交易日内，涨幅偏离值累计达到30%的证券
20230803,301386.SZ,未来电器,31.93,15.7303,54.88,540283557.0,39443751.32,31744759.3,71188510.62,-7698992.02,-1.42,13.18,1059914817.36,日涨幅达到15%的前5只证券
20230803,301499.SZ,维科精密,49.5,-2.8078,61.09,1005777714.0,127456910.4,114610821.18,242067731.58,-12846089.22,-1.28,24.07,1622697813.0,日换手率达到30%的前5只证券
20230803,301505.SZ,苏州规划,68.38,3.6061,56.5,754226495.0,43067305.72,65595945.36,108663251.08,22528639.64,2.99,14.41,1348152112.58,日换手率达到30%的前5只证券
20230803,301509.SZ,金凯生科,72.52,28.2178,71.1,1091756508.0,36877599.6,91300634.81,128178234.41,54423035.21,4.98,11.74,1479310460.6,无价格涨跌幅限制的证券
20230803,301518.SZ,长华化学,34.82,35.2233,73.69,879905935.0,44081502.44,53332803.62,97414306.06,9251301.18,1.05,11.07,1157537625.4,无价格涨跌幅限制的证券
20230803,301519.SZ,舜禹股份,37.31,13.8889,70.58,976877332.0,69849608.28,104022184.72,173871793.0,34172576.44,3.5,17.8,1456454240.15,日换手率达到30%的前5只证券
20230803,600105.SH,永鼎股份,6.63,-9.673,16.95,1569016469.0,105458776.78,147402650.53,252861427.31,41943873.75,2.67,16.12,9156716158.59,有价格涨跌幅限制的日收盘价格跌幅偏离值达到7%的前五只证券
20230803,600280.SH,中央商场,5.41,7.3413,17.46,1001699556.0,70542949.2,89138102.04,159681051.24,18595152.84,1.86,15.94,6104291203.08,有价格涨跌幅限制的日价格振幅达到15%的前五只证券
20230803,600531.SH,豫光金铅,7.25,-10.0496,13.52,1084887217.0,150677361.65,101071002.43,251748364.08,-49606359.22,-4.57,23.21,7904259096.5,有价格涨跌幅限制的日收盘价格跌幅偏离值达到7%的前五只证券
20230803,600577.SH,精达股份,4.6,-9.9804,12.23,1133555668.0,81080133.17,85327617.02,166407750.19,4247483.85,0.37,14.68,9180751267.8,有价格涨跌幅限制的日收盘价格跌幅偏离值达到7%的前五只证券
20230803,600595.SH,中孚实业,3.25,-9.9723,7.29,948965322.0,79588522.36,82867525.27,162456047.63,3279002.91,0.35,17.12,12884885370.5,有价格涨跌幅限制的日收盘价格跌幅偏离值达到7%的前五只证券
20230803,600613.SH,神奇制药,7.44,10.0592,4.84,171211031.0,13473856.32,42045441.0,55519297.32,28571584.68,16.69,32.43,3603043248.42,有价格涨跌幅限制的日收盘价格涨幅偏离值达到7%的前五只证券
20230803,600743.SH,华远地产,2.5,8.6957,11.22,606051485.0,67294435.2,131198978.88,198493414.08,63904543.68,10.54,32.75,5865252185.0,有价格涨跌幅限制的日价格振幅达到15%的前五只证券
20230803,600906.SH,财达证券,9.83,0.8205,35.27,4634655845.0,282434054.49,289891515.23,572325569.72,7457460.74,0.16,12.35,12901426752.0,有价格涨跌幅限制的日换手率达到20%的前五只证券
20230803,601059.SH,信达证券,18.16,5.0926,34.79,2003435248.0,176507332.82,91678974.61,268186307.43,-84828358.21,-4.23,13.39,5889288000.0,有价格涨跌幅限制的日换手率达到20%的前五只证券
20230803,601099.SH,太平洋,4.56,2.4719,27.62,8322507825.0,709815015.0,646535386.77,1356350401.77,-63279628.23,-0.76,16.3,31082402647.2,有价格涨跌幅限制的日换手率达到20%的前五只证券
20230803,601136.SH,首创证券,20.08,10.0274,43.65,2284370058.0,182048017.43,157508389.0,339556406.43,-24539628.43,-1.07,14.86,5488542704.0,有价格涨跌幅限制的日换手率达到20%的前五只证券
20230803,601456.SH,国联证券,11.65,10.0094,6.84,1888909378.0,389600845.45,279842287.55,669443133.0,-109758557.9,-5.81,35.44,27833401407.2,有价格涨跌幅限制的日收盘价格涨幅偏离值达到7%的前五只证券
20230803,601901.SH,方正证券,7.88,10.0559,3.97,2512028687.0,387561355.61,495916029.42,883477385.03,108354673.81,4.31,35.17,64868958992.6,有价格涨跌幅限制的日收盘价格涨幅偏离值达到7%的前五只证券
20230803,603038.SH,华立股份,11.1,10.0099,2.53,58134208.0,5714280.0,31479489.0,37193769.0,25765209.0,44.32,63.98,2294089136.7,有价格涨跌幅限制的日收盘价格涨幅偏离值达到7%的前五只证券
20230803,603132.SH,金徽股份,13.65,-10.0198,14.59,319765101.0,25148840.29,26725458.11,51874298.4,1576617.82,0.49,16.22,2178540000.0,有价格涨跌幅限制的日收盘价格跌幅偏离值达到7%的前五只证券
20230803,603828.SH,ST柯利达,4.66,9.9057,18.59,858685190.0,73285719.14,64806015.55,138091734.69,-8479703.59,-0.99,16.08,2777078652.5,非ST、*ST和S证券连续三个交易日内收盘价格涨幅偏离值累计达到20%的证券
20230803,603828.SH,柯利达,4.66,9.9057,18.59,858685190.0,73285719.14,64806015.55,138091734.69,-8479703.59,-0.99,16.08,2777078652.5,非ST、*ST和S证券连续三个交易日内收盘价格涨幅偏离值累计达到20%的证券
20230803,605162.SH,新中港,10.77,2.3764,26.61,290395835.0,23362880.0,18020272.0,41383152.0,-5342608.0,-1.84,14.25,1092400561.5,有价格涨跌幅限制的日换手率达到20%的前五只证券
20230803,837592.BJ,华信永道,14.24,7.4717,33.03,67632400.0,8597428.01,10887770.56,19485198.57,2290342.55,3.39,28.81,212659818.24,当日换手率达到20%的前5只股票
20230803,900904.SH,神奇B股,0.674,9.9511,3.52,1277557.0,429204.91,514805.23,944010.14,85600.32,6.7,73.89,3603043248.42,有价格涨跌幅限制的日收盘价格涨幅偏离值达到7%的前五只证券
